period_month,ug_name,uol1_name,uol2_name,servicel1_id,servicel1_name,Nº fichas RFO,Nº SN2 con ficha RFO con status OK,Nº SN2 con dependencias Consumer,Nº SN2 del tipo Aplicación no Hijo,Número de features “deployed” válidas,Número de features “deployed”,Valor de cumplimiento de objetivos en Op Model,Servicios N2 con medición en el modelo objetivo del Op Model,Vulnerab. de alto riesgo por cada mil líneas de códgio,Vulnerab. de alto riesgo por cada mil líneas de códgio mes anterior,Variación de la evolución de vulnerabilidades,Nº  de vulnerabilidades “high”,Nº de Lineas de código ,Nº de vulnerabilidades “high” en el mes anterior,Líneas de código en el mes anterior,Fichas RFO con status OK,SN2 con Dependencias asignadas,Calidad de Features,Cumpliminto objetivo adopción del Op. Model, Evolución de vulnerabilidades,Peso - Fichas RFO con status OK,Peso - SN2 con Dependencias asignadas, Peso - Calidad de Features,Peso - Cumpliminto objetivo adopción del Op. Model,Peso -  Evolución de vulnerabilidades,Distribución pesos si no aplica indicador,% Adopción total,Está certificado? (>= 70%),Nivel de Certificación
mar 25,ARGENTINA,INGENIERÍA & DATA,ALPHA ARCHITECTURE,3572,ALPHA,1,1,1,1,80,81,"1,0",1,"0,0000","0,0000","0,0000",0,54.722,0,54.241,"100,00%","100,00%","98,77%","100,00%","100,00%","0,1300","0,1300","0,1975","0,2700","0,2700","1,0000",100%,1,Level 3
mar 25,ARGENTINA,INGENIERÍA & DATA,DATAHUB ARGENTINA,4343,DATIO-AR RIESGOS Y FINANZAS,1,1,1,1,16,20,"0,0",1,"0,0000","0,0000","0,0000",0,227.906,0,226.363,"100,00%","100,00%","80,00%","0,00%","100,00%","0,1300","0,1300","0,1600","0,0000","0,2700","1,0000",69%,0,Not certified
mar 25,ARGENTINA,INGENIERÍA & DATA,DATAHUB ARGENTINA,4344,DATIO-AR MODELOS LOCALES,1,1,1,1,21,21,"1,0",1,"0,0000","0,0000","0,0000",0,533.864,0,531.235,"100,00%","100,00%","100,00%","100,00%","100,00%","0,1300","0,1300","0,2000","0,2700","0,2700","1,0000",100%,1,Level 3
mar 25,ARGENTINA,INGENIERÍA & DATA,DATAHUB ARGENTINA,4345,DATIO-AR MODELOS GLOBALES,1,1,1,1,125,125,"1,0",1,"0,0000","0,0000","0,0000",0,166.159,0,157.653,"100,00%","100,00%","100,00%","100,00%","100,00%","0,1300","0,1300","0,2000","0,2700","0,2700","1,0000",100%,1,Level 3
mar 25,ARGENTINA,SYSTEMS ENGINEERING,ADQUIRENCIA,416,PA02 MERCHANTS-ACQUIRING / COMERCIOS-ADQUIRENCIA,4,4,4,4,4,4,"2,0",4,"0,0184","0,0187","-1,9524",4,217.933,4,213.678,"100,00%","100,00%","100,00%","50,00%","75,00%","0,1300","0,1300","0,2000","0,1350","0,2025","1,0000",80%,1,Level 1
mar 25,ARGENTINA,SYSTEMS ENGINEERING,ADQUIRENCIA,4851,PA04 BBVA ADQUIRENTE - CICLO DE VIDA COMERCIOS,3,3,3,3,13,13,"0,0",1,"0,0000","0,0000","0,0000",0,30.069,0,30.059,"100,00%","100,00%","100,00%","0,00%","100,00%","0,1300","0,1300","0,2000","0,0000","0,2700","1,0000",73%,1,Level 1
mar 25,ARGENTINA,SYSTEMS ENGINEERING,ADQUIRENCIA,4853,PA03 PSP - MERCURIO,1,1,1,1,6,6,"0,0",1,"0,0000","0,0000","0,0000",0,32.793,0,32.590,"100,00%","100,00%","100,00%","0,00%","100,00%","0,1300","0,1300","0,2000","0,0000","0,2700","1,0000",73%,1,Level 1
mar 25,ARGENTINA,SYSTEMS ENGINEERING,ADQUIRENCIA,5297,PA05 BBVA ADQUIRENTE - TRANSACCIONALIDAD,2,2,2,2,5,5,"1,0",2,"0,0000","0,0000","0,0000",0,6.070,0,6.070,"100,00%","100,00%","100,00%","50,00%","100,00%","0,1300","0,1300","0,2000","0,1350","0,2700","1,0000",87%,1,Level 2
mar 25,ARGENTINA,SYSTEMS ENGINEERING,CANALES EMPRESAS,379,AR02 ENTERPRISE WEB CORE,2,1,2,2,0,0,"0,0",0,"0,0000","0,0000","0,0000",0,0,0,0,"50,00%","100,00%",-,-,-,"0,0650","0,1300",-,-,-,"0,2600",75%,1,Level 1
mar 25,ARGENTINA,SYSTEMS ENGINEERING,CANALES EMPRESAS,381,EB02 ENTERPRISE MOBILE / MOVILES EMPRESAS,1,1,0,1,0,0,"0,0",0,"0,0000","-99,0000","0,0000",0,360.221,0,0,"100,00%","0,00%",-,-,"100,00%","0,1300","0,0000",-,-,"0,2700","0,5300",75%,1,Level 1
mar 25,ARGENTINA,SYSTEMS ENGINEERING,CANALES EMPRESAS,382,EB01 ENTERPRISE WEB / WEB EMPRESAS,4,4,1,4,9,9,"0,0",1,"0,0043","0,4154","-98,9586",6,1.387.016,526,1.266.291,"100,00%","25,00%","100,00%","0,00%","100,00%","0,1300","0,0325","0,2000","0,0000","0,2700","1,0000",63%,0,Not certified
mar 25,ARGENTINA,SYSTEMS ENGINEERING,CANALES EMPRESAS,4264,AR37 WEB PUBLICA EMPRESAS,2,1,0,2,0,0,"0,0",0,"0,0000","0,0000","0,0000",0,26.630,0,26.630,"50,00%","0,00%",-,-,"100,00%","0,0650","0,0000",-,-,"0,2700","0,5300",63%,0,Not certified
mar 25,ARGENTINA,SYSTEMS ENGINEERING,CANALES EMPRESAS,4651,EB03 Canales Empresas,5,0,2,5,0,0,"1,0",1,"-99,0000","-99,0000","0,0000",0,0,0,0,"0,00%","40,00%",-,"100,00%",-,"0,0000","0,0520",-,"0,2700",-,"0,5300",61%,0,Not certified
mar 25,ARGENTINA,SYSTEMS ENGINEERING,CANALES EMPRESAS,5963,AR43 OPEN BANKING EMPRESAS,1,1,0,1,1,5,"0,0",0,"0,0000","0,0000","0,0000",0,370,0,370,"100,00%","0,00%","20,00%",-,"100,00%","0,1300","0,0000","0,0400",-,"0,2700","0,7300",60%,0,Not certified
mar 25,ARGENTINA,SYSTEMS ENGINEERING,CANALES EMPRESAS,5964,AR42 ETPB,1,1,1,1,4,4,"0,0",1,"0,0000","0,0000","0,0000",0,14.685,0,12.870,"100,00%","100,00%","100,00%","0,00%","100,00%","0,1300","0,1300","0,2000","0,0000","0,2700","1,0000",73%,1,Level 1
mar 25,ARGENTINA,SYSTEMS ENGINEERING,CANALES EMPRESAS,6478,AR44 PLATAFORMA SENDA ARG,5,5,3,5,2,4,"0,0",1,"0,0000","0,0000","0,0000",0,39.095,0,31.119,"100,00%","60,00%","50,00%","0,00%","100,00%","0,1300","0,0780","0,1000","0,0000","0,2700","1,0000",58%,0,Not certified
mar 25,ARGENTINA,SYSTEMS ENGINEERING,CANALES EMPRESAS,6479,AR45 HELP DESK ARG,1,1,0,1,0,0,"0,0",0,"-99,0000","-99,0000","0,0000",0,0,0,0,"100,00%","0,00%",-,-,-,"0,1300","0,0000",-,-,-,"0,2600",50%,0,Not certified
mar 25,ARGENTINA,SYSTEMS ENGINEERING,CANALES EMPRESAS,6696,AR46 GEMA ARG,1,1,0,1,0,0,"0,0",0,"0,0000","0,0000","0,0000",0,50.326,0,50.326,"100,00%","0,00%",-,-,"100,00%","0,1300","0,0000",-,-,"0,2700","0,5300",75%,1,Level 1
mar 25,ARGENTINA,SYSTEMS ENGINEERING,CORE PRODUCTS,332,AR21 LOANS SERVICING,2,2,2,2,7,7,"2,0",2,"0,0000","0,0000","0,0000",0,1.111,0,1.111,"100,00%","100,00%","100,00%","100,00%","100,00%","0,1300","0,1300","0,2000","0,2700","0,2700","1,0000",100%,1,Level 3
mar 25,ARGENTINA,SYSTEMS ENGINEERING,CORE PRODUCTS,333,AR20 LOANS / PRÉSTAMOS,3,3,3,3,2,2,"3,0",3,"0,0000","0,0000","0,0000",0,3.038,0,3.038,"100,00%","100,00%","100,00%","100,00%","100,00%","0,1300","0,1300","0,2000","0,2700","0,2700","1,0000",100%,1,Level 3
mar 25,ARGENTINA,SYSTEMS ENGINEERING,CORE PRODUCTS,334,AR25 PEOPLE NEXTGEN,2,2,2,2,11,11,"0,0",1,"0,0000","0,0000","0,0000",0,97.177,0,75.584,"100,00%","100,00%","100,00%","0,00%","100,00%","0,1300","0,1300","0,2000","0,0000","0,2700","1,0000",73%,1,Level 1
mar 25,ARGENTINA,SYSTEMS ENGINEERING,CORE PRODUCTS,335,AR24 PEOPLE LEGACY,4,4,4,4,7,7,"1,5",3,"0,0000","0,0000","0,0000",0,28.478,0,28.462,"100,00%","100,00%","100,00%","50,00%","100,00%","0,1300","0,1300","0,2000","0,1350","0,2700","1,0000",87%,1,Level 2
mar 25,ARGENTINA,SYSTEMS ENGINEERING,CORE PRODUCTS,336,AR22 ACCOUNTS & DEPOSITS / CUENTAS,10,10,10,10,7,7,"6,0",9,"0,0000","0,0000","0,0000",0,121.876,0,121.876,"100,00%","100,00%","100,00%","66,67%","100,00%","0,1300","0,1300","0,2000","0,1800","0,2700","1,0000",91%,1,Level 3
mar 25,ARGENTINA,SYSTEMS ENGINEERING,CORE PRODUCTS,337,AR23 PEOPLE SERVICING,5,5,5,5,14,14,"3,0",3,"0,0000","-99,0000","0,0000",0,197.080,0,0,"100,00%","100,00%","100,00%","100,00%","100,00%","0,1300","0,1300","0,2000","0,2700","0,2700","1,0000",100%,1,Level 3
mar 25,ARGENTINA,SYSTEMS ENGINEERING,CORE PRODUCTS,338,AR26 SERVICIOS PASIVOS,6,6,6,6,8,8,"6,0",6,"-99,0000","-99,0000","0,0000",0,0,0,0,"100,00%","100,00%","100,00%","100,00%",-,"0,1300","0,1300","0,2000","0,2700",-,"0,7300",100%,1,Level 3
mar 25,ARGENTINA,SYSTEMS ENGINEERING,CORE PRODUCTS,4266,AR29 PRENDARIOS / HIPOTECARIOS,2,2,2,2,4,4,"2,0",2,"-99,0000","-99,0000","0,0000",0,0,0,0,"100,00%","100,00%","100,00%","100,00%",-,"0,1300","0,1300","0,2000","0,2700",-,"0,7300",100%,1,Level 3
mar 25,ARGENTINA,SYSTEMS ENGINEERING,CORPORATE FUNCTIONS,186,CF06 FINANCE / FINANZAS,13,13,13,13,5,5,"6,0",6,"-99,0000","-99,0000","0,0000",0,0,0,0,"100,00%","100,00%","100,00%","100,00%",-,"0,1300","0,1300","0,2000","0,2700",-,"0,7300",100%,1,Level 3
mar 25,ARGENTINA,SYSTEMS ENGINEERING,CORPORATE FUNCTIONS,187,CF07 PROCUREMENT,6,6,6,6,9,9,"0,5",3,"0,0000","0,0000","0,0000",0,85.751,0,85.643,"100,00%","100,00%","100,00%","16,67%","100,00%","0,1300","0,1300","0,2000","0,0450","0,2700","1,0000",78%,1,Level 1
mar 25,ARGENTINA,SYSTEMS ENGINEERING,CORPORATE FUNCTIONS,189,AR36 LOCAL SERVICES,9,9,8,9,2,2,"0,5",4,"0,0140","0,0140","-0,3616",9,644.628,9,642.297,"100,00%","88,89%","100,00%","12,50%","75,00%","0,1300","0,1156","0,2000","0,0338","0,2025","1,0000",68%,0,Not certified
mar 25,ARGENTINA,SYSTEMS ENGINEERING,CORPORATE FUNCTIONS,190,CF02 COMPLIANCE,7,7,2,7,17,17,"0,5",2,"0,1148","0,1147","0,0910",14,121.932,14,122.043,"100,00%","28,57%","100,00%","25,00%","25,00%","0,1300","0,0371","0,2000","0,0675","0,0675","1,0000",50%,0,Not certified
mar 25,ARGENTINA,SYSTEMS ENGINEERING,CORPORATE FUNCTIONS,191,CF03 LEGAL,1,1,0,1,0,0,"1,0",1,"0,0000","0,0000","0,0000",0,16,0,16,"100,00%","0,00%",-,"100,00%","100,00%","0,1300","0,0000",-,"0,2700","0,2700","0,8000",84%,1,Level 2
mar 25,ARGENTINA,SYSTEMS ENGINEERING,CORPORATE FUNCTIONS,192,AR19 DIGITALIZACIÓN DE IMAGENES,3,3,2,3,5,6,"1,0",2,"0,0000","0,0000","0,0000",0,150.053,0,148.359,"100,00%","66,67%","83,33%","50,00%","100,00%","0,1300","0,0867","0,1667","0,1350","0,2700","1,0000",79%,1,Level 1
mar 25,ARGENTINA,SYSTEMS ENGINEERING,CORPORATE FUNCTIONS,193,AR18 AUTOMATIZACIÓN DE PROCESOS,1,1,1,1,5,5,"0,0",0,"0,0000","0,0000","0,0000",0,27,0,27,"100,00%","100,00%","100,00%",-,"100,00%","0,1300","0,1300","0,2000",-,"0,2700","0,7300",100%,1,Level 3
mar 25,ARGENTINA,SYSTEMS ENGINEERING,CORPORATE FUNCTIONS,194,AR17 ENGINEERING SERVICES,11,11,10,12,5,5,"2,0",3,"0,0140","0,0147","-4,7840",4,285.495,4,271.837,"100,00%","83,33%","100,00%","66,67%","75,00%","0,1300","0,1083","0,2000","0,1800","0,2025","1,0000",82%,1,Level 2
mar 25,ARGENTINA,SYSTEMS ENGINEERING,CORPORATE FUNCTIONS,195,CF01 TALENT & CULTURA,17,17,13,13,4,4,"1,0",7,"0,0790","0,1104","-28,4687",75,949.729,102,923.921,"100,00%","100,00%","100,00%","14,29%","100,00%","0,1300","0,1300","0,2000","0,0386","0,2700","1,0000",77%,1,Level 1
mar 25,ARGENTINA,SYSTEMS ENGINEERING,CORPORATE FUNCTIONS,4265,AR38 SALUD FINANCIERA,2,2,1,2,1,1,"0,0",0,"0,0000","0,0000","0,0000",0,18.184,0,17.592,"100,00%","50,00%","100,00%",-,"100,00%","0,1300","0,0650","0,2000",-,"0,2700","0,7300",91%,1,Level 3
mar 25,ARGENTINA,SYSTEMS ENGINEERING,STAFFING Y METODOLOGÍA,149,AR35 BRANCHES / OFICINAS OPERATORIA,3,3,3,3,0,0,"1,0",1,"0,0045","0,0045","0,0000",18,3.992.352,18,3.992.352,"100,00%","100,00%",-,"100,00%","50,00%","0,1300","0,1300",-,"0,2700","0,1350","0,8000",83%,1,Level 2
mar 25,ARGENTINA,SYSTEMS ENGINEERING,SWF CASH,140,AR28 PAGOS Y COBROS,12,12,10,12,5,5,"10,0",11,"0,0000","0,0000","0,0000",0,32.785,0,32.785,"100,00%","83,33%","100,00%","90,91%","100,00%","0,1300","0,1083","0,2000","0,2455","0,2700","1,0000",95%,1,Level 3
mar 25,ARGENTINA,SYSTEMS ENGINEERING,SWF CASH,141,AR27 GESTIÓN DE CHEQUES,3,3,3,3,26,26,"1,0",3,"0,2609","0,3261","-19,9948",12,45.997,12,36.800,"100,00%","100,00%","100,00%","33,33%","0,00%","0,1300","0,1300","0,2000","0,0900","0,0000","1,0000",55%,0,Not certified
mar 25,ARGENTINA,SYSTEMS ENGINEERING,SWF CASH,142,PE01 PENSIONS,9,9,9,9,4,6,"4,0",4,"0,0000","0,0000","0,0000",0,105.907,0,105.907,"100,00%","100,00%","66,67%","100,00%","100,00%","0,1300","0,1300","0,1333","0,2700","0,2700","1,0000",93%,1,Level 3
mar 25,ARGENTINA,SYSTEMS ENGINEERING,SWF CASH,188,CF05 RISKS / RIESGOS MAYORISTA,15,15,5,15,9,10,"9,0",9,"0,0000","0,0000","0,0000",0,85.424,0,80.428,"100,00%","33,33%","90,00%","100,00%","100,00%","0,1300","0,0433","0,1800","0,2700","0,2700","1,0000",89%,1,Level 2
mar 25,ARGENTINA,SYSTEMS ENGINEERING,SWF CASH,380,PA01 INTERBANK PAYMENTS / PAGOS INTERBANKING,3,3,1,3,0,0,"2,0",2,"0,0000","0,0000","0,0000",0,17,0,17,"100,00%","33,33%",-,"100,00%","100,00%","0,1300","0,0433",-,"0,2700","0,2700","0,8000",89%,1,Level 2
mar 25,ARGENTINA,SYSTEMS ENGINEERING,SWF COMEX Y MERCADOS,433,CIB04 IT CIB CORE OPERATIONS,4,4,4,4,18,18,"0,0",1,"0,0000","0,0000","0,0000",0,38.375,0,38.375,"100,00%","100,00%","100,00%","0,00%","100,00%","0,1300","0,1300","0,2000","0,0000","0,2700","1,0000",73%,1,Level 1
mar 25,ARGENTINA,SYSTEMS ENGINEERING,SWF COMEX Y MERCADOS,435,AR16 COMERCIO EXTERIOR,12,12,12,12,18,18,"9,0",10,"0,0000","0,0000","0,0000",0,10.072,0,9.713,"100,00%","100,00%","100,00%","90,00%","100,00%","0,1300","0,1300","0,2000","0,2430","0,2700","1,0000",97%,1,Level 3
mar 25,ARGENTINA,SYSTEMS ENGINEERING,SWF MEDIOS DE PAGO,409,AR06 COBRANZAS EMISIÓN TC,4,4,0,4,4,4,"2,0",4,"-99,0000","-99,0000","0,0000",0,0,0,0,"100,00%","0,00%","100,00%","50,00%",-,"0,1300","0,0000","0,2000","0,1350",-,"0,7300",64%,0,Not certified
mar 25,ARGENTINA,SYSTEMS ENGINEERING,SWF MEDIOS DE PAGO,410,AR11 ABM Y DISTRIBUCIÓN TC,4,3,2,4,7,7,"2,0",2,"0,0000","0,0000","0,0000",0,19.435,0,19.435,"75,00%","50,00%","100,00%","100,00%","100,00%","0,0975","0,0650","0,2000","0,2700","0,2700","1,0000",90%,1,Level 3
mar 25,ARGENTINA,SYSTEMS ENGINEERING,SWF MEDIOS DE PAGO,411,AR09 BENEFICIOS,3,3,0,3,1,1,"0,5",3,"0,0016","0,0000","0,0000",2,1.284.407,0,1.170.015,"100,00%","0,00%","100,00%","16,67%","100,00%","0,1300","0,0000","0,2000","0,0450","0,2700","1,0000",65%,0,Not certified
mar 25,ARGENTINA,SYSTEMS ENGINEERING,SWF MEDIOS DE PAGO,412,RB04 ATM /CAJEROS AUTOMATICOS,1,1,0,1,0,0,"1,0",1,"-99,0000","-99,0000","0,0000",0,0,0,0,"100,00%","0,00%",-,"100,00%",-,"0,1300","0,0000",-,"0,2700",-,"0,5300",75%,1,Level 1
mar 25,ARGENTINA,SYSTEMS ENGINEERING,SWF MEDIOS DE PAGO,413,AR07 TARJETA DE DÉBITO,1,1,1,1,2,2,"1,0",1,"-99,0000","-99,0000","0,0000",0,0,0,0,"100,00%","100,00%","100,00%","100,00%",-,"0,1300","0,1300","0,2000","0,2700",-,"0,7300",100%,1,Level 3
mar 25,ARGENTINA,SYSTEMS ENGINEERING,SWF MEDIOS DE PAGO,414,AR12 CONTABILIDAD TC,3,3,1,3,5,5,"2,0",3,"-99,0000","-99,0000","0,0000",0,0,0,0,"100,00%","33,33%","100,00%","66,67%",-,"0,1300","0,0433","0,2000","0,1800",-,"0,7300",76%,1,Level 1
mar 25,ARGENTINA,SYSTEMS ENGINEERING,SWF MEDIOS DE PAGO,415,AR04 MEDIOS ELECTRONICOS DE PAGOS - MOBILE,2,2,0,2,1,1,"0,5",1,"0,1463","0,1463","-0,0199",11,75.212,11,75.197,"100,00%","0,00%","100,00%","50,00%","75,00%","0,1300","0,0000","0,2000","0,1350","0,2025","1,0000",67%,0,Not certified
mar 25,ARGENTINA,SYSTEMS ENGINEERING,SWF MEDIOS DE PAGO,417,AR05 LOYALTY,2,2,2,2,4,4,"0,5",1,"0,0196","0,0000","0,0000",2,101.940,0,99.877,"100,00%","100,00%","100,00%","50,00%","0,00%","0,1300","0,1300","0,2000","0,1350","0,0000","1,0000",60%,0,Not certified
mar 25,ARGENTINA,SYSTEMS ENGINEERING,SWF MEDIOS DE PAGO,418,AR10 IMPUESTOS TC,2,2,2,2,0,0,"2,0",2,"-99,0000","-99,0000","0,0000",0,0,0,0,"100,00%","100,00%",-,"100,00%",-,"0,1300","0,1300",-,"0,2700",-,"0,5300",100%,1,Level 3
mar 25,ARGENTINA,SYSTEMS ENGINEERING,SWF MEDIOS DE PAGO,6716,AR15 EVOLUCION DIGITAL DE GESTION DE TARJETAS,1,1,0,1,3,3,"0,0",1,"0,0000","0,0000","0,0000",0,13.589,0,12.470,"100,00%","0,00%","100,00%","0,00%","100,00%","0,1300","0,0000","0,2000","0,0000","0,2700","1,0000",60%,0,Not certified
mar 25,ARGENTINA,SYSTEMS ENGINEERING,SWF MODELOS DE ATENCIÓN,136,RB05 RETAIL CONTACT CENTER / CONTACT CENTER PARTICULARES,7,7,6,7,6,6,"1,5",4,"5,8262","5,8267","-0,0081",792,135.937,792,135.926,"100,00%","85,71%","100,00%","37,50%","0,00%","0,1300","0,1114","0,2000","0,1013","0,0000","1,0000",54%,0,Not certified
mar 25,ARGENTINA,SYSTEMS ENGINEERING,SWF MODELOS DE ATENCIÓN,137,AR34 BRANCHES / OFICINAS CRM,7,7,5,7,15,15,"1,0",6,"0,0000","0,0000","0,0000",0,438.544,0,433.878,"100,00%","71,43%","100,00%","16,67%","100,00%","0,1300","0,0929","0,2000","0,0450","0,2700","1,0000",74%,1,Level 1
mar 25,ARGENTINA,SYSTEMS ENGINEERING,SWF MODELOS DE ATENCIÓN,139,AR01 ATS / TERMINAL AUTOSERVICIO,1,1,1,1,5,5,"0,5",1,"0,0000","0,0000","0,0000",0,160.960,0,160.960,"100,00%","100,00%","100,00%","50,00%","100,00%","0,1300","0,1300","0,2000","0,1350","0,2700","1,0000",87%,1,Level 2
mar 25,ARGENTINA,SYSTEMS ENGINEERING,SWF MODELOS DE ATENCIÓN,4263,RB07 CONTACT CENTER / GESTION DE MORA,4,4,4,4,14,14,"1,5",3,"0,0000","0,0000","0,0000",0,875.061,0,848.303,"100,00%","100,00%","100,00%","50,00%","100,00%","0,1300","0,1300","0,2000","0,1350","0,2700","1,0000",87%,1,Level 2
mar 25,ARGENTINA,SYSTEMS ENGINEERING,SWF MODELOS DE ATENCIÓN,5854,AR41 TRAFFIC GENERATION & MARKETING AUTOMATION,1,1,1,1,0,0,"1,0",1,"0,0000","0,0000","0,0000",0,13.547,0,1.003,"100,00%","100,00%",-,"100,00%","100,00%","0,1300","0,1300",-,"0,2700","0,2700","0,8000",100%,1,Level 3
mar 25,ARGENTINA,SYSTEMS ENGINEERING,SWF VENTAS,5193,"AR39 PRÉSTAMOS, ADELANTOS E INVERSIONES",4,4,4,4,0,0,"1,0",1,"-99,0000","-99,0000","0,0000",0,0,0,0,"100,00%","100,00%",-,"100,00%",-,"0,1300","0,1300",-,"0,2700",-,"0,5300",100%,1,Level 3
mar 25,ARGENTINA,SYSTEMS ENGINEERING,SWF VENTAS,5194,RB06 NECESIDADES DIGITALES,2,2,2,2,3,5,"0,0",1,"0,0000","0,0000","0,0000",0,221.251,0,220.380,"100,00%","100,00%","60,00%","0,00%","100,00%","0,1300","0,1300","0,1200","0,0000","0,2700","1,0000",65%,0,Not certified
mar 25,ARGENTINA,SYSTEMS ENGINEERING,SWF VENTAS,5195,AR31 PAQUETES Y TARJETAS,5,5,5,5,6,6,"1,0",1,"-99,0000","-99,0000","0,0000",0,0,0,0,"100,00%","100,00%","100,00%","100,00%",-,"0,1300","0,1300","0,2000","0,2700",-,"0,7300",100%,1,Level 3
mar 25,ARGENTINA,SYSTEMS ENGINEERING,SWF VENTAS,5196,AR33 PRODUCTOS NO CREDITICIOS,4,4,4,4,3,3,"0,0",1,"0,0019","0,0019","-1,3386",3,1.598.651,3,1.577.251,"100,00%","100,00%","100,00%","0,00%","100,00%","0,1300","0,1300","0,2000","0,0000","0,2700","1,0000",73%,1,Level 1
mar 25,ARGENTINA,SYSTEMS ENGINEERING,SWF VENTAS,5197,AR40 PRODUCTIVIDAD,1,1,1,1,0,0,"0,0",0,"0,0000","0,0000","0,0000",0,1.715,0,1.715,"100,00%","100,00%",-,-,"100,00%","0,1300","0,1300",-,-,"0,2700","0,5300",100%,1,Level 3
mar 25,ARGENTINA,SYSTEMS ENGINEERING,SWF VENTAS,5198,AR32 MOTOR DE RIESGOS,2,2,2,2,3,3,"0,0",1,"0,0000","0,0000","0,0000",0,164.381,0,160.610,"100,00%","100,00%","100,00%","0,00%","100,00%","0,1300","0,1300","0,2000","0,0000","0,2700","1,0000",73%,1,Level 1
mar 25,ARGENTINA,SYSTEMS ENGINEERING,SWF VENTAS,6161,AR47 FORMULARIOS Y CONTRATOS DIGITALES,2,2,1,3,13,13,"2,0",3,"0,0000","0,0000","0,0000",0,42.676,0,42.676,"100,00%","33,33%","100,00%","66,67%","100,00%","0,1300","0,0433","0,2000","0,1800","0,2700","1,0000",82%,1,Level 2
mar 25,ARGENTINA,SYSTEMS ENGINEERING,SWF VENTAS,7145,AR03 PRESTAMOS HIPOTECARIOS,3,3,1,3,3,3,"3,0",3,"-99,0000","-99,0000","0,0000",0,0,0,0,"100,00%","33,33%","100,00%","100,00%",-,"0,1300","0,0433","0,2000","0,2700",-,"0,7300",88%,1,Level 2
mar 25,ARGENTINA,SYSTEMS ENGINEERING,SWF WEB Y MOBILE,229,RB02 RETAIL MOBILE / MOVILES PARTICULARES,1,1,1,1,5,8,"0,5",1,"0,0000","0,0000","0,0000",0,6.407,0,6.382,"100,00%","100,00%","62,50%","50,00%","100,00%","0,1300","0,1300","0,1250","0,1350","0,2700","1,0000",79%,1,Level 1
mar 25,ARGENTINA,SYSTEMS ENGINEERING,SWF WEB Y MOBILE,230,RB01 RETAIL WEB / WEBS PARTICULARES,6,6,6,6,15,18,"0,0",2,"0,0000","0,0000","0,0000",0,313.457,0,349.216,"100,00%","100,00%","83,33%","0,00%","100,00%","0,1300","0,1300","0,1667","0,0000","0,2700","1,0000",70%,0,Not certified
mar 25,ARGENTINA,SYSTEMS ENGINEERING,TRANSFORMACIÓN SYSTEMS,6213,TRANSFORMACIÓN NEXTGEN,1,1,0,1,0,0,"0,0",1,"0,0000","0,0000","0,0000",0,133.247,0,81.427,"100,00%","0,00%",-,"0,00%","100,00%","0,1300","0,0000",-,"0,0000","0,2700","0,8000",50%,0,Not certified
mar 25,ARGENTINA,SYSTEMS ENGINEERING,TRANSFORMACIÓN SYSTEMS,6778,PROCESS SYSTEMS ARG,2,0,0,2,0,0,"0,0",0,"-99,0000","-99,0000","0,0000",0,0,0,0,"0,00%","0,00%",-,-,-,"0,0000","0,0000",-,-,-,"0,2600",0%,0,Not certified
mar 25,ARGENTINA,SYSTEMS ENGINEERING,TRANSFORMACIÓN SYSTEMS,6860,DEVOPS AR,2,2,0,2,0,0,"0,0",2,"0,0000","0,0000","0,0000",0,1.162.214,0,202.048,"100,00%","0,00%",-,"0,00%","100,00%","0,1300","0,0000",-,"0,0000","0,2700","0,8000",50%,0,Not certified
mar 25,ARGENTINA,SYSTEMS ENGINEERING,VINCULADAS Y SEGUROS,72,IN01 INSURANCE DISTRIBUTION/CHANNELS WEB,6,6,0,6,0,0,"1,0",1,"0,0000","0,0000","0,0000",0,94.443,0,94.443,"100,00%","0,00%",-,"100,00%","100,00%","0,1300","0,0000",-,"0,2700","0,2700","0,8000",84%,1,Level 2
mar 25,ARGENTINA,SYSTEMS ENGINEERING,VINCULADAS Y SEGUROS,73,AR14 INSURANCE SERVICES,3,3,3,3,1,1,"2,0",2,"-99,0000","-99,0000","0,0000",0,0,0,0,"100,00%","100,00%","100,00%","100,00%",-,"0,1300","0,1300","0,2000","0,2700",-,"0,7300",100%,1,Level 3
mar 25,ARGENTINA,SYSTEMS ENGINEERING,VINCULADAS Y SEGUROS,74,AR13 INSURANCE DISTRIBUTION/CHANNELS CORE,5,1,2,5,0,0,"1,0",1,"-99,0000","-99,0000","0,0000",0,0,0,0,"20,00%","40,00%",-,"100,00%",-,"0,0260","0,0520",-,"0,2700",-,"0,5300",66%,0,Not certified
mar 25,ARGENTINA,SYSTEMS ENGINEERING,VINCULADAS Y SEGUROS,76,AM01 ASSET MANAGEMENT,3,3,3,3,0,0,"0,5",1,"0,0000","0,0000","0,0000",0,36,0,36,"100,00%","100,00%",-,"50,00%","100,00%","0,1300","0,1300",-,"0,1350","0,2700","0,8000",83%,1,Level 2
mar 25,ARGENTINA,SYSTEMS ENGINEERING,VINCULADAS Y SEGUROS,5473,AM02 CONSUMER FINANCE,26,26,24,26,7,7,"6,5",12,"0,2050","0,2080","-1,4698",196,956.216,198,951.775,"100,00%","92,31%","100,00%","54,17%","0,00%","0,1300","0,1200","0,2000","0,1463","0,0000","1,0000",60%,0,Not certified
mar 25,CFE,AUD.LEGAL&CHAIRMAN UNITS,,12,"LEGAL, FUNDACIÓN BBVA….",23,19,15,16,13,13,"11,0",16,"0,2505","0,2966","-15,5366",1.038,4.143.115,1.157,3.900.600,"82,61%","93,75%","100,00%","68,75%","0,00%","0,1074","0,1219","0,2000","0,1856","0,0000","1,0000",61%,0,Not certified
mar 25,CFE,AUD.LEGAL&CHAIRMAN UNITS,,13,AUDIT,6,6,5,5,2,2,"4,0",5,"0,0091","0,0114","-20,0781",6,660.774,7,616.120,"100,00%","100,00%","100,00%","80,00%","100,00%","0,1300","0,1300","0,2000","0,2160","0,2700","1,0000",95%,1,Level 3
mar 25,CFE,AUD.LEGAL&CHAIRMAN UNITS,,16,OTHERS NO CFE,4,4,1,4,0,0,"0,0",4,"0,1730","0,1724","0,3190",629,3.636.532,627,3.636.532,"100,00%","25,00%",-,"0,00%","25,00%","0,1300","0,0325",-,"0,0000","0,0675","0,8000",29%,0,Not certified
mar 25,CFE,AUD.LEGAL&CHAIRMAN UNITS,,17,COMMS,20,16,12,16,9,10,"9,0",14,"0,0338","0,0395","-14,2695",90,2.659.425,93,2.355.936,"80,00%","75,00%","90,00%","64,29%","100,00%","0,1040","0,0975","0,1800","0,1736","0,2700","1,0000",83%,1,Level 2
mar 25,CFE,AUD.LEGAL&CHAIRMAN UNITS,,18,ENGINEERING FOR ENGINEERING,15,13,8,15,17,17,"5,5",11,"0,0204","0,0214","-4,9991",65,3.191.491,65,3.031.946,"86,67%","53,33%","100,00%","50,00%","75,00%","0,1127","0,0693","0,2000","0,1350","0,2025","1,0000",72%,1,Level 1
mar 25,CFE,AUD.LEGAL&CHAIRMAN UNITS,,37,M&A,7,7,2,4,6,7,"5,0",5,"0,0000","0,0000","0,0000",0,5.255,0,5.175,"100,00%","50,00%","85,71%","100,00%","100,00%","0,1300","0,0650","0,1714","0,2700","0,2700","1,0000",91%,1,Level 3
mar 25,CFE,FINANCE,,27,REPORTING REGULATORIO,10,10,11,12,20,20,"4,0",11,"0,0000","0,0000","0,0000",0,791.066,0,789.443,"100,00%","91,67%","100,00%","36,36%","100,00%","0,1300","0,1192","0,2000","0,0982","0,2700","1,0000",82%,1,Level 2
mar 25,CFE,FINANCE,,34,CONSOLIDACIÓN REPORTING Y FISCAL,9,8,7,9,33,34,"6,0",9,"0,0000","0,0000","0,0000",0,6.553.762,0,6.857.643,"88,89%","77,78%","97,06%","66,67%","100,00%","0,1156","0,1011","0,1941","0,1800","0,2700","1,0000",86%,1,Level 2
mar 25,CFE,FINANCE,,42,PROCUREMENT,6,5,5,5,2,2,"3,0",4,"0,0000","0,0000","0,0000",0,743.822,0,743.625,"83,33%","100,00%","100,00%","75,00%","100,00%","0,1083","0,1300","0,2000","0,2025","0,2700","1,0000",91%,1,Level 3
mar 25,CFE,FINANCE,,43,INVEST & COST MANAGEMENT,6,6,6,6,31,36,"2,0",6,"0,0000","0,0000","0,0000",0,2.187.497,0,2.406.650,"100,00%","100,00%","86,11%","33,33%","100,00%","0,1300","0,1300","0,1722","0,0900","0,2700","1,0000",79%,1,Level 1
mar 25,CFE,FINANCE,,45,RENTABILIDAD & PERFORMANCE MANAGEMENT,3,3,4,4,73,73,"1,0",3,"0,0082","0,0178","-53,9110",1,121.720,2,112.199,"100,00%","100,00%","100,00%","33,33%","100,00%","0,1300","0,1300","0,2000","0,0900","0,2700","1,0000",82%,1,Level 2
mar 25,CFE,R&IC,,9,NFR,5,5,4,4,9,9,"1,0",4,"0,0000","0,0000","0,0000",0,726.481,0,712.528,"100,00%","100,00%","100,00%","25,00%","100,00%","0,1300","0,1300","0,2000","0,0675","0,2700","1,0000",80%,1,Level 1
mar 25,CFE,R&IC,,29,CONTROL INTERNO DE RIESGOS,4,4,5,5,14,14,"2,0",5,"0,2144","0,1412","51,8365",153,713.597,101,715.252,"100,00%","100,00%","100,00%","40,00%","0,00%","0,1300","0,1300","0,2000","0,1080","0,0000","1,0000",57%,0,Not certified
mar 25,CFE,R&IC,,30,COMPLIANCE,14,12,9,16,20,20,"5,0",13,"0,0155","0,0203","-23,6066",52,3.358.195,67,3.305.468,"85,71%","56,25%","100,00%","38,46%","100,00%","0,1114","0,0731","0,2000","0,1038","0,2700","1,0000",76%,1,Level 1
mar 25,CFE,R&IC,,4911,CROSS DATA & AML,0,0,1,1,16,17,"0,0",1,"0,0000","0,0000","0,0000",0,15.773,0,13.068,-,"100,00%","94,12%","0,00%","100,00%",-,"0,1300","0,1882","0,0000","0,2700","0,8700",68%,0,Not certified
mar 25,CFE,R&IC,,6151,SCREENING & TRANSACTION MONITORING AML,4,4,0,6,16,18,"4,0",5,"0,0000","0,0000","0,0000",0,72.234,0,72.210,"100,00%","0,00%","88,89%","80,00%","100,00%","0,1300","0,0000","0,1778","0,2160","0,2700","1,0000",79%,1,Level 1
mar 25,CFE,R&IC,,7051,REPORTING FRAUDE,1,1,0,1,0,0,"0,0",0,"0,0000","0,0000","0,0000",0,367.477,0,367.477,"100,00%","0,00%",-,-,"100,00%","0,1300","0,0000",-,-,"0,2700","0,5300",75%,1,Level 1
mar 25,CFE,RISK,,6,RETAIL CREDIT RISK,0,0,2,3,44,44,"0,5",3,"0,0000","0,0000","0,0000",0,491.074,0,487.728,-,"66,67%","100,00%","16,67%","100,00%",-,"0,0867","0,2000","0,0450","0,2700","0,8700",69%,0,Not certified
mar 25,CFE,RISK,,7,PROVISIONES,3,3,2,3,30,30,"0,0",3,"0,0000","0,0000","0,0000",0,694.573,0,698.586,"100,00%","66,67%","100,00%","0,00%","100,00%","0,1300","0,0867","0,2000","0,0000","0,2700","1,0000",69%,0,Not certified
mar 25,CFE,RISK,,28,OTHER RISKS,15,14,11,15,22,23,"10,0",13,"0,0025","0,0000","0,0000",5,1.965.970,0,1.962.282,"93,33%","73,33%","95,65%","76,92%","100,00%","0,1213","0,0953","0,1913","0,2077","0,2700","1,0000",89%,1,Level 2
mar 25,CFE,RISK,,31,WHOLESALE CREDIT RISK,11,10,10,10,81,83,"9,0",11,"0,0000","0,0000","0,0000",0,1.857.257,0,1.972.410,"90,91%","100,00%","97,59%","81,82%","100,00%","0,1182","0,1300","0,1952","0,2209","0,2700","1,0000",93%,1,Level 3
mar 25,CFE,RISK,,38,ESG & REPORTING & ANALYTICS,6,5,1,9,68,68,"2,0",8,"0,0000","0,0009","-100,0000",0,1.094.187,1,1.088.541,"83,33%","11,11%","100,00%","25,00%","100,00%","0,1083","0,0144","0,2000","0,0675","0,2700","1,0000",66%,0,Not certified
mar 25,CFE,RISK,,46,CAPITAL,10,10,5,10,38,39,"6,5",8,"0,0000","0,0000","0,0000",0,709.155,0,697.096,"100,00%","50,00%","97,44%","81,25%","100,00%","0,1300","0,0650","0,1949","0,2194","0,2700","1,0000",88%,1,Level 2
mar 25,CFE,T&C,,11,TALENT MANAGEMENT,21,16,15,16,17,18,"13,0",18,"0,0012","0,0036","-67,7442",4,3.409.461,9,2.474.438,"76,19%","93,75%","94,44%","72,22%","100,00%","0,0990","0,1219","0,1889","0,1950","0,2700","1,0000",87%,1,Level 2
mar 25,CFE,T&C,,41,PREMISES & SERVICES,24,20,19,21,1,1,"14,0",18,"0,1316","0,0934","40,9757",342,2.598.303,153,1.638.700,"83,33%","90,48%","100,00%","77,78%","0,00%","0,1083","0,1176","0,2000","0,2100","0,0000","1,0000",64%,0,Not certified
mar 25,CFE,T&C,,47,WORKFORCE ADMINISTRATION,2,2,1,1,9,9,"1,0",2,"0,0220","0,0219","0,5110",13,591.804,13,594.828,"100,00%","100,00%","100,00%","50,00%","25,00%","0,1300","0,1300","0,2000","0,1350","0,0675","1,0000",66%,0,Not certified
mar 25,CFE,T&C,,5028,WORKFORCE RECRUITING-TALENT,2,2,0,1,8,9,"3,0",3,"0,0000","0,0000","0,0000",0,3.254,0,12,"100,00%","0,00%","88,89%","100,00%","100,00%","0,1300","0,0000","0,1778","0,2700","0,2700","1,0000",85%,1,Level 2
mar 25,CIB,CIB  ENGINEERING,SW CROSS,4921,CIB DATAHUB & EXECUTION,1,1,1,1,355,370,"0,0",1,"0,0047","0,0053","-12,6691",6,1.287.918,6,1.124.750,"100,00%","100,00%","95,95%","0,00%","100,00%","0,1300","0,1300","0,1919","0,0000","0,2700","1,0000",72%,1,Level 1
mar 25,CIB,CIB  ENGINEERING,SW CROSS,4985,CIB RISK DATA,3,3,3,3,32,33,"0,0",3,"0,0932","0,1381","-32,5311",95,1.019.622,140,1.013.789,"100,00%","100,00%","96,97%","0,00%","100,00%","0,1300","0,1300","0,1939","0,0000","0,2700","1,0000",72%,1,Level 1
mar 25,CIB,CIB  ENGINEERING,SW CROSS,5010,CIB FINANCE PLATFORMS,2,2,2,2,1,1,"0,0",1,"0,0000","0,0000","0,0000",0,2.098.660,0,26.246,"100,00%","100,00%","100,00%","0,00%","100,00%","0,1300","0,1300","0,2000","0,0000","0,2700","1,0000",73%,1,Level 1
mar 25,CIB,CIB  ENGINEERING,SW CROSS,5012,CIB LIQUIDITY & ADMISSION,7,4,2,8,10,27,"4,0",7,"0,0262","0,0295","-11,3586",760,29.035.783,837,28.345.347,"57,14%","25,00%","37,04%","57,14%","100,00%","0,0743","0,0325","0,0741","0,1543","0,2700","1,0000",61%,0,Not certified
mar 25,CIB,CIB  ENGINEERING,SW CROSS,5161,CIB SUSTAINABILITY & BUSINESS SOL,24,22,23,23,54,57,"7,0",17,"0,3988","0,6383","-37,5256",3.934,9.864.495,6.249,9.789.329,"91,67%","100,00%","94,74%","41,18%","0,00%","0,1192","0,1300","0,1895","0,1112","0,0000","1,0000",55%,0,Not certified
mar 25,CIB,CIB  ENGINEERING,SW CROSS,7517,ANALYTICS,1,0,1,1,0,0,"0,0",0,"-99,0000","-99,0000","0,0000",0,0,0,0,"0,00%","100,00%",-,-,-,"0,0000","0,1300",-,-,-,"0,2600",50%,0,Not certified
mar 25,CIB,CIB  ENGINEERING,SW DELIVERY,39,RISKS,26,23,20,25,77,88,"5,0",18,"0,0314","0,0021","1398,7342",405,12.906.096,17,8.119.203,"88,46%","80,00%","87,50%","27,78%","0,00%","0,1150","0,1040","0,1750","0,0750","0,0000","1,0000",47%,0,Not certified
mar 25,CIB,CIB  ENGINEERING,SW DELIVERY,448,REGULATORY & ONBOARDING,25,18,14,23,56,68,"12,0",17,"0,0289","0,0267","8,2323",312,10.805.976,308,11.545.616,"72,00%","60,87%","82,35%","70,59%","25,00%","0,0936","0,0791","0,1647","0,1906","0,0675","1,0000",60%,0,Not certified
mar 25,CIB,CIB  ENGINEERING,SW DELIVERY,449,"REF. DATA, TRADE & GLOBAL FINANCE",14,13,11,13,12,13,"5,0",7,"0,1404","0,0812","72,9509",1.434,10.210.145,796,9.802.088,"92,86%","84,62%","92,31%","71,43%","0,00%","0,1207","0,1100","0,1846","0,1929","0,0000","1,0000",61%,0,Not certified
mar 25,CIB,CIB  ENGINEERING,SW DELIVERY,450,EQUITIES,24,23,14,16,23,29,"12,0",20,"0,0118","0,0002","4980,0625",67,5.674.395,1,4.302.430,"95,83%","87,50%","79,31%","60,00%","0,00%","0,1246","0,1138","0,1586","0,1620","0,0000","1,0000",56%,0,Not certified
mar 25,CIB,CIB  ENGINEERING,SW DELIVERY,451,ACCOUNTING & REDEXT,6,6,5,6,26,28,"2,0",4,"0,0000","0,0000","0,0000",0,29.936,0,27.588,"100,00%","83,33%","92,86%","50,00%","100,00%","0,1300","0,1083","0,1857","0,1350","0,2700","1,0000",83%,1,Level 2
mar 25,CIB,CIB  ENGINEERING,SW DELIVERY,452,FX,18,17,7,13,13,23,"3,0",8,"0,0010","0,0010","-0,9902",2,2.081.904,2,2.061.288,"94,44%","53,85%","56,52%","37,50%","100,00%","0,1228","0,0700","0,1130","0,1013","0,2700","1,0000",68%,0,Not certified
mar 25,CIB,CIB  ENGINEERING,SW DELIVERY,453,FIXED INCOME,13,13,10,11,46,66,"3,0",7,"0,0005","0,0007","-30,2597",2,4.134.624,2,2.883.498,"100,00%","90,91%","69,70%","42,86%","100,00%","0,1300","0,1182","0,1394","0,1157","0,2700","1,0000",77%,1,Level 1
mar 25,CIB,CIB  ENGINEERING,SW DELIVERY,4924,FRONT OFFICE PLATFORM,4,4,4,4,81,92,"1,0",3,"0,0764","0,0076","908,2843",2,26.182,2,263.989,"100,00%","100,00%","88,04%","33,33%","0,00%","0,1300","0,1300","0,1761","0,0900","0,0000","1,0000",53%,0,Not certified
mar 25,CIB,CIB  ENGINEERING,SW DELIVERY,6776,GTB & IB&F,0,0,0,1,0,0,"0,0",0,"-99,0000","-99,0000","0,0000",0,0,0,0,-,"0,00%",-,-,-,-,"0,0000",-,-,-,"0,1300",0%,0,Not certified
mar 25,CIB,CIB  ENGINEERING,SW DELIVERY,7231,CIB ONLINE INTEGRATION,2,0,0,2,10,10,"1,0",2,"0,0000","-99,0000","0,0000",0,1.252.618,0,0,"0,00%","0,00%","100,00%","50,00%","100,00%","0,0000","0,0000","0,2000","0,1350","0,2700","1,0000",61%,0,Not certified
mar 25,COLOMBIA,DATA TRANSFORMATION & ENGINEERING,DATA TRANSFORMATION,6018,CLIENT SOLUTIONS - DATA,6,6,6,6,17,21,"2,5",4,"0,0000","0,0000","0,0000",0,298.132,0,281.783,"100,00%","100,00%","80,95%","62,50%","100,00%","0,1300","0,1300","0,1619","0,1688","0,2700","1,0000",86%,1,Level 2
mar 25,COLOMBIA,DATA TRANSFORMATION & ENGINEERING,DATAHUB,4502,FINANZAS - DATA,3,3,3,3,101,103,"2,0",3,"0,0000","0,0000","0,0000",0,248.280,0,240.263,"100,00%","100,00%","98,06%","66,67%","100,00%","0,1300","0,1300","0,1961","0,1800","0,2700","1,0000",91%,1,Level 3
mar 25,COLOMBIA,DATA TRANSFORMATION & ENGINEERING,DATAHUB,4503,RIESGOS - DATA,5,5,5,5,97,109,"5,0",5,"0,0000","0,0000","0,0000",0,619.185,0,697.636,"100,00%","100,00%","88,99%","100,00%","100,00%","0,1300","0,1300","0,1780","0,2700","0,2700","1,0000",98%,1,Level 3
mar 25,COLOMBIA,DATA TRANSFORMATION & ENGINEERING,DATAHUB,4506,DATA MODELING & DEVELOPMENT,11,11,11,11,63,64,"10,0",11,"0,0000","0,0000","0,0000",0,316.520,0,313.192,"100,00%","100,00%","98,44%","90,91%","100,00%","0,1300","0,1300","0,1969","0,2455","0,2700","1,0000",97%,1,Level 3
mar 25,COLOMBIA,DATA TRANSFORMATION & ENGINEERING,DATAHUB,4914,ENGINEERING - DATA,4,4,2,4,0,0,"3,0",3,"0,0461","0,0000","0,0000",73,1.583.166,0,609.354,"100,00%","50,00%",-,"100,00%","0,00%","0,1300","0,0650",-,"0,2700","0,0000","0,8000",58%,0,Not certified
mar 25,COLOMBIA,DATA TRANSFORMATION & ENGINEERING,SALESFORCE,4495,SALESFORCE - DATA,3,3,3,3,4,13,"0,0",3,"0,0705","0,0912","-22,7048",246,3.491.177,236,2.588.815,"100,00%","100,00%","30,77%","0,00%","100,00%","0,1300","0,1300","0,0615","0,0000","0,2700","1,0000",59%,0,Not certified
mar 25,COLOMBIA,SYSTEMS ENGINEERING,CFS-FINANZAS-T&C-R&IC,293,T&C,11,11,9,9,6,6,"3,0",3,"0,0762","0,0762","0,0000",19,249.253,19,249.253,"100,00%","100,00%","100,00%","100,00%","50,00%","0,1300","0,1300","0,2000","0,2700","0,1350","1,0000",87%,1,Level 2
mar 25,COLOMBIA,SYSTEMS ENGINEERING,CFS-FINANZAS-T&C-R&IC,294,FINANZAS,16,16,16,16,23,23,"6,0",8,"0,0000","0,0000","0,0000",0,140.752,0,94.229,"100,00%","100,00%","100,00%","75,00%","100,00%","0,1300","0,1300","0,2000","0,2025","0,2700","1,0000",93%,1,Level 3
mar 25,COLOMBIA,SYSTEMS ENGINEERING,CFS-FINANZAS-T&C-R&IC,295,CUMPLIMIENTO & AUDITORÍA,14,13,14,14,4,4,"4,0",5,"0,0000","0,0000","0,0000",0,696,0,696,"92,86%","100,00%","100,00%","80,00%","100,00%","0,1207","0,1300","0,2000","0,2160","0,2700","1,0000",94%,1,Level 3
mar 25,COLOMBIA,SYSTEMS ENGINEERING,CFS-RIESGOS,5127,RIESGOS PARTICULARES,6,5,6,6,14,14,"6,0",6,"0,0000","0,0000","0,0000",0,719.524,0,707.463,"83,33%","100,00%","100,00%","100,00%","100,00%","0,1083","0,1300","0,2000","0,2700","0,2700","1,0000",98%,1,Level 3
mar 25,COLOMBIA,SYSTEMS ENGINEERING,CFS-RIESGOS,5130,RIESGOS COBRANZA,2,2,2,2,12,12,"1,0",1,"-99,0000","-99,0000","0,0000",0,0,0,0,"100,00%","100,00%","100,00%","100,00%",-,"0,1300","0,1300","0,2000","0,2700",-,"0,7300",100%,1,Level 3
mar 25,COLOMBIA,SYSTEMS ENGINEERING,CFS-RIESGOS,5131,"RIESGOS REPORTING, NORMATIVOS",6,6,6,6,8,8,"3,0",3,"0,0000","0,0000","0,0000",0,51.831,0,51.831,"100,00%","100,00%","100,00%","100,00%","100,00%","0,1300","0,1300","0,2000","0,2700","0,2700","1,0000",100%,1,Level 3
mar 25,COLOMBIA,SYSTEMS ENGINEERING,CFS-RIESGOS,6209,RIESGOS PYMES Y MAYORISTAS,6,5,6,6,9,9,"3,0",3,"4,2875","4,3147","-0,6319",671,156.503,671,155.514,"83,33%","100,00%","100,00%","100,00%","0,00%","0,1083","0,1300","0,2000","0,2700","0,0000","1,0000",71%,1,Level 1
mar 25,COLOMBIA,SYSTEMS ENGINEERING,CIB & COMEX - FIDUCIARIA - VALORES,456,BACKOFFICE,5,4,5,5,6,6,"0,0",0,"0,0000","0,0000","0,0000",0,2.927,0,2.927,"80,00%","100,00%","100,00%",-,"100,00%","0,1040","0,1300","0,2000",-,"0,2700","0,7300",96%,1,Level 3
mar 25,COLOMBIA,SYSTEMS ENGINEERING,CIB & COMEX - FIDUCIARIA - VALORES,457,FIDUCIARIA,7,6,7,7,0,0,"4,5",6,"0,0161","0,0187","-13,9287",73,4.545.305,73,3.912.205,"85,71%","100,00%",-,"75,00%","100,00%","0,1114","0,1300",-,"0,2025","0,2700","0,8000",89%,1,Level 2
mar 25,COLOMBIA,SYSTEMS ENGINEERING,CIB & COMEX - FIDUCIARIA - VALORES,458,GLOBAL MARKET & COMEX,17,17,17,17,26,30,"6,5",10,"0,0113","0,0151","-25,5427",9,799.489,9,595.278,"100,00%","100,00%","86,67%","65,00%","100,00%","0,1300","0,1300","0,1733","0,1755","0,2700","1,0000",88%,1,Level 2
mar 25,COLOMBIA,SYSTEMS ENGINEERING,CIB & COMEX - FIDUCIARIA - VALORES,459,VALORES,4,4,3,3,3,3,"0,0",0,"0,0000","0,0000","0,0000",0,40.333,0,39.100,"100,00%","100,00%","100,00%",-,"100,00%","0,1300","0,1300","0,2000",-,"0,2700","0,7300",100%,1,Level 3
mar 25,COLOMBIA,SYSTEMS ENGINEERING,CORE,55,LOANS,9,9,8,9,75,77,"4,0",6,"0,0040","0,0042","-4,5559",15,3.779.361,15,3.607.178,"100,00%","88,89%","97,40%","66,67%","100,00%","0,1300","0,1156","0,1948","0,1800","0,2700","1,0000",89%,1,Level 2
mar 25,COLOMBIA,SYSTEMS ENGINEERING,CORE,169,ACCOUNTS,7,5,7,7,35,35,"2,5",3,"0,0000","0,0000","0,0000",0,573.105,0,494.725,"71,43%","100,00%","100,00%","83,33%","100,00%","0,0929","0,1300","0,2000","0,2250","0,2700","1,0000",92%,1,Level 3
mar 25,COLOMBIA,SYSTEMS ENGINEERING,CORE,172,PERSONAS Y ARQ. HOST,4,4,4,4,19,28,"1,0",2,"0,0000","0,0000","0,0000",0,239.321,0,225.516,"100,00%","100,00%","67,86%","50,00%","100,00%","0,1300","0,1300","0,1357","0,1350","0,2700","1,0000",80%,1,Level 2
mar 25,COLOMBIA,SYSTEMS ENGINEERING,CORE,173,VENTAS ASISTIDAS CAP,2,2,2,2,7,8,"1,5",2,"0,1364","0,1607","-15,1206",90,659.656,90,559.912,"100,00%","100,00%","87,50%","75,00%","100,00%","0,1300","0,1300","0,1750","0,2025","0,2700","1,0000",91%,1,Level 3
mar 25,COLOMBIA,SYSTEMS ENGINEERING,CORE,174,PROCESS AUTOMATION,18,18,17,17,12,12,"5,0",7,"0,0190","0,0008","2172,8586",50,2.629.529,2,2.390.619,"100,00%","100,00%","100,00%","71,43%","0,00%","0,1300","0,1300","0,2000","0,1929","0,0000","1,0000",65%,0,Not certified
mar 25,COLOMBIA,SYSTEMS ENGINEERING,CORE,7283,GESTIÓN REMOTA RETAIL,1,1,1,1,27,27,"0,0",1,"0,0000","0,0000","0,0000",0,54.973,0,40.535,"100,00%","100,00%","100,00%","0,00%","100,00%","0,1300","0,1300","0,2000","0,0000","0,2700","1,0000",73%,1,Level 1
mar 25,COLOMBIA,SYSTEMS ENGINEERING,CORE,7437,GESTIÓN REMOTA PYMES,0,0,0,1,10,10,"0,0",0,"0,0000","-99,0000","0,0000",0,44.753,0,0,-,"0,00%","100,00%",-,"100,00%",-,"0,0000","0,2000",-,"0,2700","0,6000",78%,1,Level 1
mar 25,COLOMBIA,SYSTEMS ENGINEERING,DATA TRANSFORMATION,111,CLIENT SOLUTIONS,1,1,1,1,1,2,"1,0",1,"-99,0000","-99,0000","0,0000",0,0,0,0,"100,00%","100,00%","50,00%","100,00%",-,"0,1300","0,1300","0,1000","0,2700",-,"0,7300",86%,1,Level 2
mar 25,COLOMBIA,SYSTEMS ENGINEERING,DevOps,6110,TESTING TOOLS,4,4,0,4,0,0,"0,0",0,"-99,0000","-99,0000","0,0000",0,0,0,0,"100,00%","0,00%",-,-,-,"0,1300","0,0000",-,-,-,"0,2600",50%,0,Not certified
mar 25,COLOMBIA,SYSTEMS ENGINEERING,DevOps,6136,DEVOPS - CI/CD,0,0,0,0,0,0,"0,0",0,"-99,0000","-99,0000","0,0000",0,0,0,0,-,-,-,-,-,-,-,-,-,-,"0,0000",No tiene el mínimo para calcular indicadores,-,-
mar 25,COLOMBIA,SYSTEMS ENGINEERING,DevOps,7207,Z COLOMBIA,0,0,0,1,0,0,"0,0",0,"-99,0000","-99,0000","0,0000",0,0,0,0,-,"0,00%",-,-,-,-,"0,0000",-,-,-,"0,1300",0%,0,Not certified
mar 25,COLOMBIA,SYSTEMS ENGINEERING,ENTERPRISE,175,PAYMENTS,11,9,11,11,58,58,"7,0",8,"0,0000","0,0000","0,0000",0,786.055,0,681.545,"81,82%","100,00%","100,00%","87,50%","100,00%","0,1064","0,1300","0,2000","0,2363","0,2700","1,0000",94%,1,Level 3
mar 25,COLOMBIA,SYSTEMS ENGINEERING,ENTERPRISE,395,ENTERPRISE WEB CHANNEL,7,5,7,7,36,41,"4,0",6,"0,0609","0,0614","-0,8590",324,5.321.657,323,5.259.661,"71,43%","100,00%","87,80%","66,67%","75,00%","0,0929","0,1300","0,1756","0,1800","0,2025","1,0000",78%,1,Level 1
mar 25,COLOMBIA,SYSTEMS ENGINEERING,ENTERPRISE,396,TRANSACCIONALIDAD,6,6,6,6,17,18,"3,0",4,"0,0067","0,0000","0,0000",9,1.344.433,0,1.085.843,"100,00%","100,00%","94,44%","75,00%","0,00%","0,1300","0,1300","0,1889","0,2025","0,0000","1,0000",65%,0,Not certified
mar 25,COLOMBIA,SYSTEMS ENGINEERING,ENTERPRISE,5209,ENTERPRISE MOBILE (GEMA),2,1,2,2,53,59,"0,0",1,"0,0000","0,0000","0,0000",0,80.048,0,79.109,"50,00%","100,00%","89,83%","0,00%","100,00%","0,0650","0,1300","0,1797","0,0000","0,2700","1,0000",64%,0,Not certified
mar 25,COLOMBIA,SYSTEMS ENGINEERING,ENTERPRISE,6667,SOLUCIONES FINANCIERAS,3,3,3,3,14,14,"1,0",2,"0,0000","0,0000","0,0000",0,2.727,0,2.611,"100,00%","100,00%","100,00%","50,00%","100,00%","0,1300","0,1300","0,2000","0,1350","0,2700","1,0000",87%,1,Level 2
mar 25,COLOMBIA,SYSTEMS ENGINEERING,RETAIL,85,OPEN MARKET,7,6,6,8,48,48,"3,0",4,"0,0259","0,0273","-5,4143",12,464.141,12,439.011,"85,71%","75,00%","100,00%","75,00%","75,00%","0,1114","0,0975","0,2000","0,2025","0,2025","1,0000",81%,1,Level 2
mar 25,COLOMBIA,SYSTEMS ENGINEERING,RETAIL,340,NET,3,2,3,3,19,24,"1,0",3,"0,0000","0,0000","0,0000",0,3.400.549,0,3.395.736,"66,67%","100,00%","79,17%","33,33%","100,00%","0,0867","0,1300","0,1583","0,0900","0,2700","1,0000",74%,1,Level 1
mar 25,COLOMBIA,SYSTEMS ENGINEERING,RETAIL,341,OFICINA,10,10,10,10,21,21,"7,0",8,"0,0000","0,0000","0,0000",0,948.316,0,1.008.754,"100,00%","100,00%","100,00%","87,50%","100,00%","0,1300","0,1300","0,2000","0,2363","0,2700","1,0000",97%,1,Level 3
mar 25,COLOMBIA,SYSTEMS ENGINEERING,RETAIL,343,MÓVIL RETAIL,1,1,1,1,71,72,"0,0",1,"0,0000","0,0000","0,0000",0,90.769,0,90.510,"100,00%","100,00%","98,61%","0,00%","100,00%","0,1300","0,1300","0,1972","0,0000","0,2700","1,0000",73%,1,Level 1
mar 25,COLOMBIA,SYSTEMS ENGINEERING,RETAIL,4010,FRAUDE,1,1,1,1,0,0,"0,0",0,"0,0000","0,0000","0,0000",0,32.261,0,17.931,"100,00%","100,00%",-,-,"100,00%","0,1300","0,1300",-,-,"0,2700","0,5300",100%,1,Level 3
mar 25,COLOMBIA,SYSTEMS ENGINEERING,RETAIL,4065,CANALES ASISTIDOS IVR/CBs,2,2,2,2,8,8,"1,0",2,"0,0000","0,0000","0,0000",0,140.874,0,134.236,"100,00%","100,00%","100,00%","50,00%","100,00%","0,1300","0,1300","0,2000","0,1350","0,2700","1,0000",87%,1,Level 2
mar 25,COLOMBIA,SYSTEMS ENGINEERING,RETAIL,4066,CANALES ASISTIDOS ATMs/RPA,2,2,1,2,10,10,"1,0",1,"0,0000","0,0000","0,0000",0,12.266,0,12.266,"100,00%","50,00%","100,00%","100,00%","100,00%","0,1300","0,0650","0,2000","0,2700","0,2700","1,0000",94%,1,Level 3
mar 25,COLOMBIA,SYSTEMS ENGINEERING,RETAIL,5088,ANTIFRAUDE,6,6,6,6,7,7,"4,0",4,"0,0246","0,0202","21,3356",77,3.136.291,47,2.322.800,"100,00%","100,00%","100,00%","100,00%","0,00%","0,1300","0,1300","0,2000","0,2700","0,0000","1,0000",73%,1,Level 1
mar 25,COLOMBIA,SYSTEMS ENGINEERING,SALESFORCE,6371,SALESFORCE,6,6,6,6,0,0,"1,0",2,"0,0000","0,0000","0,0000",0,106.550,0,106.541,"100,00%","100,00%",-,"50,00%","100,00%","0,1300","0,1300",-,"0,1350","0,2700","0,8000",83%,1,Level 2
mar 25,COLOMBIA,SYSTEMS ENGINEERING,SEGUROS,4061,SEGUROS SISTEMAS ESPECIALIZADOS,3,3,3,3,0,0,"1,0",2,"0,0000","0,0000","0,0000",0,145.845,0,62.835,"100,00%","100,00%",-,"50,00%","100,00%","0,1300","0,1300",-,"0,1350","0,2700","0,8000",83%,1,Level 2
mar 25,COLOMBIA,SYSTEMS ENGINEERING,SEGUROS,4063,SEGUROS AUTOMATION,7,7,7,7,0,0,"1,0",3,"0,0000","0,0000","0,0000",0,110.292,0,110.085,"100,00%","100,00%",-,"33,33%","100,00%","0,1300","0,1300",-,"0,0900","0,2700","0,8000",78%,1,Level 1
mar 25,COLOMBIA,SYSTEMS ENGINEERING,SEGUROS,6650,SEGUROS PROCESOS,6,6,6,6,0,0,"3,0",4,"0,0000","0,0000","0,0000",0,15.546,0,15.224,"100,00%","100,00%",-,"75,00%","100,00%","0,1300","0,1300",-,"0,2025","0,2700","0,8000",92%,1,Level 3
mar 25,COLOMBIA,SYSTEMS ENGINEERING,SEGUROS,6651,SEGUROS FINANCIERO,4,4,4,4,0,0,"0,0",0,"0,0000","0,0000","0,0000",0,4.772,0,4.772,"100,00%","100,00%",-,-,"100,00%","0,1300","0,1300",-,-,"0,2700","0,5300",100%,1,Level 3
mar 25,COLOMBIA,SYSTEMS ENGINEERING,SEGUROS,6652,BUSINESS CORE,4,3,3,4,0,0,"0,0",3,"0,5632","0,7891","-28,6290",1.044,1.853.770,1.450,1.837.575,"75,00%","75,00%",-,"0,00%","0,00%","0,0975","0,0975",-,"0,0000","0,0000","0,8000",24%,0,Not certified
mar 25,COMMERCIAL CLIENT SOLUTIONS,CHANNELS & PROCESSES,COREX & BANKING PLATFORM EVOLUTION,260,DIGITAL SIGNING,1,0,1,1,7,7,"1,0",1,"0,0000","0,0000","0,0000",0,26.595,0,35.965,"0,00%","100,00%","100,00%","100,00%","100,00%","0,0000","0,1300","0,2000","0,2700","0,2700","1,0000",87%,1,Level 2
mar 25,COMMERCIAL CLIENT SOLUTIONS,CHANNELS & PROCESSES,COREX & BANKING PLATFORM EVOLUTION,261,ALERTAS FX,1,1,1,1,0,0,"0,5",1,"0,0000","0,0000","0,0000",0,17.767,0,12.555,"100,00%","100,00%",-,"50,00%","100,00%","0,1300","0,1300",-,"0,1350","0,2700","0,8000",83%,1,Level 2
mar 25,COMMERCIAL CLIENT SOLUTIONS,CHANNELS & PROCESSES,COREX & BANKING PLATFORM EVOLUTION,4958,FACTORÍA ENTERPRISE CLIENTS AMERICA,0,0,1,1,6,6,"0,5",1,"0,0000","0,0000","0,0000",0,19.198,0,12.270,-,"100,00%","100,00%","50,00%","100,00%",-,"0,1300","0,2000","0,1350","0,2700","0,8700",84%,1,Level 2
mar 25,COMMERCIAL CLIENT SOLUTIONS,CHANNELS & PROCESSES,DIGITAL CHANNELS,388,PLATAFORMA SENDA,0,0,2,2,46,46,"0,0",1,"0,0007","0,0007","-7,3568",2,2.918.460,2,2.703.756,-,"100,00%","100,00%","0,00%","100,00%",-,"0,1300","0,2000","0,0000","0,2700","0,8700",69%,0,Not certified
mar 25,COMMERCIAL CLIENT SOLUTIONS,CHANNELS & PROCESSES,DIGITAL CHANNELS,389,PLATAFORMA GEMA,0,0,1,1,27,27,"1,0",1,"0,0000","0,0000","0,0000",0,1.393.533,0,1.228.401,-,"100,00%","100,00%","100,00%","100,00%",-,"0,1300","0,2000","0,2700","0,2700","0,8700",100%,1,Level 3
mar 25,COMMERCIAL CLIENT SOLUTIONS,CHANNELS & PROCESSES,EMBEDDED FINANCE,390,PLATAFORMA API CHANNEL,0,0,1,1,16,16,"0,0",1,"0,0000","0,0000","0,0000",0,251.144,0,229.117,-,"100,00%","100,00%","0,00%","100,00%",-,"0,1300","0,2000","0,0000","0,2700","0,8700",69%,0,Not certified
mar 25,COMMERCIAL CLIENT SOLUTIONS,CHANNELS & PROCESSES,GLOBAL CHANNELS,344,PIVOT NET,4,4,4,4,26,27,"2,0",3,"0,1477","0,1104","33,7420",791,5.354.856,370,3.349.969,"100,00%","100,00%","96,30%","66,67%","0,00%","0,1300","0,1300","0,1926","0,1800","0,0000","1,0000",63%,0,Not certified
mar 25,COMMERCIAL CLIENT SOLUTIONS,CHANNELS & PROCESSES,GLOBAL CHANNELS,348,INFRAESTRUCTURA MULTICANAL ALPHA,15,15,15,15,13,13,"4,0",4,"0,0112","0,0134","-16,6936",4,357.705,4,297.991,"100,00%","100,00%","100,00%","100,00%","100,00%","0,1300","0,1300","0,2000","0,2700","0,2700","1,0000",100%,1,Level 3
mar 25,COMMERCIAL CLIENT SOLUTIONS,CHANNELS & PROCESSES,GLOBAL CHANNELS,4779,GLOBAL CHANNELS,2,2,2,2,13,13,"1,0",1,"0,0000","0,0000","0,0000",0,79.800,0,76.633,"100,00%","100,00%","100,00%","100,00%","100,00%","0,1300","0,1300","0,2000","0,2700","0,2700","1,0000",100%,1,Level 3
mar 25,COMMERCIAL CLIENT SOLUTIONS,CHANNELS & PROCESSES,SERVICING & CLIENT EXPERIENCE TRANSFORMATION,4358,PIVOT IMPLEMENTATION,0,0,1,1,9,9,"1,0",1,"0,0000","0,0000","0,0000",0,193.228,0,177.310,-,"100,00%","100,00%","100,00%","100,00%",-,"0,1300","0,2000","0,2700","0,2700","0,8700",100%,1,Level 3
mar 25,COMMERCIAL CLIENT SOLUTIONS,ENTERPRISE,ENTERPRISE - CANALES,98,FINANCIACIÓN ESPECIALIZADA,0,0,0,1,0,0,"0,0",1,"0,0000","-99,0000","0,0000",0,1.732,0,0,-,"0,00%",-,"0,00%","100,00%",-,"0,0000",-,"0,0000","0,2700","0,6700",40%,0,Not certified
mar 25,COMMERCIAL CLIENT SOLUTIONS,ENTERPRISE,ENTERPRISE - CANALES,388,PLATAFORMA SENDA,0,0,3,4,26,26,"4,0",4,"0,0000","0,0000","0,0000",0,30.601,0,29.483,-,"75,00%","100,00%","100,00%","100,00%",-,"0,0975","0,2000","0,2700","0,2700","0,8700",96%,1,Level 3
mar 25,COMMERCIAL CLIENT SOLUTIONS,ENTERPRISE,ENTERPRISE - CANALES,7184,PROCESOS ONBOARDING & CONTRATACIÓN,0,0,1,1,3,3,"1,0",1,"-99,0000","-99,0000","0,0000",0,0,0,0,-,"100,00%","100,00%","100,00%",-,-,"0,1300","0,2000","0,2700",-,"0,6000",100%,1,Level 3
mar 25,COMMERCIAL CLIENT SOLUTIONS,ENTERPRISE,ENTERPRISE - CANALES,7429,HERRAMIENTAS SPARK,0,0,0,1,0,0,"1,0",1,"0,0000","0,0000","0,0000",0,53.410,0,53.025,-,"0,00%",-,"100,00%","100,00%",-,"0,0000",-,"0,2700","0,2700","0,6700",81%,1,Level 2
mar 25,COMMERCIAL CLIENT SOLUTIONS,ENTERPRISE,ENTERPRISE - GROWTH,7395,CREDIT EXPERIENCE,0,0,0,1,0,0,"1,0",1,"0,0000","0,0000","0,0000",0,15.387,0,2.098,-,"0,00%",-,"100,00%","100,00%",-,"0,0000",-,"0,2700","0,2700","0,6700",81%,1,Level 2
mar 25,COMMERCIAL CLIENT SOLUTIONS,ENTERPRISE,ENTERPRISE - INFRA MULTICANAL,134,INFRA MULTICANAL EMPRESAS,0,0,6,6,9,9,"3,0",6,"0,0650","0,0651","-0,1987",470,7.229.698,408,6.263.525,-,"100,00%","100,00%","50,00%","75,00%",-,"0,1300","0,2000","0,1350","0,2025","0,8700",77%,1,Level 1
mar 25,COMMERCIAL CLIENT SOLUTIONS,ENTERPRISE,ENTERPRISE - INFRA MULTICANAL,7210,PRODUCTIVIDAD Y DEVOPS,0,0,0,1,0,0,"0,0",1,"0,0000","0,0000","0,0000",0,62.774,0,52.027,-,"0,00%",-,"0,00%","100,00%",-,"0,0000",-,"0,0000","0,2700","0,6700",40%,0,Not certified
mar 25,COMMERCIAL CLIENT SOLUTIONS,ENTERPRISE,ENTERPRISE - SOLUCIONES CROSS BORDER,344,PIVOT NET,2,2,2,2,5,5,"1,5",2,"0,0000","0,0000","0,0000",0,719.388,0,16.712,"100,00%","100,00%","100,00%","75,00%","100,00%","0,1300","0,1300","0,2000","0,2025","0,2700","1,0000",93%,1,Level 3
mar 25,COMMERCIAL CLIENT SOLUTIONS,ENTERPRISE,ENTERPRISE - SOLUCIONES CROSS BORDER,345,PIVOT CONNECT,1,1,1,1,40,40,"1,0",1,"0,0000","0,0000","0,0000",0,470.719,0,410.167,"100,00%","100,00%","100,00%","100,00%","100,00%","0,1300","0,1300","0,2000","0,2700","0,2700","1,0000",100%,1,Level 3
mar 25,COMMERCIAL CLIENT SOLUTIONS,ENTERPRISE,ENTERPRISE - SOLUCIONES CROSS BORDER,348,INFRAESTRUCTURA MULTICANAL ALPHA,4,4,6,6,0,0,"0,0",0,"-99,0000","-99,0000","0,0000",0,0,0,0,"100,00%","100,00%",-,-,-,"0,1300","0,1300",-,-,-,"0,2600",100%,1,Level 3
mar 25,COMMERCIAL CLIENT SOLUTIONS,ENTERPRISE,ENTERPRISE - SOLUCIONES CROSS BORDER,6335,INTERNATIONAL CROSSBORDER COORDINATION TOOL,1,1,1,1,0,0,"0,0",1,"0,0000","0,0000","0,0000",0,238.853,0,179.430,"100,00%","100,00%",-,"0,00%","100,00%","0,1300","0,1300",-,"0,0000","0,2700","0,8000",66%,0,Not certified
mar 25,COMMERCIAL CLIENT SOLUTIONS,ENTERPRISE,ENTERPRISE - SOLUCIONES CROSS BORDER,6762,FX SMART HEDGING,0,0,1,1,0,0,"0,0",1,"0,0000","0,0000","0,0000",0,107.350,0,105.974,-,"100,00%",-,"0,00%","100,00%",-,"0,1300",-,"0,0000","0,2700","0,6700",60%,0,Not certified
mar 25,COMMERCIAL CLIENT SOLUTIONS,ENTERPRISE,ENTERPRISE - SOLUCIONES CROSS BORDER,7135,Pivot Data,0,0,1,1,0,0,"0,0",0,"-99,0000","-99,0000","0,0000",0,0,0,0,-,"100,00%",-,-,-,-,"0,1300",-,-,-,"0,1300",100%,1,Level 3
mar 25,COMMERCIAL CLIENT SOLUTIONS,ENTERPRISE,ENTERPRISE - SOLUCIONES CROSS BORDER,7423,GLOBAL SCF (LOCAL MULTICOUNTRY),0,0,0,1,0,0,"0,0",0,"-99,0000","-99,0000","0,0000",0,0,0,0,-,"0,00%",-,-,-,-,"0,0000",-,-,-,"0,1300",0%,0,Not certified
mar 25,COMMERCIAL CLIENT SOLUTIONS,ENTERPRISE,ENTERPRISE - SOLUCIONES CROSS BORDER,7424,BBVA CONNECTA,0,0,0,1,0,0,"0,0",0,"-99,0000","-99,0000","0,0000",0,0,0,0,-,"0,00%",-,-,-,-,"0,0000",-,-,-,"0,1300",0%,0,Not certified
mar 25,COMMERCIAL CLIENT SOLUTIONS,SUSTAINABILITY RELATIONSHIP MODELS & SPARK,RELATIONSHIP MODELS,259,SERVICE BANKERS'S TOOLS - DWP,1,1,2,2,2,2,"0,5",1,"0,0019","0,0000","0,0000",2,1.039.837,0,1.040.083,"100,00%","100,00%","100,00%","50,00%","100,00%","0,1300","0,1300","0,2000","0,1350","0,2700","1,0000",87%,1,Level 2
mar 25,COMMERCIAL CLIENT SOLUTIONS,SUSTAINABILITY RELATIONSHIP MODELS & SPARK,RELATIONSHIP MODELS,4961,GESTOR DE INTERVINIENTES,1,1,1,1,0,0,"0,0",0,"-99,0000","-99,0000","0,0000",0,0,0,0,"100,00%","100,00%",-,-,-,"0,1300","0,1300",-,-,-,"0,2600",100%,1,Level 3
mar 25,COMMERCIAL CLIENT SOLUTIONS,SUSTAINABILITY RELATIONSHIP MODELS & SPARK,SUSTAINABILITY,388,PLATAFORMA SENDA,0,0,1,1,9,9,"1,0",1,"0,0000","0,0000","0,0000",0,94.275,0,61.564,-,"100,00%","100,00%","100,00%","100,00%",-,"0,1300","0,2000","0,2700","0,2700","0,8700",100%,1,Level 3
mar 25,COMMERCIAL CLIENT SOLUTIONS,VALUE PROPOSITION,DOMESTIC TREASURY MANAGEMENT,349,PLATAFORMA ETPB,0,0,1,1,72,73,"1,0",1,"0,0000","0,0000","0,0000",0,1.544.860,0,1.195.735,-,"100,00%","98,63%","100,00%","100,00%",-,"0,1300","0,1973","0,2700","0,2700","0,8700",100%,1,Level 3
mar 25,COMMERCIAL CLIENT SOLUTIONS,VALUE PROPOSITION,INTERNATIONAL TREASURY MANAGEMENT,345,PIVOT CONNECT,1,1,1,1,0,0,"0,0",0,"0,0000","0,0000","0,0000",0,23.095,0,14.545,"100,00%","100,00%",-,-,"100,00%","0,1300","0,1300",-,-,"0,2700","0,5300",100%,1,Level 3
mar 25,COMMERCIAL CLIENT SOLUTIONS,VALUE PROPOSITION,INTERNATIONAL TREASURY MANAGEMENT,4779,GLOBAL CHANNELS,1,1,0,0,13,13,"1,0",1,"0,0000","0,0000","0,0000",0,29.863,0,16.621,"100,00%",-,"100,00%","100,00%","100,00%","0,1300",-,"0,2000","0,2700","0,2700","0,8700",100%,1,Level 3
mar 25,COMMERCIAL CLIENT SOLUTIONS,VALUE PROPOSITION,LIQUIDITY MANAGEMENT,345,PIVOT CONNECT,2,1,2,2,36,36,"2,0",2,"0,0000","0,0000","0,0000",0,1.481.510,0,686.139,"50,00%","100,00%","100,00%","100,00%","100,00%","0,0650","0,1300","0,2000","0,2700","0,2700","1,0000",94%,1,Level 3
mar 25,COMMERCIAL CLIENT SOLUTIONS,VALUE PROPOSITION,VAM SCF CARDS,346,PIVOT - COMMERCIAL CARD,1,1,1,1,15,15,"0,0",1,"0,0000","0,0000","0,0000",0,760.808,0,765.881,"100,00%","100,00%","100,00%","0,00%","100,00%","0,1300","0,1300","0,2000","0,0000","0,2700","1,0000",73%,1,Level 1
mar 25,COMMERCIAL CLIENT SOLUTIONS,VALUE PROPOSITION,VAM SCF CARDS,347,PIVOT - GLOBAL SUPPLY CHAIN FINANCE,0,0,1,1,8,8,"0,0",1,"0,0000","0,0000","0,0000",0,9.143,0,8.964,-,"100,00%","100,00%","0,00%","100,00%",-,"0,1300","0,2000","0,0000","0,2700","0,8700",69%,0,Not certified
mar 25,COMMERCIAL CLIENT SOLUTIONS,VALUE PROPOSITION,VAM SCF CARDS,6141,PIVOT - VIRTUAL ACCOUNTS,1,1,1,1,21,21,"1,0",1,"0,0000","0,0000","0,0000",0,66.750,0,61.065,"100,00%","100,00%","100,00%","100,00%","100,00%","0,1300","0,1300","0,2000","0,2700","0,2700","1,0000",100%,1,Level 3
mar 25,DATA ENGINEERING,DATA ENGINEERING,DATA HUB,400,CS INGESTAS,2,2,4,4,242,246,"2,0",4,"0,0090","0,0158","-43,4539",8,892.785,17,1.072.775,"100,00%","100,00%","98,37%","50,00%","100,00%","0,1300","0,1300","0,1967","0,1350","0,2700","1,0000",86%,1,Level 2
mar 25,DATA ENGINEERING,DATA ENGINEERING,DATA HUB,401,HERRAMIENTAS DATA,6,6,6,6,63,71,"4,0",6,"0,1039","0,1403","-25,9687",515,4.957.281,538,3.833.840,"100,00%","100,00%","88,73%","66,67%","100,00%","0,1300","0,1300","0,1775","0,1800","0,2700","1,0000",89%,1,Level 2
mar 25,DATA ENGINEERING,DATA ENGINEERING,DATA HUB,402,"T&C, CROSS Y ENGINEERING INGESTAS",1,1,1,1,92,105,"0,0",1,"0,0000","0,0000","0,0000",0,784.378,0,743.391,"100,00%","100,00%","87,62%","0,00%","100,00%","0,1300","0,1300","0,1752","0,0000","0,2700","1,0000",71%,1,Level 1
mar 25,DATA ENGINEERING,DATA ENGINEERING,DATA HUB,403,VISUAL CLIENT,1,1,1,1,0,0,"0,0",1,"0,0000","0,0000","0,0000",0,136.724,0,136.724,"100,00%","100,00%",-,"0,00%","100,00%","0,1300","0,1300",-,"0,0000","0,2700","0,8000",66%,0,Not certified
mar 25,DATA ENGINEERING,DATA ENGINEERING,DATA HUB,404,DE PLATAFORMA INFORMACIONAL HOLDING (HIS Y MAESTROS),1,1,1,1,5,5,"0,0",0,"0,0000","0,0000","0,0000",0,112.683,0,112.683,"100,00%","100,00%","100,00%",-,"100,00%","0,1300","0,1300","0,2000",-,"0,2700","0,7300",100%,1,Level 3
mar 25,DATA ENGINEERING,DATA ENGINEERING,DATA HUB,405,DATAHUB R&F,3,3,1,3,282,287,"2,0",3,"0,0000","0,0000","0,0000",0,1.737.725,0,1.654.581,"100,00%","33,33%","98,26%","66,67%","100,00%","0,1300","0,0433","0,1965","0,1800","0,2700","1,0000",82%,1,Level 2
mar 25,DATA ENGINEERING,DATA ENGINEERING,DATA HUB,406,GDH ALPHA,1,1,1,1,37,39,"0,0",1,"0,0000","0,0000","0,0000",0,1.228.496,0,1.154.940,"100,00%","100,00%","94,87%","0,00%","100,00%","0,1300","0,1300","0,1897","0,0000","0,2700","1,0000",72%,1,Level 1
mar 25,DATA ENGINEERING,DATA ENGINEERING,DATA HUB,5504,DQ HOLDING,1,1,1,1,0,0,"0,0",1,"0,0000","0,0000","0,0000",0,17.319,0,17.085,"100,00%","100,00%",-,"0,00%","100,00%","0,1300","0,1300",-,"0,0000","0,2700","0,8000",66%,0,Not certified
mar 25,DATA ENGINEERING,DATA ENGINEERING,DATA HUB,6136,DEVOPS - CI/CD,1,1,0,1,0,0,"0,0",1,"0,0000","0,0000","0,0000",0,91.629,0,79.826,"100,00%","0,00%",-,"0,00%","100,00%","0,1300","0,0000",-,"0,0000","0,2700","0,8000",50%,0,Not certified
mar 25,ESPAÑA,DATA ENGINEERING,DATA HUB,392,TERADATA SYSTEMS,1,1,1,1,45,45,"0,0",1,"0,1412","0,1442","-2,0972",183,1.296.033,183,1.268.852,"100,00%","100,00%","100,00%","0,00%","75,00%","0,1300","0,1300","0,2000","0,0000","0,2025","1,0000",66%,0,Not certified
mar 25,ESPAÑA,DATA ENGINEERING,DATA HUB,5709,Riesgos & Finanzas,3,3,2,3,170,171,"1,5",2,"0,0100","0,0484","-79,3731",33,3.308.082,159,3.287.710,"100,00%","66,67%","99,42%","75,00%","100,00%","0,1300","0,0867","0,1988","0,2025","0,2700","1,0000",89%,1,Level 2
mar 25,ESPAÑA,DATA ENGINEERING,DATA HUB,5710,Cs & Sostenibilidad,4,4,4,4,202,202,"3,0",4,"0,0003","0,0003","-0,3988",2,6.242.916,2,6.218.022,"100,00%","100,00%","100,00%","75,00%","100,00%","0,1300","0,1300","0,2000","0,2025","0,2700","1,0000",93%,1,Level 3
mar 25,ESPAÑA,DATA ENGINEERING,DATA HUB,5711,Cross System,1,1,1,1,223,225,"0,0",1,"0,0038","0,0039","-0,8711",3,782.991,3,776.170,"100,00%","100,00%","99,11%","0,00%","100,00%","0,1300","0,1300","0,1982","0,0000","0,2700","1,0000",73%,1,Level 1
mar 25,ESPAÑA,DATA ENGINEERING,Data Modelling,5713,SDM,2,2,2,2,282,293,"0,0",2,"0,0000","0,0000","0,0000",0,450.335,0,437.442,"100,00%","100,00%","96,25%","0,00%","100,00%","0,1300","0,1300","0,1925","0,0000","0,2700","1,0000",72%,1,Level 1
mar 25,ESPAÑA,SYSTEMS ENGINEERING,ALPHA,52,CLIENTS REGULATORY COMPLIANCE,3,3,3,3,18,19,"3,0",3,"0,0000","0,0000","0,0000",0,1.029.875,0,1.018.078,"100,00%","100,00%","94,74%","100,00%","100,00%","0,1300","0,1300","0,1895","0,2700","0,2700","1,0000",99%,1,Level 3
mar 25,ESPAÑA,SYSTEMS ENGINEERING,ALPHA,71,BACKEND,3,0,3,3,43,43,"1,0",3,"0,0102","0,0114","-10,8718",17,1.672.595,19,1.666.137,"0,00%","100,00%","100,00%","33,33%","100,00%","0,0000","0,1300","0,2000","0,0900","0,2700","1,0000",69%,0,Not certified
mar 25,ESPAÑA,SYSTEMS ENGINEERING,ALPHA,157,CLIENTS,3,3,2,3,37,37,"0,0",2,"0,0000","0,0000","0,0000",0,70.541,0,70.107,"100,00%","66,67%","100,00%","0,00%","100,00%","0,1300","0,0867","0,2000","0,0000","0,2700","1,0000",69%,0,Not certified
mar 25,ESPAÑA,SYSTEMS ENGINEERING,ALPHA,431,ALPHA CORE PLATFORM,4,3,2,3,20,20,"1,0",2,"0,0000","0,0000","0,0000",0,40.546,0,40.130,"75,00%","66,67%","100,00%","50,00%","100,00%","0,0975","0,0867","0,2000","0,1350","0,2700","1,0000",79%,1,Level 1
mar 25,ESPAÑA,SYSTEMS ENGINEERING,CONSUMER FINANCE SYSTEMS,53,CONSUMER FINANCE,1,1,1,1,20,24,"1,0",1,"0,1468","0,1528","-3,9589",216,1.471.704,216,1.413.440,"100,00%","100,00%","83,33%","100,00%","75,00%","0,1300","0,1300","0,1667","0,2700","0,2025","1,0000",90%,1,Level 2
mar 25,ESPAÑA,SYSTEMS ENGINEERING,CONSUMER FINANCE SYSTEMS,266,CONSUMER FINANCE CHANNEL,4,4,4,4,34,38,"2,0",3,"0,0633","0,0875","-27,7147",138,2.180.905,187,2.136.237,"100,00%","100,00%","89,47%","66,67%","100,00%","0,1300","0,1300","0,1789","0,1800","0,2700","1,0000",89%,1,Level 2
mar 25,ESPAÑA,SYSTEMS ENGINEERING,CONSUMER FINANCE SYSTEMS,267,COBRANDED,4,4,2,4,18,24,"2,0",4,"0,0728","0,0741","-1,6890",133,1.826.781,135,1.822.934,"100,00%","50,00%","75,00%","50,00%","75,00%","0,1300","0,0650","0,1500","0,1350","0,2025","1,0000",68%,0,Not certified
mar 25,ESPAÑA,SYSTEMS ENGINEERING,CONSUMER FINANCE SYSTEMS,268,RED DE AGENTES,1,1,1,1,10,12,"1,0",1,"0,0000","0,0000","0,0000",0,1.143.233,0,1.135.907,"100,00%","100,00%","83,33%","100,00%","100,00%","0,1300","0,1300","0,1667","0,2700","0,2700","1,0000",97%,1,Level 3
mar 25,ESPAÑA,SYSTEMS ENGINEERING,CORE BANKING PRODUCTS,425,"VALORES, FONDOS INTERNACIONALES, DEPOSITARÍA Y ACCIONISTAS",13,13,12,12,128,132,"3,5",9,"0,2547","0,3290","-22,5652",1.140,4.475.268,1.280,3.890.992,"100,00%","100,00%","96,97%","38,89%","0,00%","0,1300","0,1300","0,1939","0,1050","0,0000","1,0000",56%,0,Not certified
mar 25,ESPAÑA,SYSTEMS ENGINEERING,CORE BANKING PRODUCTS,426,MMPP,12,11,11,11,98,103,"7,5",10,"0,0562","0,0564","-0,2821",139,2.472.751,139,2.465.775,"91,67%","100,00%","95,15%","75,00%","75,00%","0,1192","0,1300","0,1903","0,2025","0,2025","1,0000",84%,1,Level 2
mar 25,ESPAÑA,SYSTEMS ENGINEERING,CORE BANKING PRODUCTS,427,PASIVO,10,10,10,10,53,60,"7,0",8,"0,0000","0,0000","0,0000",0,654.660,0,625.115,"100,00%","100,00%","88,33%","87,50%","100,00%","0,1300","0,1300","0,1767","0,2363","0,2700","1,0000",94%,1,Level 3
mar 25,ESPAÑA,SYSTEMS ENGINEERING,CORE BANKING PRODUCTS,428,VENTA DE CARTERAS,1,1,1,1,21,31,"1,0",1,"0,0000","0,0000","0,0000",0,27.479,0,26.741,"100,00%","100,00%","67,74%","100,00%","100,00%","0,1300","0,1300","0,1355","0,2700","0,2700","1,0000",94%,1,Level 3
mar 25,ESPAÑA,SYSTEMS ENGINEERING,CORE BANKING PRODUCTS,429,SERVICIOS BANCARIOS (COBROS Y PAGOS),14,13,13,14,96,99,"7,0",14,"0,0044","0,0044","-1,2496",392,89.710.584,396,89.493.505,"92,86%","92,86%","96,97%","50,00%","75,00%","0,1207","0,1207","0,1939","0,1350","0,2025","1,0000",77%,1,Level 1
mar 25,ESPAÑA,SYSTEMS ENGINEERING,CORE BANKING PRODUCTS,430,FINANCIACIÓN,9,9,9,9,71,76,"8,0",9,"0,0170","0,0093","83,5737",24,1.407.786,13,1.399.843,"100,00%","100,00%","93,42%","88,89%","0,00%","0,1300","0,1300","0,1868","0,2400","0,0000","1,0000",69%,0,Not certified
mar 25,ESPAÑA,SYSTEMS ENGINEERING,CORE CROSS SYSTEMS,128,CCS PRICING,4,4,4,4,26,27,"3,0",3,"0,0000","0,0000","0,0000",0,353.010,0,351.712,"100,00%","100,00%","96,30%","100,00%","100,00%","0,1300","0,1300","0,1926","0,2700","0,2700","1,0000",99%,1,Level 3
mar 25,ESPAÑA,SYSTEMS ENGINEERING,CORE CROSS SYSTEMS,129,TRANSFORMACIÓN DE OPERACIONES,8,8,8,8,19,31,"2,0",6,"0,1066","0,1175","-9,2699",404,3.788.517,440,3.743.620,"100,00%","100,00%","61,29%","33,33%","75,00%","0,1300","0,1300","0,1226","0,0900","0,2025","1,0000",68%,0,Not certified
mar 25,ESPAÑA,SYSTEMS ENGINEERING,CORE CROSS SYSTEMS,130,INFRAESTRUCTURA OPERACIONAL,4,4,4,4,26,31,"1,5",4,"0,0000","0,0000","0,0000",0,415.043,0,409.593,"100,00%","100,00%","83,87%","37,50%","100,00%","0,1300","0,1300","0,1677","0,1013","0,2700","1,0000",80%,1,Level 1
mar 25,ESPAÑA,SYSTEMS ENGINEERING,CORE CROSS SYSTEMS,131,CONTRATACIÓN,4,3,4,4,89,102,"4,0",4,"0,0528","0,0487","8,5151",425,8.045.187,387,7.949.658,"75,00%","100,00%","87,25%","100,00%","25,00%","0,0975","0,1300","0,1745","0,2700","0,0675","1,0000",74%,1,Level 1
mar 25,ESPAÑA,SYSTEMS ENGINEERING,CORE CROSS SYSTEMS,132,"DOC, TTGG, LIQUIDACIÓN",3,2,3,3,61,64,"1,5",3,"0,0000","0,0000","0,0000",0,400.932,0,445.451,"66,67%","100,00%","95,31%","50,00%","100,00%","0,0867","0,1300","0,1906","0,1350","0,2700","1,0000",81%,1,Level 2
mar 25,ESPAÑA,SYSTEMS ENGINEERING,CORE CROSS SYSTEMS,133,MODELO DE DIRECCIÓN Y GESTIÓN,5,5,4,5,20,21,"4,0",4,"0,0133","0,0134","-0,1389",6,449.884,6,449.259,"100,00%","80,00%","95,24%","100,00%","75,00%","0,1300","0,1040","0,1905","0,2700","0,2025","1,0000",90%,1,Level 2
mar 25,ESPAÑA,SYSTEMS ENGINEERING,CORPORATE FUNCTIONS SYSTEMS,4,RIESGOS DE CRÉDITO,8,8,6,6,119,122,"9,0",9,"0,0027","0,0012","125,7280",8,2.948.838,2,1.664.088,"100,00%","100,00%","97,54%","100,00%","100,00%","0,1300","0,1300","0,1951","0,2700","0,2700","1,0000",100%,1,Level 3
mar 25,ESPAÑA,SYSTEMS ENGINEERING,CORPORATE FUNCTIONS SYSTEMS,319,GESTIÓN RECUPERATORIA Y CONTROL INTERNO,3,3,3,3,32,32,"2,0",3,"0,0006","0,1449","-99,5964",1,1.710.221,244,1.684.186,"100,00%","100,00%","100,00%","66,67%","100,00%","0,1300","0,1300","0,2000","0,1800","0,2700","1,0000",91%,1,Level 3
mar 25,ESPAÑA,SYSTEMS ENGINEERING,CORPORATE FUNCTIONS SYSTEMS,320,T&C Y COMUNICACIONES,4,3,1,1,11,11,"4,0",4,"0,4927","0,3758","31,1013",1.796,3.645.530,970,2.581.268,"75,00%","100,00%","100,00%","100,00%","0,00%","0,0975","0,1300","0,2000","0,2700","0,0000","1,0000",70%,0,Not certified
mar 25,ESPAÑA,SYSTEMS ENGINEERING,CORPORATE FUNCTIONS SYSTEMS,321,REPORTING NORMATIVO,6,6,6,7,74,79,"4,0",5,"0,1198","0,1273","-5,8700",1.023,8.539.610,1.018,7.999.049,"100,00%","85,71%","93,67%","80,00%","75,00%","0,1300","0,1114","0,1873","0,2160","0,2025","1,0000",85%,1,Level 2
mar 25,ESPAÑA,SYSTEMS ENGINEERING,CORPORATE FUNCTIONS SYSTEMS,322,IMPAGO Y COBERTURAS,8,8,7,7,57,62,"6,0",7,"0,0342","0,0344","-0,4264",50,1.461.203,50,1.454.973,"100,00%","100,00%","91,94%","85,71%","75,00%","0,1300","0,1300","0,1839","0,2314","0,2025","1,0000",88%,1,Level 2
mar 25,ESPAÑA,SYSTEMS ENGINEERING,CORPORATE FUNCTIONS SYSTEMS,323,CONTABILIDAD Y REAL ESTATE,4,4,4,4,10,10,"4,0",4,"0,0669","0,0669","-0,0981",82,1.226.608,82,1.225.405,"100,00%","100,00%","100,00%","100,00%","75,00%","0,1300","0,1300","0,2000","0,2700","0,2025","1,0000",93%,1,Level 3
mar 25,ESPAÑA,SYSTEMS ENGINEERING,CORPORATE FUNCTIONS SYSTEMS,324,SSJJ Y OTROS,4,3,1,3,9,9,"1,0",1,"0,0000","0,0000","0,0000",0,343.600,0,342.148,"75,00%","33,33%","100,00%","100,00%","100,00%","0,0975","0,0433","0,2000","0,2700","0,2700","1,0000",88%,1,Level 2
mar 25,ESPAÑA,SYSTEMS ENGINEERING,ENTERPRISE CLIENTS SYSTEMS,96,ENTERPRISE CLIENTS OPERATIONS,9,9,9,9,19,24,"3,0",7,"0,0261","0,0288","-9,4326",99,3.798.847,107,3.718.540,"100,00%","100,00%","79,17%","42,86%","75,00%","0,1300","0,1300","0,1583","0,1157","0,2025","1,0000",74%,1,Level 1
mar 25,ESPAÑA,SYSTEMS ENGINEERING,ENTERPRISE CLIENTS SYSTEMS,98,FINANCIACIÓN ESPECIALIZADA,4,4,4,4,35,38,"2,5",4,"0,0456","0,0460","-0,8447",82,1.798.434,82,1.783.242,"100,00%","100,00%","92,11%","62,50%","75,00%","0,1300","0,1300","0,1842","0,1688","0,2025","1,0000",82%,1,Level 2
mar 25,ESPAÑA,SYSTEMS ENGINEERING,ENTERPRISE CLIENTS SYSTEMS,100,ENTERPRISES CHANNEL,5,5,5,5,77,86,"3,0",5,"0,1048","0,1219","-14,0308",2.912,27.780.216,3.192,26.178.828,"100,00%","100,00%","89,53%","60,00%","100,00%","0,1300","0,1300","0,1791","0,1620","0,2700","1,0000",87%,1,Level 2
mar 25,ESPAÑA,SYSTEMS ENGINEERING,ENTERPRISE CLIENTS SYSTEMS,4739,ENTERPRISE MXM,2,2,2,2,7,8,"2,0",2,"0,0235","0,0000","0,0000",9,383.469,0,177.310,"100,00%","100,00%","87,50%","100,00%","0,00%","0,1300","0,1300","0,1750","0,2700","0,0000","1,0000",71%,1,Level 1
mar 25,ESPAÑA,SYSTEMS ENGINEERING,ENTERPRISE CLIENTS SYSTEMS,5938,COMEX,2,0,2,2,12,13,"1,0",2,"0,0256","0,0257","-0,1461",51,1.989.224,51,1.986.317,"0,00%","100,00%","92,31%","50,00%","75,00%","0,0000","0,1300","0,1846","0,1350","0,2025","1,0000",65%,0,Not certified
mar 25,ESPAÑA,SYSTEMS ENGINEERING,ENTERPRISE CLIENTS SYSTEMS,6169,ENTERPRISE MOBILE CHANNEL,1,1,1,1,23,31,"0,0",1,"0,0011","0,0011","-0,1152",6,5.256.108,6,5.250.051,"100,00%","100,00%","74,19%","0,00%","100,00%","0,1300","0,1300","0,1484","0,0000","0,2700","1,0000",68%,0,Not certified
mar 25,ESPAÑA,SYSTEMS ENGINEERING,INSURANCE AND ASSET MANAGEMENT SYSTEMS,300,INSURANCE - POSTVENTA,2,2,2,2,17,18,"1,0",2,"0,0000","0,0000","0,0000",0,44.741,0,43.815,"100,00%","100,00%","94,44%","50,00%","100,00%","0,1300","0,1300","0,1889","0,1350","0,2700","1,0000",85%,1,Level 2
mar 25,ESPAÑA,SYSTEMS ENGINEERING,INSURANCE AND ASSET MANAGEMENT SYSTEMS,301,INSURANCE - AHORRO Y PREVISIÓN,5,5,5,5,20,20,"4,0",4,"0,0074","0,0074","-0,0099",9,1.213.178,9,1.213.058,"100,00%","100,00%","100,00%","100,00%","75,00%","0,1300","0,1300","0,2000","0,2700","0,2025","1,0000",93%,1,Level 3
mar 25,ESPAÑA,SYSTEMS ENGINEERING,INSURANCE AND ASSET MANAGEMENT SYSTEMS,302,INSURANCE - FINANCIERO ACTUARIAL,4,4,3,3,4,4,"4,0",4,"0,0000","0,0000","0,0000",0,72.649,0,71.543,"100,00%","100,00%","100,00%","100,00%","100,00%","0,1300","0,1300","0,2000","0,2700","0,2700","1,0000",100%,1,Level 3
mar 25,ESPAÑA,SYSTEMS ENGINEERING,INSURANCE AND ASSET MANAGEMENT SYSTEMS,303,INSURANCE - DISTRIBUCIÓN,1,1,1,1,33,35,"1,0",1,"0,0000","0,0000","0,0000",0,8.427.094,0,5.127.775,"100,00%","100,00%","94,29%","100,00%","100,00%","0,1300","0,1300","0,1886","0,2700","0,2700","1,0000",99%,1,Level 3
mar 25,ESPAÑA,SYSTEMS ENGINEERING,INSURANCE AND ASSET MANAGEMENT SYSTEMS,304,INSURANCE - BACKOFFICE Y DATA,3,1,3,3,34,34,"1,5",3,"0,0000","0,0000","0,0000",0,2.983.403,0,4.768.683,"33,33%","100,00%","100,00%","50,00%","100,00%","0,0433","0,1300","0,2000","0,1350","0,2700","1,0000",78%,1,Level 1
mar 25,ESPAÑA,SYSTEMS ENGINEERING,INSURANCE AND ASSET MANAGEMENT SYSTEMS,307,ASSET MANAGEMENT - MIDDLE OFFICE,4,4,2,2,6,6,"2,0",3,"0,0159","0,0159","0,0000",5,314.373,5,314.373,"100,00%","100,00%","100,00%","66,67%","50,00%","0,1300","0,1300","0,2000","0,1800","0,1350","1,0000",78%,1,Level 1
mar 25,ESPAÑA,SYSTEMS ENGINEERING,INSURANCE AND ASSET MANAGEMENT SYSTEMS,308,ASSET MANAGEMENT - INFORMACIONAL & WEBS,5,4,5,5,40,43,"3,0",5,"0,2911","0,2662","9,3417",2.281,7.836.565,2.008,7.543.100,"80,00%","100,00%","93,02%","60,00%","0,00%","0,1040","0,1300","0,1860","0,1620","0,0000","1,0000",58%,0,Not certified
mar 25,ESPAÑA,SYSTEMS ENGINEERING,INSURANCE AND ASSET MANAGEMENT SYSTEMS,310,ASSET MANAGEMENT - FRONT OFFICE,3,3,3,3,1,2,"1,0",3,"0,2845","0,0165","1624,9336",621,2.182.710,36,2.182.626,"100,00%","100,00%","50,00%","33,33%","0,00%","0,1300","0,1300","0,1000","0,0900","0,0000","1,0000",45%,0,Not certified
mar 25,ESPAÑA,SYSTEMS ENGINEERING,INSURANCE AND ASSET MANAGEMENT SYSTEMS,4154,ASSET MANAGEMENT - BACKOFFICE Y FONDOS DE INVERSIÓN,3,3,1,1,32,32,"0,5",2,"0,2908","0,2915","-0,2277",471,1.619.440,471,1.615.752,"100,00%","100,00%","100,00%","25,00%","0,00%","0,1300","0,1300","0,2000","0,0675","0,0000","1,0000",53%,0,Not certified
mar 25,ESPAÑA,SYSTEMS ENGINEERING,INSURANCE AND ASSET MANAGEMENT SYSTEMS,4301,ASSET MANAGEMENT - FONDOS Y PLANES DE PENSIONES,1,1,1,1,48,49,"0,5",1,"0,0000","0,0000","0,0000",0,109.642,0,107.077,"100,00%","100,00%","97,96%","50,00%","100,00%","0,1300","0,1300","0,1959","0,1350","0,2700","1,0000",86%,1,Level 2
mar 25,ESPAÑA,SYSTEMS ENGINEERING,RETAIL CUSTOMERS SYSTEMS,79,MOBILE CHANNEL,3,3,3,3,133,144,"2,0",3,"0,0000","0,0000","0,0000",0,1.724.154,0,1.662.765,"100,00%","100,00%","92,36%","66,67%","100,00%","0,1300","0,1300","0,1847","0,1800","0,2700","1,0000",89%,1,Level 2
mar 25,ESPAÑA,SYSTEMS ENGINEERING,RETAIL CUSTOMERS SYSTEMS,89,ATM,2,2,2,2,2,2,"0,0",1,"0,0000","0,0000","0,0000",0,6.922.645,0,6.922.096,"100,00%","100,00%","100,00%","0,00%","100,00%","0,1300","0,1300","0,2000","0,0000","0,2700","1,0000",73%,1,Level 1
mar 25,ESPAÑA,SYSTEMS ENGINEERING,RETAIL CUSTOMERS SYSTEMS,93,WEB CHANNEL,7,5,6,7,80,93,"4,0",6,"0,0959","0,1013","-5,2906",421,4.390.000,434,4.286.129,"71,43%","85,71%","86,02%","66,67%","75,00%","0,0929","0,1114","0,1720","0,1800","0,2025","1,0000",76%,1,Level 1
mar 25,ESPAÑA,SYSTEMS ENGINEERING,RETAIL CUSTOMERS SYSTEMS,181,CONTACT CENTER,5,5,4,4,11,12,"5,0",5,"0,0249","0,0558","-55,2869",90,3.607.431,203,3.638.198,"100,00%","100,00%","91,67%","100,00%","100,00%","0,1300","0,1300","0,1833","0,2700","0,2700","1,0000",98%,1,Level 3
mar 25,ESPAÑA,SYSTEMS ENGINEERING,RETAIL CUSTOMERS SYSTEMS,281,PRIVATE BANKING,6,6,6,6,24,24,"4,5",6,"0,0000","0,0000","0,0000",0,688.530,0,652.296,"100,00%","100,00%","100,00%","75,00%","100,00%","0,1300","0,1300","0,2000","0,2025","0,2700","1,0000",93%,1,Level 3
mar 25,ESPAÑA,SYSTEMS ENGINEERING,RETAIL CUSTOMERS SYSTEMS,327,RETAIL DIGITAL SERVICES,12,12,12,12,8,8,"11,0",11,"0,0000","0,0054","-100,0000",0,1.296.276,7,1.296.460,"100,00%","100,00%","100,00%","100,00%","100,00%","0,1300","0,1300","0,2000","0,2700","0,2700","1,0000",100%,1,Level 3
mar 25,ESPAÑA,SYSTEMS ENGINEERING,RETAIL CUSTOMERS SYSTEMS,328,BRANCH CHANNEL,7,6,4,4,28,32,"1,0",7,"0,0715","0,0799","-10,5208",3.349,46.835.974,3.834,47.977.628,"85,71%","100,00%","87,50%","14,29%","100,00%","0,1114","0,1300","0,1750","0,0386","0,2700","1,0000",73%,1,Level 1
mar 25,ESPAÑA,SYSTEMS ENGINEERING,RETAIL CUSTOMERS SYSTEMS,329,OPEN BANKING,1,1,1,1,15,15,"1,0",1,"0,0000","0,0000","0,0000",0,6.243,0,5.546,"100,00%","100,00%","100,00%","100,00%","100,00%","0,1300","0,1300","0,2000","0,2700","0,2700","1,0000",100%,1,Level 3
mar 25,ESPAÑA,SYSTEMS ENGINEERING,RETAIL CUSTOMERS SYSTEMS,330,OPERATIONAL CRM,6,6,4,4,37,38,"5,0",5,"0,3325","0,3412","-2,5546",424,1.275.198,427,1.251.414,"100,00%","100,00%","97,37%","100,00%","0,00%","0,1300","0,1300","0,1947","0,2700","0,0000","1,0000",72%,1,Level 1
mar 25,ESPAÑA,SYSTEMS ENGINEERING,RETAIL CUSTOMERS SYSTEMS,331,DIGITAL MARKETING,2,2,0,0,36,37,"1,0",2,"0,0029","0,0029","-1,0995",2,691.877,2,684.270,"100,00%",-,"97,30%","50,00%","100,00%","0,1300",-,"0,1946","0,1350","0,2700","0,8700",84%,1,Level 2
mar 25,GSD,GSD,ALPHA,4621,CATÁLOGOS,0,0,2,2,1,1,"1,0",2,"0,0000","0,0000","0,0000",0,349.877,0,259.737,-,"100,00%","100,00%","50,00%","100,00%",-,"0,1300","0,2000","0,1350","0,2700","0,8700",84%,1,Level 2
mar 25,GSD,GSD,ALPHA,4622,FIRMA,0,0,1,1,0,0,"0,5",1,"0,0000","0,0000","0,0000",0,150.220,0,134.536,-,"100,00%",-,"50,00%","100,00%",-,"0,1300",-,"0,1350","0,2700","0,6700",80%,1,Level 1
mar 25,GSD,GSD,ALPHA,4623,INFRAESTRUCTURA MULTICANAL,0,0,5,5,19,21,"2,0",5,"0,0000","0,0000","0,0000",0,209.042,0,96.137,-,"100,00%","90,48%","40,00%","100,00%",-,"0,1300","0,1810","0,1080","0,2700","0,8700",79%,1,Level 1
mar 25,GSD,GSD,ALPHA,4625,OPERATIONAL DATA INFRASTRUCTURE,2,0,3,6,22,29,"2,0",4,"0,0000","0,0000","0,0000",0,369.469,0,324.414,"0,00%","50,00%","75,86%","50,00%","100,00%","0,0000","0,0650","0,1517","0,1350","0,2700","1,0000",62%,0,Not certified
mar 25,GSD,GSD,ALPHA,4647,INFRAESTRUCTURA PERSONAS Y CONTRATOS,0,0,5,5,37,37,"2,5",5,"0,0000","0,0000","0,0000",0,439.043,0,200.199,-,"100,00%","100,00%","50,00%","100,00%",-,"0,1300","0,2000","0,1350","0,2700","0,8700",84%,1,Level 2
mar 25,GSD,GSD,DEVOPS & SW DEV TOOLS,4308,SW DEVTOOLS SUITE,3,3,4,4,0,0,"3,0",3,"0,0395","0,0711","-44,5457",151,3.827.337,128,1.799.140,"100,00%","100,00%",-,"100,00%","100,00%","0,1300","0,1300",-,"0,2700","0,2700","0,8000",100%,1,Level 3
mar 25,GSD,GSD,DEVOPS & SW DEV TOOLS,6091,IAGEN SDLC,2,1,1,2,0,1,"0,0",1,"0,0000","-99,0000","0,0000",0,8.794,0,0,"50,00%","50,00%","0,00%","0,00%","100,00%","0,0650","0,0650","0,0000","0,0000","0,2700","1,0000",40%,0,Not certified
mar 25,GSD,GSD,DEVOPS & SW DEV TOOLS,6110,TESTING TOOLS,5,4,5,5,10,16,"5,0",5,"0,0254","0,0154","64,7129",35,1.380.084,18,1.169.062,"80,00%","100,00%","62,50%","100,00%","0,00%","0,1040","0,1300","0,1250","0,2700","0,0000","1,0000",63%,0,Not certified
mar 25,GSD,GSD,DEVOPS & SW DEV TOOLS,6124,UX & DESIGN,1,0,0,1,0,0,"0,0",1,"0,0000","-99,0000","0,0000",0,171.940,0,0,"0,00%","0,00%",-,"0,00%","100,00%","0,0000","0,0000",-,"0,0000","0,2700","0,8000",34%,0,Not certified
mar 25,GSD,GSD,DEVOPS & SW DEV TOOLS,6136,DEVOPS - CI/CD,9,6,6,9,4,5,"6,0",6,"0,0033","0,0147","-77,3165",9,2.706.011,338,23.052.272,"66,67%","66,67%","80,00%","100,00%","100,00%","0,0867","0,0867","0,1600","0,2700","0,2700","1,0000",87%,1,Level 2
mar 25,GSD,GSD,PAYMENT,427,PASIVO,0,0,1,1,10,10,"0,0",1,"0,0000","0,0000","0,0000",0,10.263,0,7.938,-,"100,00%","100,00%","0,00%","100,00%",-,"0,1300","0,2000","0,0000","0,2700","0,8700",69%,0,Not certified
mar 25,GSD,GSD,PAYMENT,430,FINANCIACIÓN,0,0,1,1,9,9,"0,0",0,"-99,0000","0,0000","0,0000",0,0,0,325.681,-,"100,00%","100,00%",-,-,-,"0,1300","0,2000",-,-,"0,3300",100%,1,Level 3
mar 25,GSD,GSD,PAYMENT,4357,PAYMENT AUTHORIZATION,0,0,3,3,19,19,"0,0",2,"0,0000","0,0000","0,0000",0,271.312,0,233.987,-,"100,00%","100,00%","0,00%","100,00%",-,"0,1300","0,2000","0,0000","0,2700","0,8700",69%,0,Not certified
mar 25,GSD,GSD,PAYMENT,4979,TRACKING PAYMENT,0,0,1,1,0,0,"1,0",1,"0,0000","0,0000","0,0000",0,5.673,0,5.690,-,"100,00%",-,"100,00%","100,00%",-,"0,1300",-,"0,2700","0,2700","0,6700",100%,1,Level 3
mar 25,GSD,GSD,PAYMENT,5527,PAYMENT METHODS SYSTEM,0,0,1,1,46,47,"0,0",1,"0,0000","0,0000","0,0000",0,256.014,0,238.460,-,"100,00%","97,87%","0,00%","100,00%",-,"0,1300","0,1957","0,0000","0,2700","0,8700",68%,0,Not certified
mar 25,GSD,GSD,SECURITY GSD,5222,S-SDLC PROCESSES GLOBAL,1,1,1,1,0,0,"1,0",1,"0,0000","0,0000","0,0000",0,139.601,0,128.293,"100,00%","100,00%",-,"100,00%","100,00%","0,1300","0,1300",-,"0,2700","0,2700","0,8000",100%,1,Level 3
mar 25,GSD,GSD,SW DEV TRANSF,238,SDLC PROCESSES GLOBAL,1,1,1,1,1,1,"1,0",1,"0,1062","0,1115","-4,7057",27,254.153,24,215.283,"100,00%","100,00%","100,00%","100,00%","75,00%","0,1300","0,1300","0,2000","0,2700","0,2025","1,0000",93%,1,Level 3
mar 25,GSD,GSD,SW DEV TRANSF,6198,SOPORTE HELIX,0,0,0,0,0,0,"0,0",0,"-99,0000","-99,0000","0,0000",0,0,0,0,-,-,-,-,-,-,-,-,-,-,"0,0000",No tiene el mínimo para calcular indicadores,-,-
mar 25,GSD,GSD,SW DEV TRANSF,6290,TRAINING - SERVICE FOR PRACTICE,1,0,0,1,0,0,"0,0",1,"0,0000","-99,0000","0,0000",0,1.821,0,0,"0,00%","0,00%",-,"0,00%","100,00%","0,0000","0,0000",-,"0,0000","0,2700","0,8000",34%,0,Not certified
mar 25,I&O HUB AMÉRICA,R&IC,CFE,6151,SCREENING & TRANSACTION MONITORING AML,1,0,0,1,0,0,"0,0",1,"-99,0000","-99,0000","0,0000",0,0,0,0,"0,00%","0,00%",-,"0,00%",-,"0,0000","0,0000",-,"0,0000",-,"0,5300",0%,0,Not certified
mar 25,MÉXICO,DATA TRANSFORMATION & ENGINEERING,DATAHUB EXTENDED,109,TRANSACTIONAL S&C,3,3,3,3,516,517,"2,5",3,"0,0000","0,0000","0,0000",0,1.231.724,0,1.118.563,"100,00%","100,00%","99,81%","83,33%","100,00%","0,1300","0,1300","0,1996","0,2250","0,2700","1,0000",95%,1,Level 3
mar 25,MÉXICO,DATA TRANSFORMATION & ENGINEERING,DATAHUB EXTENDED,111,CLIENT SOLUTIONS,4,4,4,4,694,696,"2,0",4,"0,0000","0,0000","0,0000",0,1.760.811,0,1.661.628,"100,00%","100,00%","99,71%","50,00%","100,00%","0,1300","0,1300","0,1994","0,1350","0,2700","1,0000",86%,1,Level 2
mar 25,MÉXICO,DATA TRANSFORMATION & ENGINEERING,DATAHUB EXTENDED,112,DATA BANKING,3,2,3,3,554,555,"3,0",3,"0,0000","0,0000","0,0000",0,1.103.566,0,999.331,"66,67%","100,00%","99,82%","100,00%","100,00%","0,0867","0,1300","0,1996","0,2700","0,2700","1,0000",96%,1,Level 3
mar 25,MÉXICO,DATA TRANSFORMATION & ENGINEERING,DATAHUB EXTENDED,223,INFORMATIONAL,1,1,1,1,0,0,"1,0",1,"0,0000","0,0000","0,0000",0,6.386,0,6.386,"100,00%","100,00%",-,"100,00%","100,00%","0,1300","0,1300",-,"0,2700","0,2700","0,8000",100%,1,Level 3
mar 25,MÉXICO,DATA TRANSFORMATION & ENGINEERING,DATAHUB EXTENDED,3560,OPERATIONAL ENTERPRISE,3,3,3,3,389,390,"1,0",3,"0,0000","0,0004","-100,0000",0,2.682.752,1,2.662.116,"100,00%","100,00%","99,74%","33,33%","100,00%","0,1300","0,1300","0,1995","0,0900","0,2700","1,0000",82%,1,Level 2
mar 25,MÉXICO,DATA TRANSFORMATION & ENGINEERING,DATAHUB EXTENDED,7514,DATA INSURANCE,1,0,1,1,17,17,"1,0",1,"0,0000","0,0000","0,0000",0,129.819,0,127.260,"0,00%","100,00%","100,00%","100,00%","100,00%","0,0000","0,1300","0,2000","0,2700","0,2700","1,0000",87%,1,Level 2
mar 25,MÉXICO,DATA TRANSFORMATION & ENGINEERING,DATAHUB FINANZAS Y RIESGOS,113,DATA RISK,4,4,3,4,795,807,"2,0",4,"0,0000","0,0362","-100,0000",0,2.258.447,78,2.152.100,"100,00%","75,00%","98,51%","50,00%","100,00%","0,1300","0,0975","0,1970","0,1350","0,2700","1,0000",83%,1,Level 2
mar 25,MÉXICO,DATA TRANSFORMATION & ENGINEERING,DATAHUB FINANZAS Y RIESGOS,5552,DATA FINANCE,5,5,3,5,675,692,"4,0",5,"0,0000","0,0000","0,0000",0,1.318.271,0,1.034.603,"100,00%","60,00%","97,54%","80,00%","100,00%","0,1300","0,0780","0,1951","0,2160","0,2700","1,0000",89%,1,Level 2
mar 25,MÉXICO,DATA TRANSFORMATION & ENGINEERING,SEGURIDAD Y OTRAS PI,5009,DATA LEGACY,3,3,0,3,0,0,"2,0",2,"0,1641","0,0000","0,0000",14,85.288,0,53.241,"100,00%","0,00%",-,"100,00%","0,00%","0,1300","0,0000",-,"0,2700","0,0000","0,8000",50%,0,Not certified
mar 25,MÉXICO,SYSTEMS ENGINEERING,C&IB,61,ASSET MANAGEMENT,1,1,1,1,16,16,"1,0",1,"0,3487","0,3563","-2,1320",516,1.479.938,516,1.448.386,"100,00%","100,00%","100,00%","100,00%","0,00%","0,1300","0,1300","0,2000","0,2700","0,0000","1,0000",73%,1,Level 1
mar 25,MÉXICO,SYSTEMS ENGINEERING,C&IB,280,CROSS & LENDING,10,9,9,10,34,34,"7,0",9,"0,0000","0,0016","-100,0000",0,4.771.701,7,4.408.067,"90,00%","90,00%","100,00%","77,78%","100,00%","0,1170","0,1170","0,2000","0,2100","0,2700","1,0000",91%,1,Level 3
mar 25,MÉXICO,SYSTEMS ENGINEERING,C&IB,281,PRIVATE BANKING,2,2,2,2,86,91,"2,0",2,"0,0000","0,0000","0,0000",0,242.381,0,24.823,"100,00%","100,00%","94,51%","100,00%","100,00%","0,1300","0,1300","0,1890","0,2700","0,2700","1,0000",99%,1,Level 3
mar 25,MÉXICO,SYSTEMS ENGINEERING,C&IB,282,"FX, DERIVATIVES & CUSTODY",9,8,9,10,71,71,"5,0",7,"0,0972","0,0945","2,9052",295,3.033.711,286,3.026.604,"88,89%","90,00%","100,00%","71,43%","25,00%","0,1156","0,1170","0,2000","0,1929","0,0675","1,0000",69%,0,Not certified
mar 25,MÉXICO,SYSTEMS ENGINEERING,C&IB,283,OTC & RISK,5,4,4,5,81,81,"4,0",4,"0,1698","0,1792","-5,2249",178,1.048.129,178,993.365,"80,00%","80,00%","100,00%","100,00%","75,00%","0,1040","0,1040","0,2000","0,2700","0,2025","1,0000",88%,1,Level 2
mar 25,MÉXICO,SYSTEMS ENGINEERING,C&IB,284,FI & REPORTING,8,6,6,8,100,101,"3,0",4,"0,8146","1,0820","-24,7140",2.572,3.157.341,3.204,2.961.128,"75,00%","75,00%","99,01%","75,00%","0,00%","0,0975","0,0975","0,1980","0,2025","0,0000","1,0000",60%,0,Not certified
mar 25,MÉXICO,SYSTEMS ENGINEERING,C&IB,285,EQUITY,4,4,4,4,24,24,"2,0",4,"8,2480","8,2561","-0,0980",25.692,3.114.926,25.692,3.111.874,"100,00%","100,00%","100,00%","50,00%","0,00%","0,1300","0,1300","0,2000","0,1350","0,0000","1,0000",60%,0,Not certified
mar 25,MÉXICO,SYSTEMS ENGINEERING,CORE BANKING PRODUCTS,55,LOANS,6,5,6,6,133,137,"4,0",6,"0,0000","0,0000","0,0000",0,5.712.589,0,975.694,"83,33%","100,00%","97,08%","66,67%","100,00%","0,1083","0,1300","0,1942","0,1800","0,2700","1,0000",88%,1,Level 2
mar 25,MÉXICO,SYSTEMS ENGINEERING,CORE BANKING PRODUCTS,157,CLIENTS,6,5,5,6,127,130,"3,0",5,"0,0000","0,0000","0,0000",0,4.918.637,0,890.914,"83,33%","83,33%","97,69%","60,00%","100,00%","0,1083","0,1083","0,1954","0,1620","0,2700","1,0000",84%,1,Level 2
mar 25,MÉXICO,SYSTEMS ENGINEERING,CORE BANKING PRODUCTS,167,PAYROLLS AND TRANSFERS,4,2,4,4,87,87,"1,5",4,"0,0000","0,0000","0,0000",0,1.452.148,0,573.503,"50,00%","100,00%","100,00%","37,50%","100,00%","0,0650","0,1300","0,2000","0,1013","0,2700","1,0000",77%,1,Level 1
mar 25,MÉXICO,SYSTEMS ENGINEERING,CORE BANKING PRODUCTS,168,CONTRACTING AND AUTHENTICATION MODULES,2,2,2,2,129,129,"2,0",2,"0,0000","0,0000","0,0000",0,2.044.098,0,427.116,"100,00%","100,00%","100,00%","100,00%","100,00%","0,1300","0,1300","0,2000","0,2700","0,2700","1,0000",100%,1,Level 3
mar 25,MÉXICO,SYSTEMS ENGINEERING,CORE BANKING PRODUCTS,169,ACCOUNTS,7,6,6,7,148,149,"5,5",7,"0,0003","0,0026","-88,0969",1,3.291.854,1,391.832,"85,71%","85,71%","99,33%","78,57%","100,00%","0,1114","0,1114","0,1987","0,2121","0,2700","1,0000",90%,1,Level 3
mar 25,MÉXICO,SYSTEMS ENGINEERING,CORE BANKING PRODUCTS,5228,CUSTOMER OPERATION DATA LAYER,4,3,4,4,46,46,"3,0",4,"0,0178","0,0212","-16,0833",9,505.428,2,94.253,"75,00%","100,00%","100,00%","75,00%","100,00%","0,0975","0,1300","0,2000","0,2025","0,2700","1,0000",90%,1,Level 3
mar 25,MÉXICO,SYSTEMS ENGINEERING,CORE CROSS SYSTEMS,362,ACCOUNT STATEMENTS & TAX STAMPS,2,2,2,2,20,20,"1,0",2,"0,1006","0,0504","99,5900",76,755.720,5,99.233,"100,00%","100,00%","100,00%","50,00%","0,00%","0,1300","0,1300","0,2000","0,1350","0,0000","1,0000",60%,0,Not certified
mar 25,MÉXICO,SYSTEMS ENGINEERING,CORE CROSS SYSTEMS,363,APPLICATION SECURITY,1,1,1,1,16,17,"0,0",1,"0,0000","0,0000","0,0000",0,1.609.303,0,1.594.849,"100,00%","100,00%","94,12%","0,00%","100,00%","0,1300","0,1300","0,1882","0,0000","0,2700","1,0000",72%,1,Level 1
mar 25,MÉXICO,SYSTEMS ENGINEERING,CORE CROSS SYSTEMS,364,DIGITAL CONTACTABILITY,2,2,2,2,66,66,"1,0",2,"0,0017","0,0183","-90,4955",1,574.053,2,109.122,"100,00%","100,00%","100,00%","50,00%","100,00%","0,1300","0,1300","0,2000","0,1350","0,2700","1,0000",87%,1,Level 2
mar 25,MÉXICO,SYSTEMS ENGINEERING,CORE CROSS SYSTEMS,365,ATMS & INFRASTRUCTURE,2,2,2,2,30,30,"1,0",2,"0,0000","0,0000","0,0000",0,798.999,0,785.028,"100,00%","100,00%","100,00%","50,00%","100,00%","0,1300","0,1300","0,2000","0,1350","0,2700","1,0000",87%,1,Level 2
mar 25,MÉXICO,SYSTEMS ENGINEERING,CORE CROSS SYSTEMS,4036,MULTIASISTENCIA,2,1,2,2,103,103,"2,0",2,"0,0335","0,0049","578,6147",255,7.611.680,36,7.292.327,"50,00%","100,00%","100,00%","100,00%","0,00%","0,0650","0,1300","0,2000","0,2700","0,0000","1,0000",67%,0,Not certified
mar 25,MÉXICO,SYSTEMS ENGINEERING,CORE CROSS SYSTEMS,5469,SYSTEMS CONTACT CENTER,6,5,6,6,180,187,"2,5",6,"1,0604","0,3773","181,0457",23.374,22.043.518,5.268,13.962.737,"83,33%","100,00%","96,26%","41,67%","0,00%","0,1083","0,1300","0,1925","0,1125","0,0000","1,0000",54%,0,Not certified
mar 25,MÉXICO,SYSTEMS ENGINEERING,CORPORATE FUNCTIONS,200,TALENT & CULTURE,3,3,3,3,84,85,"2,0",3,"0,7715","1,6124","-52,1516",14.781,19.158.584,9.662,5.992.308,"100,00%","100,00%","98,82%","66,67%","0,00%","0,1300","0,1300","0,1976","0,1800","0,0000","1,0000",64%,0,Not certified
mar 25,MÉXICO,SYSTEMS ENGINEERING,CORPORATE FUNCTIONS,298,RISK,7,5,6,6,203,203,"1,5",6,"0,1002","0,0963","4,0255",772,7.702.591,662,6.870.961,"71,43%","100,00%","100,00%","25,00%","25,00%","0,0929","0,1300","0,2000","0,0675","0,0675","1,0000",56%,0,Not certified
mar 25,MÉXICO,SYSTEMS ENGINEERING,CORPORATE FUNCTIONS,351,AACC,2,2,2,2,74,74,"2,0",2,"0,1198","0,1254","-4,4514",912,7.611.146,920,7.336.134,"100,00%","100,00%","100,00%","100,00%","75,00%","0,1300","0,1300","0,2000","0,2700","0,2025","1,0000",93%,1,Level 3
mar 25,MÉXICO,SYSTEMS ENGINEERING,CORPORATE FUNCTIONS,354,FINANCE & PROCUREMENT,3,2,3,3,73,73,"0,0",3,"1,2494","1,4037","-10,9929",4.672,3.739.430,4.024,2.866.720,"66,67%","100,00%","100,00%","0,00%","0,00%","0,0867","0,1300","0,2000","0,0000","0,0000","1,0000",42%,0,Not certified
mar 25,MÉXICO,SYSTEMS ENGINEERING,CORPORATE FUNCTIONS,355,COMPLIANCE & LEGAL,2,2,2,2,124,124,"0,0",2,"0,7152","0,8123","-11,9545",1.187,1.659.777,1.211,1.490.907,"100,00%","100,00%","100,00%","0,00%","0,00%","0,1300","0,1300","0,2000","0,0000","0,0000","1,0000",46%,0,Not certified
mar 25,MÉXICO,SYSTEMS ENGINEERING,CORPORATE FUNCTIONS,356,CREDIT ACQUISITION & AUTOMATION,2,2,2,2,41,41,"1,0",2,"0,0084","0,6661","-98,7461",13,1.556.468,225,337.776,"100,00%","100,00%","100,00%","50,00%","100,00%","0,1300","0,1300","0,2000","0,1350","0,2700","1,0000",87%,1,Level 2
mar 25,MÉXICO,SYSTEMS ENGINEERING,CORPORATE FUNCTIONS,3613,LOCAL SERVICES,2,2,2,2,95,97,"2,0",2,"0,0815","0,0963","-15,4163",101,1.239.591,68,705.915,"100,00%","100,00%","97,94%","100,00%","100,00%","0,1300","0,1300","0,1959","0,2700","0,2700","1,0000",100%,1,Level 3
mar 25,MÉXICO,SYSTEMS ENGINEERING,ENTERPRISE,53,CONSUMER FINANCE,3,2,3,3,51,51,"2,0",3,"0,0000","0,0000","0,0000",0,256.557,0,211.752,"66,67%","100,00%","100,00%","66,67%","100,00%","0,0867","0,1300","0,2000","0,1800","0,2700","1,0000",87%,1,Level 2
mar 25,MÉXICO,SYSTEMS ENGINEERING,ENTERPRISE,210,API CHANNEL,4,4,3,4,8,10,"3,0",4,"0,1984","0,0000","0,0000",155,781.201,0,42.211,"100,00%","75,00%","80,00%","75,00%","0,00%","0,1300","0,0975","0,1600","0,2025","0,0000","1,0000",59%,0,Not certified
mar 25,MÉXICO,SYSTEMS ENGINEERING,ENTERPRISE,211,ENTERPRISE WEB,7,3,7,7,136,138,"3,5",7,"0,0684","0,0924","-26,0408",2.065,30.207.558,2.505,27.101.617,"42,86%","100,00%","98,55%","50,00%","100,00%","0,0557","0,1300","0,1971","0,1350","0,2700","1,0000",79%,1,Level 1
mar 25,MÉXICO,SYSTEMS ENGINEERING,ENTERPRISE,212,SPECIALIZED PRODUCTS,4,3,4,4,88,88,"2,0",4,"8,0191","5,4590","46,8971",42.562,5.307.591,23.831,4.365.468,"75,00%","100,00%","100,00%","50,00%","0,00%","0,0975","0,1300","0,2000","0,1350","0,0000","1,0000",56%,0,Not certified
mar 25,MÉXICO,SYSTEMS ENGINEERING,ENTERPRISE,3604,MOBILE ENTERPRISE,1,1,1,1,35,36,"1,0",1,"-99,0000","-99,0000","0,0000",0,0,0,0,"100,00%","100,00%","97,22%","100,00%",-,"0,1300","0,1300","0,1944","0,2700",-,"0,7300",99%,1,Level 3
mar 25,MÉXICO,SYSTEMS ENGINEERING,ENTERPRISE,4038,DIGITAL WORKPLACE & CRM,5,4,5,5,133,133,"4,0",4,"0,0631","0,0848","-25,6514",579,9.181.792,579,6.826.533,"80,00%","100,00%","100,00%","100,00%","100,00%","0,1040","0,1300","0,2000","0,2700","0,2700","1,0000",97%,1,Level 3
mar 25,MÉXICO,SYSTEMS ENGINEERING,ENTERPRISE,6123,DIGITAL SMEs,2,2,2,2,33,33,"2,0",2,"0,0000","0,0000","0,0000",0,7.407,0,7.282,"100,00%","100,00%","100,00%","100,00%","100,00%","0,1300","0,1300","0,2000","0,2700","0,2700","1,0000",100%,1,Level 3
mar 25,MÉXICO,SYSTEMS ENGINEERING,INSURANCE,223,INFORMATIONAL,1,1,1,1,9,9,"1,0",1,"0,0000","0,0000","0,0000",0,410,0,410,"100,00%","100,00%","100,00%","100,00%","100,00%","0,1300","0,1300","0,2000","0,2700","0,2700","1,0000",100%,1,Level 3
mar 25,MÉXICO,SYSTEMS ENGINEERING,INSURANCE,224,CHANNELS,4,4,4,4,54,54,"3,0",4,"0,0619","0,0931","-33,4353",548,8.845.879,539,5.791.531,"100,00%","100,00%","100,00%","75,00%","100,00%","0,1300","0,1300","0,2000","0,2025","0,2700","1,0000",93%,1,Level 3
mar 25,MÉXICO,SYSTEMS ENGINEERING,INSURANCE,225,CORE CROSS,3,3,4,4,255,255,"2,0",4,"0,0048","0,0000","0,0000",25,5.185.857,0,1.574.247,"100,00%","100,00%","100,00%","50,00%","0,00%","0,1300","0,1300","0,2000","0,1350","0,0000","1,0000",60%,0,Not certified
mar 25,MÉXICO,SYSTEMS ENGINEERING,PAYMENTS SYSTEMS,213,METHODS,3,3,3,3,95,97,"3,0",3,"0,0000","0,0000","0,0000",0,37.127,0,27.588,"100,00%","100,00%","97,94%","100,00%","100,00%","0,1300","0,1300","0,1959","0,2700","0,2700","1,0000",100%,1,Level 3
mar 25,MÉXICO,SYSTEMS ENGINEERING,PAYMENTS SYSTEMS,215,TRANSACTIONS ENGINE,2,2,2,2,71,71,"1,5",2,"0,0000","0,0000","0,0000",0,64.068,0,63.403,"100,00%","100,00%","100,00%","75,00%","100,00%","0,1300","0,1300","0,2000","0,2025","0,2700","1,0000",93%,1,Level 3
mar 25,MÉXICO,SYSTEMS ENGINEERING,PAYMENTS SYSTEMS,217,CREDITS,5,5,5,5,134,137,"4,0",5,"0,0000","0,0000","0,0000",0,3.817.198,0,624.023,"100,00%","100,00%","97,81%","80,00%","100,00%","0,1300","0,1300","0,1956","0,2160","0,2700","1,0000",94%,1,Level 3
mar 25,MÉXICO,SYSTEMS ENGINEERING,PAYMENTS SYSTEMS,218,MERCHANTS,2,1,2,2,89,89,"0,0",2,"0,0110","0,0112","-2,4333",13,1.185.042,13,1.156.206,"50,00%","100,00%","100,00%","0,00%","75,00%","0,0650","0,1300","0,2000","0,0000","0,2025","1,0000",60%,0,Not certified
mar 25,MÉXICO,SYSTEMS ENGINEERING,PAYMENTS SYSTEMS,219,BANXICO,1,1,1,1,62,66,"0,0",1,"0,0008","0,0009","-11,1686",2,2.545.461,2,2.261.168,"100,00%","100,00%","93,94%","0,00%","100,00%","0,1300","0,1300","0,1879","0,0000","0,2700","1,0000",72%,1,Level 1
mar 25,MÉXICO,SYSTEMS ENGINEERING,PAYMENTS SYSTEMS,221,SUBSCRIPTIONS AND SERVICES,2,2,2,2,64,64,"0,0",2,"0,0000","0,0000","0,0000",0,1.747.196,0,216.988,"100,00%","100,00%","100,00%","0,00%","100,00%","0,1300","0,1300","0,2000","0,0000","0,2700","1,0000",73%,1,Level 1
mar 25,MÉXICO,SYSTEMS ENGINEERING,PAYMENTS SYSTEMS,7338,PAYMENTS METHODS,1,0,0,1,0,0,"1,0",1,"-99,0000","-99,0000","0,0000",0,0,0,0,"0,00%","0,00%",-,"100,00%",-,"0,0000","0,0000",-,"0,2700",-,"0,5300",51%,0,Not certified
mar 25,MÉXICO,SYSTEMS ENGINEERING,RETAIL,81,WEB,4,2,4,4,62,66,"2,0",4,"0,0458","0,1069","-57,1753",197,4.304.267,455,4.257.339,"50,00%","100,00%","93,94%","50,00%","100,00%","0,0650","0,1300","0,1879","0,1350","0,2700","1,0000",79%,1,Level 1
mar 25,MÉXICO,SYSTEMS ENGINEERING,RETAIL,83,BRANCHES,7,7,7,7,131,131,"2,0",7,"0,0399","0,0435","-8,1950",474,11.876.688,463,10.650.364,"100,00%","100,00%","100,00%","28,57%","75,00%","0,1300","0,1300","0,2000","0,0771","0,2025","1,0000",74%,1,Level 1
mar 25,MÉXICO,SYSTEMS ENGINEERING,RETAIL,84,CRM,6,5,6,6,67,67,"5,0",6,"0,0070","0,0455","-84,5244",19,2.696.403,23,505.134,"83,33%","100,00%","100,00%","83,33%","100,00%","0,1083","0,1300","0,2000","0,2250","0,2700","1,0000",93%,1,Level 3
mar 25,MÉXICO,SYSTEMS ENGINEERING,RETAIL,85,OPEN MARKET,1,1,1,1,18,18,"0,0",1,"0,0554","0,0041","1238,7309",105,1.896.731,4,967.319,"100,00%","100,00%","100,00%","0,00%","0,00%","0,1300","0,1300","0,2000","0,0000","0,0000","1,0000",46%,0,Not certified
mar 25,MÉXICO,SYSTEMS ENGINEERING,RETAIL,3592,MOBILE RETAIL,1,1,1,1,121,130,"0,0",1,"0,0012","0,0012","-0,0038",6,4.813.416,6,4.813.233,"100,00%","100,00%","93,08%","0,00%","100,00%","0,1300","0,1300","0,1862","0,0000","0,2700","1,0000",72%,1,Level 1
mar 25,MÉXICO,SYSTEMS ENGINEERING,RETAIL,6538,MULTICHANNEL RETAIL,1,0,2,2,156,156,"1,0",1,"-99,0000","-99,0000","0,0000",0,0,0,0,"0,00%","100,00%","100,00%","100,00%",-,"0,0000","0,1300","0,2000","0,2700",-,"0,7300",82%,1,Level 2
mar 25,MÉXICO,SYSTEMS ENGINEERING,Systems Strategy & Transformation,7168,DEVOPS & SW DEVELOPMENT TOOLS,1,0,1,1,0,0,"0,0",0,"-99,0000","-99,0000","0,0000",0,0,0,0,"0,00%","100,00%",-,-,-,"0,0000","0,1300",-,-,-,"0,2600",50%,0,Not certified
mar 25,PERÚ,DATA,DATAHUB,3730,DATIO CLIENT SOLUTIONS,5,5,5,5,43,44,"3,5",5,"0,0000","0,0000","0,0000",0,453.418,0,427.323,"100,00%","100,00%","97,73%","70,00%","100,00%","0,1300","0,1300","0,1955","0,1890","0,2700","1,0000",91%,1,Level 3
mar 25,PERÚ,DATA,DATAHUB,3756,DATIO ENGINEERING,5,5,5,5,348,350,"3,0",3,"0,0008","0,0000","0,0000",1,1.203.926,0,1.179.917,"100,00%","100,00%","99,43%","100,00%","100,00%","0,1300","0,1300","0,1989","0,2700","0,2700","1,0000",100%,1,Level 3
mar 25,PERÚ,DATA,DATAHUB,3842,DATIO CIB/T&C/RIC,3,3,3,3,7,7,"3,0",3,"0,0000","0,0000","0,0000",0,344.424,0,341.495,"100,00%","100,00%","100,00%","100,00%","100,00%","0,1300","0,1300","0,2000","0,2700","0,2700","1,0000",100%,1,Level 3
mar 25,PERÚ,DATA,DATAHUB,6094,DATIO RIESGOS,4,4,4,4,71,71,"3,0",4,"0,0000","0,0000","0,0000",0,1.489.328,0,1.405.196,"100,00%","100,00%","100,00%","75,00%","100,00%","0,1300","0,1300","0,2000","0,2025","0,2700","1,0000",93%,1,Level 3
mar 25,PERÚ,DATA,DATAHUB,6097,DATIO FINANZAS,6,6,6,6,57,57,"1,5",6,"0,0006","0,0007","-3,9320",1,1.595.202,1,1.532.478,"100,00%","100,00%","100,00%","25,00%","100,00%","0,1300","0,1300","0,2000","0,0675","0,2700","1,0000",80%,1,Level 1
mar 25,PERÚ,SYSTEMS,CIB SYSTEMS,61,ASSET MANAGEMENT,10,0,8,10,0,0,"0,5",2,"0,0000","0,0000","0,0000",0,706.598,0,706.346,"0,00%","80,00%",-,"25,00%","100,00%","0,0000","0,1040",-,"0,0675","0,2700","0,8000",55%,0,Not certified
mar 25,PERÚ,SYSTEMS,CIB SYSTEMS,5729,CIB PRODUCTS,19,0,17,19,25,27,"11,0",13,"0,1366","0,1570","-12,9776",257,1.880.952,257,1.636.850,"0,00%","89,47%","92,59%","84,62%","100,00%","0,0000","0,1163","0,1852","0,2285","0,2700","1,0000",80%,1,Level 1
mar 25,PERÚ,SYSTEMS,CORE CLIENTS,54,INTERBANK PAYMENTS,11,8,11,11,65,65,"1,5",5,"0,0000","0,0000","0,0000",0,1.062.345,0,1.057.825,"72,73%","100,00%","100,00%","30,00%","100,00%","0,0945","0,1300","0,2000","0,0810","0,2700","1,0000",78%,1,Level 1
mar 25,PERÚ,SYSTEMS,CORE CLIENTS,376,PEOPLE,7,7,7,7,7,7,"2,0",4,"0,0011","0,0011","-0,1956",1,940.642,1,938.802,"100,00%","100,00%","100,00%","50,00%","100,00%","0,1300","0,1300","0,2000","0,1350","0,2700","1,0000",87%,1,Level 2
mar 25,PERÚ,SYSTEMS,CORE CLIENTS,377,ACCOUNTS & DEPOSITS,5,5,6,6,40,40,"1,0",3,"0,0000","0,0000","0,0000",0,2.036.252,0,2.028.632,"100,00%","100,00%","100,00%","33,33%","100,00%","0,1300","0,1300","0,2000","0,0900","0,2700","1,0000",82%,1,Level 2
mar 25,PERÚ,SYSTEMS,CORPORATE,30,COMPLIANCE,11,11,12,12,12,12,"8,0",8,"0,0835","0,0836","-0,0070",102,1.220.864,102,1.220.778,"100,00%","100,00%","100,00%","100,00%","75,00%","0,1300","0,1300","0,2000","0,2700","0,2025","1,0000",93%,1,Level 3
mar 25,PERÚ,SYSTEMS,CORPORATE,198,LEGAL,2,2,4,4,3,3,"1,5",2,"0,1220","0,1373","-11,1209",199,1.630.816,199,1.449.454,"100,00%","100,00%","100,00%","75,00%","100,00%","0,1300","0,1300","0,2000","0,2025","0,2700","1,0000",93%,1,Level 3
mar 25,PERÚ,SYSTEMS,CORPORATE,199,ENGINEERING,12,8,12,12,3,3,"2,0",4,"0,0000","0,0000","0,0000",0,479.428,0,471.730,"66,67%","100,00%","100,00%","50,00%","100,00%","0,0867","0,1300","0,2000","0,1350","0,2700","1,0000",82%,1,Level 2
mar 25,PERÚ,SYSTEMS,CORPORATE,200,TALENT & CULTURE,14,7,11,13,8,8,"4,5",7,"0,0203","0,0183","10,4912",94,4.636.284,85,4.632.217,"50,00%","84,62%","100,00%","64,29%","0,00%","0,0650","0,1100","0,2000","0,1736","0,0000","1,0000",55%,0,Not certified
mar 25,PERÚ,SYSTEMS,CROSS SYSTEMS,62,INSURANCE DISTRIBUTION,2,2,2,2,64,64,"0,0",1,"0,0006","0,0006","-0,2820",1,1.627.435,1,1.622.846,"100,00%","100,00%","100,00%","0,00%","100,00%","0,1300","0,1300","0,2000","0,0000","0,2700","1,0000",73%,1,Level 1
mar 25,PERÚ,SYSTEMS,CROSS SYSTEMS,5311,OTHER CROSS PRODUCTS,7,7,5,7,41,41,"0,5",5,"0,0000","0,0000","0,0000",0,2.837.089,0,2.790.012,"100,00%","71,43%","100,00%","10,00%","100,00%","0,1300","0,0929","0,2000","0,0270","0,2700","1,0000",72%,1,Level 1
mar 25,PERÚ,SYSTEMS,CROSS SYSTEMS,5360,COMMERCIAL SUPPORT,6,6,6,6,55,55,"2,0",5,"0,0463","0,0483","-4,0969",136,2.936.531,136,2.816.225,"100,00%","100,00%","100,00%","40,00%","75,00%","0,1300","0,1300","0,2000","0,1080","0,2025","1,0000",77%,1,Level 1
mar 25,PERÚ,SYSTEMS,ENTERPRISE,58,ENTERPRISE BANKING CANALES WEB & MOBILE,15,12,15,16,71,71,"5,5",10,"0,3987","0,3988","-0,0164",2.265,5.680.850,2.265,5.679.917,"80,00%","93,75%","100,00%","55,00%","0,00%","0,1040","0,1219","0,2000","0,1485","0,0000","1,0000",57%,0,Not certified
mar 25,PERÚ,SYSTEMS,ENTERPRISE,60,ENTERPRISE BRANCH,2,2,2,2,15,15,"0,5",2,"0,0866","0,0626","38,3905",56,646.913,39,623.489,"100,00%","100,00%","100,00%","25,00%","0,00%","0,1300","0,1300","0,2000","0,0675","0,0000","1,0000",53%,0,Not certified
mar 25,PERÚ,SYSTEMS,ENTERPRISE,329,OPEN BANKING,3,3,3,3,16,17,"0,0",0,"0,0000","0,0000","0,0000",0,1.124,0,1.124,"100,00%","100,00%","94,12%",-,"100,00%","0,1300","0,1300","0,1882",-,"0,2700","0,7300",98%,1,Level 3
mar 25,PERÚ,SYSTEMS,FINANCE,80,FINANCE,17,17,17,17,30,31,"3,0",6,"0,2018","0,2203","-8,3979",629,3.116.633,685,3.109.075,"100,00%","100,00%","96,77%","50,00%","0,00%","0,1300","0,1300","0,1935","0,1350","0,0000","1,0000",59%,0,Not certified
mar 25,PERÚ,SYSTEMS,FINANCE,378,ACCOUNTING,7,7,5,7,35,35,"5,5",7,"0,1969","0,1868","5,4454",114,578.904,108,578.300,"100,00%","71,43%","100,00%","78,57%","25,00%","0,1300","0,0929","0,2000","0,2121","0,0675","1,0000",70%,1,Level 1
mar 25,PERÚ,SYSTEMS,LOANS,53,CONSUMER FINANCE,4,0,3,3,59,59,"1,5",2,"0,0000","0,0000","0,0000",0,1.433.144,0,1.403.319,"0,00%","100,00%","100,00%","75,00%","100,00%","0,0000","0,1300","0,2000","0,2025","0,2700","1,0000",80%,1,Level 2
mar 25,PERÚ,SYSTEMS,LOANS,55,LOANS,7,5,5,7,2,2,"1,5",2,"0,0000","0,0000","0,0000",0,5.180,0,2.141,"71,43%","71,43%","100,00%","75,00%","100,00%","0,0929","0,0929","0,2000","0,2025","0,2700","1,0000",86%,1,Level 2
mar 25,PERÚ,SYSTEMS,LOANS,6190,LOANS OTHER PRODUCTS,14,0,14,14,8,8,"3,0",4,"0,7130","0,1893","276,6273",1.225,1.718.025,325,1.716.677,"0,00%","100,00%","100,00%","75,00%","0,00%","0,0000","0,1300","0,2000","0,2025","0,0000","1,0000",53%,0,Not certified
mar 25,PERÚ,SYSTEMS,PAYMENT METHODS,263,ADQUIRENCIA,2,0,2,2,33,34,"1,0",2,"0,0000","0,0000","0,0000",0,220.497,0,202.109,"0,00%","100,00%","97,06%","50,00%","100,00%","0,0000","0,1300","0,1941","0,1350","0,2700","1,0000",73%,1,Level 1
mar 25,PERÚ,SYSTEMS,PAYMENT METHODS,264,OTHER PAYMENT PRODUCTS & SERVICES,4,1,5,5,25,25,"1,0",4,"0,0000","0,0000","0,0000",0,360.693,0,356.141,"25,00%","100,00%","100,00%","25,00%","100,00%","0,0325","0,1300","0,2000","0,0675","0,2700","1,0000",70%,1,Level 1
mar 25,PERÚ,SYSTEMS,PAYMENT METHODS,265,ISSUING,3,3,2,3,29,30,"1,0",2,"0,0000","0,0000","0,0000",0,2.002.599,0,1.982.459,"100,00%","66,67%","96,67%","50,00%","100,00%","0,1300","0,0867","0,1933","0,1350","0,2700","1,0000",82%,1,Level 2
mar 25,PERÚ,SYSTEMS,PAYMENT METHODS,7282,NEW PAYMENT RAILS,1,1,1,1,43,43,"0,0",1,"0,0000","0,0000","0,0000",0,277.380,0,276.706,"100,00%","100,00%","100,00%","0,00%","100,00%","0,1300","0,1300","0,2000","0,0000","0,2700","1,0000",73%,1,Level 1
mar 25,PERÚ,SYSTEMS,RETAIL,94,CRM & DIGITAL MARKETING,2,2,2,2,0,0,"0,5",2,"0,0000","0,0000","0,0000",0,144.643,0,140.182,"100,00%","100,00%",-,"25,00%","100,00%","0,1300","0,1300",-,"0,0675","0,2700","0,8000",75%,1,Level 1
mar 25,PERÚ,SYSTEMS,RETAIL,180,MOBILE CHANNELS,9,9,9,9,95,95,"2,5",6,"0,0020","0,0020","-1,2317",3,1.530.777,3,1.511.922,"100,00%","100,00%","100,00%","41,67%","100,00%","0,1300","0,1300","0,2000","0,1125","0,2700","1,0000",84%,1,Level 2
mar 25,PERÚ,SYSTEMS,RETAIL,181,CONTACT CENTER,3,3,1,1,12,12,"1,0",3,"0,0387","0,0389","-0,3779",25,645.689,25,643.249,"100,00%","100,00%","100,00%","33,33%","75,00%","0,1300","0,1300","0,2000","0,0900","0,2025","1,0000",75%,1,Level 1
mar 25,PERÚ,SYSTEMS,RETAIL,182,AGENTES CORRESPONSALES,3,3,3,3,0,0,"0,5",1,"0,5776","0,6996","-17,4353",896,1.551.123,888,1.269.245,"100,00%","100,00%",-,"50,00%","0,00%","0,1300","0,1300",-,"0,1350","0,0000","0,8000",49%,0,Not certified
mar 25,PERÚ,SYSTEMS,RETAIL,183,ATMS Y AUTOSERVICIOS,6,6,6,6,1,1,"2,0",3,"0,0000","0,0000","0,0000",0,2.094.104,0,2.077.182,"100,00%","100,00%","100,00%","66,67%","100,00%","0,1300","0,1300","0,2000","0,1800","0,2700","1,0000",91%,1,Level 3
mar 25,PERÚ,SYSTEMS,RETAIL,184,BRANCHES & SALES ADVISORY,13,13,14,14,20,20,"3,0",6,"0,0000","0,0000","0,0000",0,835.238,0,765.461,"100,00%","100,00%","100,00%","50,00%","100,00%","0,1300","0,1300","0,2000","0,1350","0,2700","1,0000",87%,1,Level 2
mar 25,PERÚ,SYSTEMS,RETAIL,185,WEB Y PORTALES,6,6,6,6,12,12,"2,0",4,"0,3351","0,0927","261,5239",527,1.572.702,145,1.564.375,"100,00%","100,00%","100,00%","50,00%","0,00%","0,1300","0,1300","0,2000","0,1350","0,0000","1,0000",60%,0,Not certified
mar 25,PERÚ,SYSTEMS,RISK,39,RISKS,19,5,5,19,49,51,"8,0",15,"0,1124","0,1129","-0,4522",650,5.783.218,649,5.748.208,"26,32%","26,32%","96,08%","53,33%","75,00%","0,0342","0,0342","0,1922","0,1440","0,2025","1,0000",61%,0,Not certified
mar 25,PERÚ,SYSTEMS,RISK,393,COLLECTIONS,6,6,5,5,18,18,"3,0",4,"0,0000","0,0000","0,0000",0,250.997,0,248.985,"100,00%","100,00%","100,00%","75,00%","100,00%","0,1300","0,1300","0,2000","0,2025","0,2700","1,0000",93%,1,Level 3
mar 25,PERÚ,SYSTEMS,SYSTEM OFFICE MIRST,6110,TESTING TOOLS,0,0,0,0,0,0,"0,0",0,"-99,0000","-99,0000","0,0000",0,0,0,0,-,-,-,-,-,-,-,-,-,-,"0,0000",No tiene el mínimo para calcular indicadores,-,-
mar 25,PERÚ,SYSTEMS,SYSTEM OFFICE MIRST,6136,DEVOPS - CI/CD,0,0,0,0,0,0,"0,0",0,"-99,0000","-99,0000","0,0000",0,0,0,0,-,-,-,-,-,-,-,-,-,-,"0,0000",No tiene el mínimo para calcular indicadores,-,-
mar 25,PERÚ,SYSTEMS,SYSTEM OFFICE MIRST,7150,Z PERU,0,0,0,0,0,0,"0,0",0,"-99,0000","-99,0000","0,0000",0,0,0,0,-,-,-,-,-,-,-,-,-,-,"0,0000",No tiene el mínimo para calcular indicadores,-,-
mar 25,RETAIL CLIENT SOLUTIONS,CROSS,CONTENT MANAGEMENT,288,CONTENT MANAGEMENT,7,7,7,7,4,4,"4,0",7,"0,0163","0,0000","0,0000",90,5.508.053,0,4.927.520,"100,00%","100,00%","100,00%","57,14%","0,00%","0,1300","0,1300","0,2000","0,1543","0,0000","1,0000",61%,0,Not certified
mar 25,RETAIL CLIENT SOLUTIONS,CROSS,DATA & ANALYTICS,170,DATA & ANALYTICS,3,3,3,4,51,51,"2,0",5,"0,0016","0,0000","0,0000",1,613.275,0,545.654,"100,00%","75,00%","100,00%","40,00%","100,00%","0,1300","0,0975","0,2000","0,1080","0,2700","1,0000",81%,1,Level 2
mar 25,RETAIL CLIENT SOLUTIONS,CROSS,DIGITAL ASSETS,6576,DIGITAL ASSETS,0,0,2,2,7,7,"2,0",2,"0,0000","0,0000","0,0000",0,206.185,0,196.158,-,"100,00%","100,00%","100,00%","100,00%",-,"0,1300","0,2000","0,2700","0,2700","0,8700",100%,1,Level 3
mar 25,RETAIL CLIENT SOLUTIONS,CROSS,OPTIMIZATION & FUNNEL HEALTH,32,OPTIMIZATION & FUNNEL HEALTH,9,9,4,4,0,0,"4,0",6,"0,0117","0,0000","0,0000",2,170.812,0,148.832,"100,00%","100,00%",-,"66,67%","0,00%","0,1300","0,1300",-,"0,1800","0,0000","0,8000",55%,0,Not certified
mar 25,RETAIL CLIENT SOLUTIONS,CROSS,TRAFFIC GENERATION & MARKETING AUTOMATION,339,TRAFFIC GENERATION & MARKETING AUTOMATION,0,0,2,2,11,11,"2,0",3,"0,0000","0,0000","0,0000",0,40.722,0,30.980,-,"100,00%","100,00%","66,67%","100,00%",-,"0,1300","0,2000","0,1800","0,2700","0,8700",90%,1,Level 2
mar 25,RETAIL CLIENT SOLUTIONS,RETAIL,,7028,US GWA,3,0,0,3,0,0,"0,0",1,"-99,0000","-99,0000","0,0000",0,0,0,0,"0,00%","0,00%",-,"0,00%",-,"0,0000","0,0000",-,"0,0000",-,"0,5300",0%,0,Not certified
mar 25,RETAIL CLIENT SOLUTIONS,RETAIL,AM&GW,6250,AM&GW,1,1,1,1,1,1,"0,0",1,"0,0165","0,0059","177,5053",48,2.916.881,8,1.349.083,"100,00%","100,00%","100,00%","0,00%","0,00%","0,1300","0,1300","0,2000","0,0000","0,0000","1,0000",46%,0,Not certified
mar 25,RETAIL CLIENT SOLUTIONS,RETAIL,RETAIL - INFRA MULTICANAL,292,INFRAESTRUCTURA MULTICANAL - RETAIL,0,0,1,1,19,19,"1,0",1,"0,0000","0,0000","0,0000",0,933.601,0,371.957,-,"100,00%","100,00%","100,00%","100,00%",-,"0,1300","0,2000","0,2700","0,2700","0,8700",100%,1,Level 3
mar 25,RETAIL CLIENT SOLUTIONS,RETAIL,RETAIL - MOBILE,287,PLATAFORMA RETAIL - MOBILE,3,2,9,9,219,232,"6,0",9,"0,0014","0,0008","74,5382",20,14.420.564,7,8.809.285,"66,67%","100,00%","94,40%","66,67%","100,00%","0,0867","0,1300","0,1888","0,1800","0,2700","1,0000",86%,1,Level 2
mar 25,RETAIL CLIENT SOLUTIONS,RETAIL,RETAIL - PAYMENTS,439,GP2 - HORUS,1,1,1,1,0,0,"0,0",0,"0,0000","-99,0000","0,0000",0,4.827,0,0,"100,00%","100,00%",-,-,"100,00%","0,1300","0,1300",-,-,"0,2700","0,5300",100%,1,Level 3
mar 25,RETAIL CLIENT SOLUTIONS,RETAIL,RETAIL - PAYMENTS,440,GP2 - TOHU,2,1,2,2,6,6,"0,0",1,"0,0000","0,0000","0,0000",0,29.887,0,24.215,"50,00%","100,00%","100,00%","0,00%","100,00%","0,0650","0,1300","0,2000","0,0000","0,2700","1,0000",67%,0,Not certified
mar 25,RETAIL CLIENT SOLUTIONS,RETAIL,RETAIL - PAYMENTS,441,GP2 - BCEA,1,1,1,1,0,0,"0,0",0,"-99,0000","-99,0000","0,0000",0,0,0,0,"100,00%","100,00%",-,-,-,"0,1300","0,1300",-,-,-,"0,2600",100%,1,Level 3
mar 25,RETAIL CLIENT SOLUTIONS,RETAIL,RETAIL - PAYMENTS,4964,PLATAFORMA ADQUIRENCIA,0,0,1,3,5,5,"2,0",2,"0,0000","0,0122","-100,0000",0,201.744,1,82.034,-,"33,33%","100,00%","100,00%","100,00%",-,"0,0433","0,2000","0,2700","0,2700","0,8700",90%,1,Level 3
mar 25,RETAIL CLIENT SOLUTIONS,RETAIL,RETAIL - PAYMENTS,7165,PLATAFORMA EMISION,1,0,1,2,0,0,"1,0",1,"0,0000","0,0000","0,0000",0,36.791,0,32.552,"0,00%","50,00%",-,"100,00%","100,00%","0,0000","0,0650",-,"0,2700","0,2700","0,8000",76%,1,Level 1
mar 25,RETAIL CLIENT SOLUTIONS,RETAIL,RETAIL-PRESCRIPTION BUSINESS,53,CONSUMER FINANCE,0,0,1,3,3,3,"3,0",3,"0,0000","-99,0000","0,0000",0,23.080,0,0,-,"33,33%","100,00%","100,00%","100,00%",-,"0,0433","0,2000","0,2700","0,2700","0,8700",90%,1,Level 3
mar 25,RETAIL CLIENT SOLUTIONS,RETAIL,SMES,7434,SMES,0,0,1,2,25,25,"1,0",1,"0,0000","0,0000","0,0000",0,102.261,0,93.182,-,"50,00%","100,00%","100,00%","100,00%",-,"0,0650","0,2000","0,2700","0,2700","0,8700",93%,1,Level 3
mar 25,URUGUAY,Engineering & Data,DE #ONE Datahub Uruguay,5685,Engineering & Data,1,1,0,1,0,0,"0,0",1,"0,0000","0,0000","0,0000",0,356.038,0,288.059,"100,00%","0,00%",-,"0,00%","100,00%","0,1300","0,0000",-,"0,0000","0,2700","0,8000",50%,0,Not certified
mar 25,URUGUAY,SYSTEMS ENGINEERING,,224,CHANNELS,17,0,2,17,7,9,"5,0",9,"0,5669","0,5832","-2,7953",3.024,5.334.644,3.044,5.219.818,"0,00%","11,76%","77,78%","55,56%","0,00%","0,0000","0,0153","0,1556","0,1500","0,0000","1,0000",32%,0,Not certified
mar 25,URUGUAY,SYSTEMS ENGINEERING,,350,CROSS SYSTEMS,3,0,0,3,0,0,"2,0",2,"0,0000","0,0000","0,0000",0,14.641,0,7.345,"0,00%","0,00%",-,"100,00%","100,00%","0,0000","0,0000",-,"0,2700","0,2700","0,8000",68%,0,Not certified
mar 25,URUGUAY,SYSTEMS ENGINEERING,,4801,CFE,11,1,0,11,1,5,"1,0",3,"0,0000","0,0000","0,0000",0,14.696,0,14.696,"9,09%","0,00%","20,00%","33,33%","100,00%","0,0118","0,0000","0,0400","0,0900","0,2700","1,0000",41%,0,Not certified
mar 25,URUGUAY,SYSTEMS ENGINEERING,,5117,CORE BANKING,19,0,0,19,16,24,"4,0",8,"0,0000","0,0000","0,0000",0,962.229,0,934.829,"0,00%","0,00%","66,67%","50,00%","100,00%","0,0000","0,0000","0,1333","0,1350","0,2700","1,0000",54%,0,Not certified
mar 25,VENEZUELA,SYSTEMS,BANKING SYSTEMS,61,ASSET MANAGEMENT,10,10,10,10,7,7,"1,0",1,"-99,0000","-99,0000","0,0000",0,0,0,0,"100,00%","100,00%","100,00%","100,00%",-,"0,1300","0,1300","0,2000","0,2700",-,"0,7300",100%,1,Level 3
mar 25,VENEZUELA,SYSTEMS,BANKING SYSTEMS,298,RISK,15,15,16,16,8,8,"10,0",10,"-99,0000","-99,0000","0,0000",0,0,0,0,"100,00%","100,00%","100,00%","100,00%",-,"0,1300","0,1300","0,2000","0,2700",-,"0,7300",100%,1,Level 3
mar 25,VENEZUELA,SYSTEMS,BANKING SYSTEMS,299,BANKING CREDIT PRODUCTS,6,5,6,6,8,8,"1,0",1,"-99,0000","-99,0000","0,0000",0,0,0,0,"83,33%","100,00%","100,00%","100,00%",-,"0,1083","0,1300","0,2000","0,2700",-,"0,7300",97%,1,Level 3
mar 25,VENEZUELA,SYSTEMS,CHANNELS,153,BRANCH,6,6,6,6,3,3,"3,0",3,"0,0000","-99,0000","0,0000",0,1.694.158,0,0,"100,00%","100,00%","100,00%","100,00%","100,00%","0,1300","0,1300","0,2000","0,2700","0,2700","1,0000",100%,1,Level 3
mar 25,VENEZUELA,SYSTEMS,CHANNELS,269,OTHER WEB & CC,17,15,13,14,2,2,"3,0",10,"0,0375","0,0821","-54,4088",185,4.939.829,249,3.031.240,"88,24%","92,86%","100,00%","30,00%","100,00%","0,1147","0,1207","0,2000","0,0810","0,2700","1,0000",79%,1,Level 1
mar 25,VENEZUELA,SYSTEMS,CHANNELS,270,ENTERPRISE WEB & MOBILE,13,13,12,13,0,0,"3,0",5,"0,2299","0,6884","-66,6048",415,1.805.091,415,602.813,"100,00%","92,31%",-,"60,00%","0,00%","0,1300","0,1200",-,"0,1620","0,0000","0,8000",52%,0,Not certified
mar 25,VENEZUELA,SYSTEMS,CHANNELS,271,RETAIL WEB & MOBILE,8,8,8,9,1,2,"0,0",4,"0,0479","0,0505","-5,1819",136,2.840.139,136,2.692.966,"100,00%","88,89%","50,00%","0,00%","75,00%","0,1300","0,1156","0,1000","0,0000","0,2025","1,0000",55%,0,Not certified
mar 25,VENEZUELA,SYSTEMS,CORPORATE FUNCTIONS,80,FINANCE,17,17,17,17,10,10,"1,0",1,"-99,0000","-99,0000","0,0000",0,0,0,0,"100,00%","100,00%","100,00%","100,00%",-,"0,1300","0,1300","0,2000","0,2700",-,"0,7300",100%,1,Level 3
mar 25,VENEZUELA,SYSTEMS,CORPORATE FUNCTIONS,200,TALENT & CULTURE,9,9,8,9,3,3,"0,0",0,"-99,0000","-99,0000","0,0000",0,0,0,0,"100,00%","88,89%","100,00%",-,-,"0,1300","0,1156","0,2000",-,-,"0,4600",97%,1,Level 3
mar 25,VENEZUELA,SYSTEMS,CORPORATE FUNCTIONS,290,COMPLIANCE & DATA,11,11,10,10,3,3,"2,0",4,"0,0000","0,0000","0,0000",0,2.261,0,1.797,"100,00%","100,00%","100,00%","50,00%","100,00%","0,1300","0,1300","0,2000","0,1350","0,2700","1,0000",87%,1,Level 2
mar 25,VENEZUELA,SYSTEMS,CORPORATE FUNCTIONS,291,INTRANET,7,7,6,7,12,12,"3,0",4,"0,0001","0,0000","0,0000",1,13.649.920,0,6.168.090,"100,00%","85,71%","100,00%","75,00%","100,00%","0,1300","0,1114","0,2000","0,2025","0,2700","1,0000",91%,1,Level 3
mar 25,VENEZUELA,SYSTEMS,CROSS SERVICES,54,INTERBANK PAYMENTS,8,8,7,8,4,4,"3,0",3,"0,0039","0,0039","-0,1531",4,1.037.231,4,1.035.643,"100,00%","87,50%","100,00%","100,00%","100,00%","0,1300","0,1138","0,2000","0,2700","0,2700","1,0000",98%,1,Level 3
mar 25,VENEZUELA,SYSTEMS,CROSS SERVICES,169,ACCOUNTS,5,5,4,5,9,9,"1,0",2,"0,0000","0,0000","0,0000",0,4.280,0,3.932,"100,00%","80,00%","100,00%","50,00%","100,00%","0,1300","0,1040","0,2000","0,1350","0,2700","1,0000",84%,1,Level 2
mar 25,VENEZUELA,SYSTEMS,CROSS SERVICES,350,CROSS SYSTEMS,11,11,9,11,4,4,"4,5",5,"0,0000","0,0000","0,0000",0,0,0,0,"100,00%","81,82%","100,00%","90,00%",-,"0,1300","0,1064","0,2000","0,2430",-,"0,7300",93%,1,Level 3
mar 25,VENEZUELA,SYSTEMS,PAYMENT,201,ISSUING(EMISOR/AUTORIZADOR),4,4,1,4,0,0,"1,5",2,"0,0000","0,0000","0,0000",0,0,0,0,"100,00%","25,00%",-,"75,00%",-,"0,1300","0,0325",-,"0,2025",-,"0,5300",69%,0,Not certified
mar 25,VENEZUELA,SYSTEMS,PAYMENT,202,MERCHANTS ACQUIARING,4,4,2,4,0,0,"2,0",2,"-99,0000","-99,0000","0,0000",0,0,0,0,"100,00%","50,00%",-,"100,00%",-,"0,1300","0,0650",-,"0,2700",-,"0,5300",88%,1,Level 2
mar 25,VENEZUELA,SYSTEMS,PAYMENT,203,OTHERS PAYMENTS,6,6,5,6,3,3,"3,0",3,"-99,0000","-99,0000","0,0000",0,0,0,0,"100,00%","83,33%","100,00%","100,00%",-,"0,1300","0,1083","0,2000","0,2700",-,"0,7300",97%,1,Level 3
abr 25,ARGENTINA,INGENIERÍA & DATA,ALPHA ARCHITECTURE,3572,ALPHA,1,1,1,1,11,11,"1,0",1,"0,0000","0,0000","0,0000",0,28.844,0,29.088,"100,00%","100,00%","100,00%","100,00%","100,00%","0,1300","0,1300","0,2000","0,2700","0,2700","1,0000",100%,1,Level 3
abr 25,ARGENTINA,INGENIERÍA & DATA,DATAHUB ARGENTINA,4343,DATIO-AR RIESGOS Y FINANZAS,1,1,1,1,9,12,"0,0",1,"0,0000","0,0000","0,0000",0,1.120,0,536,"100,00%","100,00%","75,00%","0,00%","100,00%","0,1300","0,1300","0,1500","0,0000","0,2700","1,0000",68%,0,Not certified
abr 25,ARGENTINA,INGENIERÍA & DATA,DATAHUB ARGENTINA,4344,DATIO-AR MODELOS LOCALES,1,1,1,1,4,4,"1,0",1,"0,0000","0,0000","0,0000",0,16.084,0,15.073,"100,00%","100,00%","100,00%","100,00%","100,00%","0,1300","0,1300","0,2000","0,2700","0,2700","1,0000",100%,1,Level 3
abr 25,ARGENTINA,INGENIERÍA & DATA,DATAHUB ARGENTINA,4345,DATIO-AR MODELOS GLOBALES,1,1,1,1,29,31,"1,0",1,"0,0000","0,0000","0,0000",0,4.004,0,48.173,"100,00%","100,00%","93,55%","100,00%","100,00%","0,1300","0,1300","0,1871","0,2700","0,2700","1,0000",99%,1,Level 3
abr 25,ARGENTINA,SYSTEMS ENGINEERING,ADQUIRENCIA,416,PA02 MERCHANTS-ACQUIRING / COMERCIOS-ADQUIRENCIA,4,4,4,4,2,2,"2,0",4,"-99,0000","0,0191","-100,0000",0,0,4,209.145,"100,00%","100,00%","100,00%","50,00%",-,"0,1300","0,1300","0,2000","0,1350",-,"0,7300",82%,1,Level 2
abr 25,ARGENTINA,SYSTEMS ENGINEERING,ADQUIRENCIA,4851,PA04 BBVA ADQUIRENTE - CICLO DE VIDA COMERCIOS,3,3,3,3,2,2,"0,5",1,"0,0000","0,0000","0,0000",0,31.688,0,30.069,"100,00%","100,00%","100,00%","50,00%","100,00%","0,1300","0,1300","0,2000","0,1350","0,2700","1,0000",87%,1,Level 2
abr 25,ARGENTINA,SYSTEMS ENGINEERING,ADQUIRENCIA,4853,PA03 PSP - MERCURIO,1,1,1,1,1,1,"0,5",1,"0,0000","0,0000","0,0000",0,32.827,0,32.776,"100,00%","100,00%","100,00%","50,00%","100,00%","0,1300","0,1300","0,2000","0,1350","0,2700","1,0000",87%,1,Level 2
abr 25,ARGENTINA,SYSTEMS ENGINEERING,ADQUIRENCIA,5297,PA05 BBVA ADQUIRENTE - TRANSACCIONALIDAD,2,2,2,2,0,0,"1,0",2,"0,0000","0,0000","0,0000",0,6.054,0,6.054,"100,00%","100,00%",-,"50,00%","100,00%","0,1300","0,1300",-,"0,1350","0,2700","0,8000",83%,1,Level 2
abr 25,ARGENTINA,SYSTEMS ENGINEERING,CANALES EMPRESAS,379,AR02 ENTERPRISE WEB CORE,2,1,2,2,0,0,"0,0",0,"-99,0000","-99,0000","0,0000",0,0,0,0,"50,00%","100,00%",-,-,-,"0,0650","0,1300",-,-,-,"0,2600",75%,1,Level 1
abr 25,ARGENTINA,SYSTEMS ENGINEERING,CANALES EMPRESAS,381,EB02 ENTERPRISE MOBILE / MOVILES EMPRESAS,1,1,0,1,0,0,"0,0",0,"0,0000","0,0000","0,0000",0,360.221,0,360.221,"100,00%","0,00%",-,-,"100,00%","0,1300","0,0000",-,-,"0,2700","0,5300",75%,1,Level 1
abr 25,ARGENTINA,SYSTEMS ENGINEERING,CANALES EMPRESAS,382,EB01 ENTERPRISE WEB / WEB EMPRESAS,4,4,1,4,4,4,"0,0",2,"0,0057","0,0043","31,7081",7,1.228.295,6,1.386.655,"100,00%","25,00%","100,00%","0,00%","0,00%","0,1300","0,0325","0,2000","0,0000","0,0000","1,0000",36%,0,Not certified
abr 25,ARGENTINA,SYSTEMS ENGINEERING,CANALES EMPRESAS,4264,AR37 WEB PUBLICA EMPRESAS,2,1,0,2,0,0,"0,0",0,"0,0000","0,0000","0,0000",0,26.630,0,26.630,"50,00%","0,00%",-,-,"100,00%","0,0650","0,0000",-,-,"0,2700","0,5300",63%,0,Not certified
abr 25,ARGENTINA,SYSTEMS ENGINEERING,CANALES EMPRESAS,4651,EB03 Canales Empresas,5,0,2,5,0,0,"2,0",2,"-99,0000","-99,0000","0,0000",0,0,0,0,"0,00%","40,00%",-,"100,00%",-,"0,0000","0,0520",-,"0,2700",-,"0,5300",61%,0,Not certified
abr 25,ARGENTINA,SYSTEMS ENGINEERING,CANALES EMPRESAS,5963,AR43 OPEN BANKING EMPRESAS,1,1,0,1,0,0,"0,0",0,"0,0000","0,0000","0,0000",0,370,0,370,"100,00%","0,00%",-,-,"100,00%","0,1300","0,0000",-,-,"0,2700","0,5300",75%,1,Level 1
abr 25,ARGENTINA,SYSTEMS ENGINEERING,CANALES EMPRESAS,5964,AR42 ETPB,1,1,1,1,0,0,"0,0",1,"0,0000","0,0000","0,0000",0,1.933,0,1.933,"100,00%","100,00%",-,"0,00%","100,00%","0,1300","0,1300",-,"0,0000","0,2700","0,8000",66%,0,Not certified
abr 25,ARGENTINA,SYSTEMS ENGINEERING,CANALES EMPRESAS,6478,AR44 PLATAFORMA SENDA ARG,5,5,3,5,0,1,"0,0",1,"0,0000","0,0000","0,0000",0,33.024,0,34.927,"100,00%","60,00%","0,00%","0,00%","100,00%","0,1300","0,0780","0,0000","0,0000","0,2700","1,0000",48%,0,Not certified
abr 25,ARGENTINA,SYSTEMS ENGINEERING,CANALES EMPRESAS,6479,AR45 HELP DESK ARG,1,1,0,1,0,0,"0,0",0,"-99,0000","-99,0000","0,0000",0,0,0,0,"100,00%","0,00%",-,-,-,"0,1300","0,0000",-,-,-,"0,2600",50%,0,Not certified
abr 25,ARGENTINA,SYSTEMS ENGINEERING,CANALES EMPRESAS,6696,AR46 GEMA ARG,1,1,0,1,3,3,"0,0",0,"0,0000","0,0000","0,0000",0,50.326,0,50.326,"100,00%","0,00%","100,00%",-,"100,00%","0,1300","0,0000","0,2000",-,"0,2700","0,7300",82%,1,Level 2
abr 25,ARGENTINA,SYSTEMS ENGINEERING,CASH MANAGEMENT,140,AR28 PAGOS Y COBROS,10,10,6,10,3,4,"8,0",8,"0,0000","0,0000","0,0000",0,33.208,0,32.355,"100,00%","60,00%","75,00%","100,00%","100,00%","0,1300","0,0780","0,1500","0,2700","0,2700","1,0000",90%,1,Level 2
abr 25,ARGENTINA,SYSTEMS ENGINEERING,CASH MANAGEMENT,141,AR27 GESTIÓN DE CHEQUES,1,1,1,1,0,0,"1,0",1,"-99,0000","-99,0000","0,0000",0,0,0,0,"100,00%","100,00%",-,"100,00%",-,"0,1300","0,1300",-,"0,2700",-,"0,5300",100%,1,Level 3
abr 25,ARGENTINA,SYSTEMS ENGINEERING,CASH MANAGEMENT,142,PE01 PENSIONS,9,9,9,9,0,0,"5,0",5,"0,0000","0,0000","0,0000",0,105.907,0,105.907,"100,00%","100,00%",-,"100,00%","100,00%","0,1300","0,1300",-,"0,2700","0,2700","0,8000",100%,1,Level 3
abr 25,ARGENTINA,SYSTEMS ENGINEERING,CASH MANAGEMENT,7624,AR53 PAGOS NOMINAS / CONVENIOS,5,5,5,5,1,1,"4,0",4,"-99,0000","-99,0000","0,0000",0,0,0,0,"100,00%","100,00%","100,00%","100,00%",-,"0,1300","0,1300","0,2000","0,2700",-,"0,7300",100%,1,Level 3
abr 25,ARGENTINA,SYSTEMS ENGINEERING,CASH MANAGEMENT,7625,AR50 EFECTOS,1,1,1,1,2,2,"1,0",1,"-99,0000","-99,0000","0,0000",0,0,0,0,"100,00%","100,00%","100,00%","100,00%",-,"0,1300","0,1300","0,2000","0,2700",-,"0,7300",100%,1,Level 3
abr 25,ARGENTINA,SYSTEMS ENGINEERING,CASH MANAGEMENT,7626,AR51 ECHEQ / FCEM,2,1,2,2,1,1,"1,0",1,"0,0000","0,2802","-100,0000",0,42.224,12,42.820,"50,00%","100,00%","100,00%","100,00%","100,00%","0,0650","0,1300","0,2000","0,2700","0,2700","1,0000",94%,1,Level 3
abr 25,ARGENTINA,SYSTEMS ENGINEERING,COMEX,435,AR16 COMERCIO EXTERIOR,7,7,7,7,1,1,"5,0",7,"0,0000","0,0000","0,0000",0,486.824,0,6.139,"100,00%","100,00%","100,00%","71,43%","100,00%","0,1300","0,1300","0,2000","0,1929","0,2700","1,0000",92%,1,Level 3
abr 25,ARGENTINA,SYSTEMS ENGINEERING,COMEX,7623,AR49 EXTRANJERO,6,5,5,6,2,2,"3,0",3,"0,0000","0,0000","0,0000",0,3.867,0,3.847,"83,33%","83,33%","100,00%","100,00%","100,00%","0,1083","0,1083","0,2000","0,2700","0,2700","1,0000",96%,1,Level 3
abr 25,ARGENTINA,SYSTEMS ENGINEERING,CORE PRODUCTS,332,AR21 SERVICIOS CORE FINANCIEROS,4,4,4,4,1,1,"4,0",4,"0,0000","0,0000","0,0000",0,824,0,698,"100,00%","100,00%","100,00%","100,00%","100,00%","0,1300","0,1300","0,2000","0,2700","0,2700","1,0000",100%,1,Level 3
abr 25,ARGENTINA,SYSTEMS ENGINEERING,CORE PRODUCTS,333,AR20 LOANS / PRÉSTAMOS,3,3,3,3,0,0,"3,0",3,"0,0000","0,0000","0,0000",0,3.038,0,3.038,"100,00%","100,00%",-,"100,00%","100,00%","0,1300","0,1300",-,"0,2700","0,2700","0,8000",100%,1,Level 3
abr 25,ARGENTINA,SYSTEMS ENGINEERING,CORE PRODUCTS,334,AR25 PEOPLE NEXTGEN,2,2,2,2,1,1,"0,0",1,"0,0000","0,0000","0,0000",0,80.559,0,80.185,"100,00%","100,00%","100,00%","0,00%","100,00%","0,1300","0,1300","0,2000","0,0000","0,2700","1,0000",73%,1,Level 1
abr 25,ARGENTINA,SYSTEMS ENGINEERING,CORE PRODUCTS,335,AR24 PEOPLE LEGACY,4,4,4,4,0,0,"2,0",3,"0,0000","0,0000","0,0000",0,246.378,0,28.443,"100,00%","100,00%",-,"66,67%","100,00%","0,1300","0,1300",-,"0,1800","0,2700","0,8000",89%,1,Level 2
abr 25,ARGENTINA,SYSTEMS ENGINEERING,CORE PRODUCTS,336,AR22 ACCOUNTS & DEPOSITS / CUENTAS,10,10,10,10,0,0,"5,0",9,"0,0000","0,0000","0,0000",0,121.876,0,121.876,"100,00%","100,00%",-,"55,56%","100,00%","0,1300","0,1300",-,"0,1500","0,2700","0,8000",85%,1,Level 2
abr 25,ARGENTINA,SYSTEMS ENGINEERING,CORE PRODUCTS,337,AR23 PEOPLE SERVICING,5,5,5,5,1,1,"2,0",3,"0,0000","0,0000","0,0000",0,197.080,0,197.080,"100,00%","100,00%","100,00%","66,67%","100,00%","0,1300","0,1300","0,2000","0,1800","0,2700","1,0000",91%,1,Level 3
abr 25,ARGENTINA,SYSTEMS ENGINEERING,CORE PRODUCTS,338,AR26 SERVICIOS PASIVOS,6,6,6,6,0,0,"6,0",6,"-99,0000","-99,0000","0,0000",0,0,0,0,"100,00%","100,00%",-,"100,00%",-,"0,1300","0,1300",-,"0,2700",-,"0,5300",100%,1,Level 3
abr 25,ARGENTINA,SYSTEMS ENGINEERING,CORPORATE FUNCTIONS,186,CF06 FINANCE / FINANZAS,13,13,13,13,4,4,"7,0",7,"-99,0000","-99,0000","0,0000",0,0,0,0,"100,00%","100,00%","100,00%","100,00%",-,"0,1300","0,1300","0,2000","0,2700",-,"0,7300",100%,1,Level 3
abr 25,ARGENTINA,SYSTEMS ENGINEERING,CORPORATE FUNCTIONS,187,CF07 PROCUREMENT,6,6,6,6,1,1,"1,0",3,"0,0000","0,0000","0,0000",0,85.385,0,85.646,"100,00%","100,00%","100,00%","33,33%","100,00%","0,1300","0,1300","0,2000","0,0900","0,2700","1,0000",82%,1,Level 2
abr 25,ARGENTINA,SYSTEMS ENGINEERING,CORPORATE FUNCTIONS,189,AR36 LOCAL SERVICES,9,9,8,9,1,1,"1,0",4,"0,0149","0,0141","5,6362",9,603.070,9,637.060,"100,00%","88,89%","100,00%","25,00%","25,00%","0,1300","0,1156","0,2000","0,0675","0,0675","1,0000",58%,0,Not certified
abr 25,ARGENTINA,SYSTEMS ENGINEERING,CORPORATE FUNCTIONS,190,CF02 COMPLIANCE,7,7,2,7,1,1,"0,5",1,"0,2383","0,1154","106,4835",81,339.933,14,121.317,"100,00%","28,57%","100,00%","50,00%","0,00%","0,1300","0,0371","0,2000","0,1350","0,0000","1,0000",50%,0,Not certified
abr 25,ARGENTINA,SYSTEMS ENGINEERING,CORPORATE FUNCTIONS,191,CF03 LEGAL,1,1,0,1,0,0,"1,0",1,"-99,0000","-99,0000","0,0000",0,0,0,0,"100,00%","0,00%",-,"100,00%",-,"0,1300","0,0000",-,"0,2700",-,"0,5300",75%,1,Level 1
abr 25,ARGENTINA,SYSTEMS ENGINEERING,CORPORATE FUNCTIONS,192,AR19 DIGITALIZACIÓN DE IMAGENES,3,3,2,3,0,0,"1,5",2,"0,0000","0,0000","0,0000",0,148.327,0,148.232,"100,00%","66,67%",-,"75,00%","100,00%","0,1300","0,0867",-,"0,2025","0,2700","0,8000",86%,1,Level 2
abr 25,ARGENTINA,SYSTEMS ENGINEERING,CORPORATE FUNCTIONS,193,AR18 AUTOMATIZACIÓN DE PROCESOS,1,1,1,1,2,2,"0,0",0,"-99,0000","-99,0000","0,0000",0,0,0,0,"100,00%","100,00%","100,00%",-,-,"0,1300","0,1300","0,2000",-,-,"0,4600",100%,1,Level 3
abr 25,ARGENTINA,SYSTEMS ENGINEERING,CORPORATE FUNCTIONS,194,AR17 ENGINEERING SERVICES,11,11,10,12,0,0,"1,0",3,"0,0140","0,0140","0,0000",4,285.431,4,285.431,"100,00%","83,33%",-,"33,33%","50,00%","0,1300","0,1083",-,"0,0900","0,1350","0,8000",58%,0,Not certified
abr 25,ARGENTINA,SYSTEMS ENGINEERING,CORPORATE FUNCTIONS,195,CF01 TALENT & CULTURA,17,17,13,13,0,0,"2,5",6,"0,0802","0,0802","-0,0120",75,935.233,75,935.121,"100,00%","100,00%",-,"41,67%","75,00%","0,1300","0,1300",-,"0,1125","0,2025","0,8000",72%,1,Level 1
abr 25,ARGENTINA,SYSTEMS ENGINEERING,CORPORATE FUNCTIONS,4265,AR38 SALUD FINANCIERA,2,2,1,2,0,0,"0,0",0,"0,0000","0,0000","0,0000",0,18.168,0,18.168,"100,00%","50,00%",-,-,"100,00%","0,1300","0,0650",-,-,"0,2700","0,5300",88%,1,Level 2
abr 25,ARGENTINA,SYSTEMS ENGINEERING,MEDIOS DE PAGO,409,AR06 COBRANZAS EMISIÓN TC,4,4,0,4,2,2,"3,0",4,"-99,0000","-99,0000","0,0000",0,0,0,0,"100,00%","0,00%","100,00%","75,00%",-,"0,1300","0,0000","0,2000","0,2025",-,"0,7300",73%,1,Level 1
abr 25,ARGENTINA,SYSTEMS ENGINEERING,MEDIOS DE PAGO,410,AR11 ABM,2,2,1,2,4,4,"1,0",1,"0,0000","0,0000","0,0000",0,12.030,0,9.803,"100,00%","50,00%","100,00%","100,00%","100,00%","0,1300","0,0650","0,2000","0,2700","0,2700","1,0000",94%,1,Level 3
abr 25,ARGENTINA,SYSTEMS ENGINEERING,MEDIOS DE PAGO,412,RB04 ATM /CAJEROS AUTOMATICOS,1,1,0,1,0,0,"1,0",1,"-99,0000","-99,0000","0,0000",0,0,0,0,"100,00%","0,00%",-,"100,00%",-,"0,1300","0,0000",-,"0,2700",-,"0,5300",75%,1,Level 1
abr 25,ARGENTINA,SYSTEMS ENGINEERING,MEDIOS DE PAGO,413,AR07 TARJETA DE DÉBITO,1,1,1,1,1,2,"1,0",1,"-99,0000","-99,0000","0,0000",0,0,0,0,"100,00%","100,00%","50,00%","100,00%",-,"0,1300","0,1300","0,1000","0,2700",-,"0,7300",86%,1,Level 2
abr 25,ARGENTINA,SYSTEMS ENGINEERING,MEDIOS DE PAGO,414,AR12 CONTABILIDAD TC,3,3,1,3,1,1,"3,0",3,"-99,0000","-99,0000","0,0000",0,0,0,0,"100,00%","33,33%","100,00%","100,00%",-,"0,1300","0,0433","0,2000","0,2700",-,"0,7300",88%,1,Level 2
abr 25,ARGENTINA,SYSTEMS ENGINEERING,MEDIOS DE PAGO,418,AR10 IMPUESTOS TC,2,2,2,2,1,1,"2,0",2,"-99,0000","-99,0000","0,0000",0,0,0,0,"100,00%","100,00%","100,00%","100,00%",-,"0,1300","0,1300","0,2000","0,2700",-,"0,7300",100%,1,Level 3
abr 25,ARGENTINA,SYSTEMS ENGINEERING,MEDIOS DE PAGO,7622,AR48 DISTRIBUCIÓN DE PRODUCTOS,2,1,1,2,2,2,"1,0",2,"0,0000","0,0000","0,0000",0,6.918,0,6.527,"50,00%","50,00%","100,00%","50,00%","100,00%","0,0650","0,0650","0,2000","0,1350","0,2700","1,0000",74%,1,Level 1
abr 25,ARGENTINA,SYSTEMS ENGINEERING,MERCADOS Y CUSTODIAS,433,CIB04 GLOBAL MARKET,5,4,4,5,6,6,"1,0",1,"0,0000","0,0000","0,0000",0,14.798,0,38.107,"80,00%","80,00%","100,00%","100,00%","100,00%","0,1040","0,1040","0,2000","0,2700","0,2700","1,0000",95%,1,Level 3
abr 25,ARGENTINA,SYSTEMS ENGINEERING,MERCADOS Y CUSTODIAS,7605,CIB07 ASSET MANAGEMENT,4,3,3,4,0,0,"1,0",1,"-99,0000","-99,0000","0,0000",0,0,0,0,"75,00%","75,00%",-,"100,00%",-,"0,0975","0,0975",-,"0,2700",-,"0,5300",88%,1,Level 2
abr 25,ARGENTINA,SYSTEMS ENGINEERING,MERCADOS Y CUSTODIAS,7608,CIB05 OPERATION DATA,2,1,0,2,0,0,"0,0",0,"0,0000","-99,0000","0,0000",0,29.414,0,0,"50,00%","0,00%",-,-,"100,00%","0,0650","0,0000",-,-,"0,2700","0,5300",63%,0,Not certified
abr 25,ARGENTINA,SYSTEMS ENGINEERING,MERCADOS Y CUSTODIAS,7610,CIB06 ALYC,2,0,0,2,0,0,"0,0",0,"-99,0000","-99,0000","0,0000",0,0,0,0,"0,00%","0,00%",-,-,-,"0,0000","0,0000",-,-,-,"0,2600",0%,0,Not certified
abr 25,ARGENTINA,SYSTEMS ENGINEERING,MODELOS DE ATENCIÓN,136,RB05 RETAIL CONTACT CENTER / CONTACT CENTER PARTICULARES,7,7,6,7,1,1,"3,0",5,"5,7989","5,8290","-0,5169",792,136.578,792,135.872,"100,00%","85,71%","100,00%","60,00%","0,00%","0,1300","0,1114","0,2000","0,1620","0,0000","1,0000",60%,0,Not certified
abr 25,ARGENTINA,SYSTEMS ENGINEERING,MODELOS DE ATENCIÓN,137,AR34 GESTION SUCURSALES y RECLAMOS,2,2,2,2,3,3,"0,5",2,"0,0000","0,0000","0,0000",0,103.174,0,95.149,"100,00%","100,00%","100,00%","25,00%","100,00%","0,1300","0,1300","0,2000","0,0675","0,2700","1,0000",80%,1,Level 1
abr 25,ARGENTINA,SYSTEMS ENGINEERING,MODELOS DE ATENCIÓN,139,AR01 AUTOSERVICIOS SUCURSALES,4,4,3,4,0,0,"1,0",4,"0,0000","0,0000","0,0000",0,210.262,0,210.417,"100,00%","75,00%",-,"25,00%","100,00%","0,1300","0,0975",-,"0,0675","0,2700","0,8000",71%,1,Level 1
abr 25,ARGENTINA,SYSTEMS ENGINEERING,MODELOS DE ATENCIÓN,4263,RB07 CONTACT CENTER / GESTION DE MORA,4,4,4,4,0,0,"2,0",3,"-99,0000","0,0000","0,0000",0,0,0,843.034,"100,00%","100,00%",-,"66,67%",-,"0,1300","0,1300",-,"0,1800",-,"0,5300",83%,1,Level 2
abr 25,ARGENTINA,SYSTEMS ENGINEERING,MODELOS DE ATENCIÓN,5854,AR41 TRAFFIC GENERATION & MARKETING AUTOMATION,1,1,1,1,0,0,"1,0",1,"0,1476","0,0000","0,0000",2,13.547,0,13.547,"100,00%","100,00%",-,"100,00%","0,00%","0,1300","0,1300",-,"0,2700","0,0000","0,8000",66%,0,Not certified
abr 25,ARGENTINA,SYSTEMS ENGINEERING,MODELOS DE ATENCIÓN,7602,AR30 TESORO y CAJA,2,2,1,2,0,0,"1,0",2,"0,0000","0,0000","0,0000",0,279.003,0,278.454,"100,00%","50,00%",-,"50,00%","100,00%","0,1300","0,0650",-,"0,1350","0,2700","0,8000",75%,1,Level 1
abr 25,ARGENTINA,SYSTEMS ENGINEERING,RIESGOS MAYORISTAS,188,CF05 RISKS / RIESGOS MAYORISTA,15,15,5,15,7,8,"9,5",10,"0,0000","0,0000","0,0000",0,68.127,0,55.191,"100,00%","33,33%","87,50%","95,00%","100,00%","0,1300","0,0433","0,1750","0,2565","0,2700","1,0000",87%,1,Level 2
abr 25,ARGENTINA,SYSTEMS ENGINEERING,STAFFING Y METODOLOGÍA,149,AR35 BRANCHES / OFICINAS OPERATORIA,3,3,3,3,0,0,"1,0",1,"0,0046","0,0046","0,0000",18,3.950.613,18,3.950.613,"100,00%","100,00%",-,"100,00%","50,00%","0,1300","0,1300",-,"0,2700","0,1350","0,8000",83%,1,Level 2
abr 25,ARGENTINA,SYSTEMS ENGINEERING,SWF SEGUROS,72,IN01 INSURANCE DISTRIBUTION/CHANNELS WEB,6,6,0,6,0,0,"1,0",1,"0,0000","0,0000","0,0000",0,94.443,0,94.443,"100,00%","0,00%",-,"100,00%","100,00%","0,1300","0,0000",-,"0,2700","0,2700","0,8000",84%,1,Level 2
abr 25,ARGENTINA,SYSTEMS ENGINEERING,SWF SEGUROS,73,AR14 INSURANCE SERVICES,3,3,3,3,0,0,"2,0",2,"-99,0000","-99,0000","0,0000",0,0,0,0,"100,00%","100,00%",-,"100,00%",-,"0,1300","0,1300",-,"0,2700",-,"0,5300",100%,1,Level 3
abr 25,ARGENTINA,SYSTEMS ENGINEERING,SWF SEGUROS,74,AR13 INSURANCE DISTRIBUTION/CHANNELS CORE,5,1,2,5,0,0,"1,0",1,"-99,0000","-99,0000","0,0000",0,0,0,0,"20,00%","40,00%",-,"100,00%",-,"0,0260","0,0520",-,"0,2700",-,"0,5300",66%,0,Not certified
abr 25,ARGENTINA,SYSTEMS ENGINEERING,SWF SEGUROS,5473,AM02 CONSUMER FINANCE,1,1,1,1,0,0,"0,0",0,"-99,0000","-99,0000","0,0000",0,0,0,0,"100,00%","100,00%",-,-,-,"0,1300","0,1300",-,-,-,"0,2600",100%,1,Level 3
abr 25,ARGENTINA,SYSTEMS ENGINEERING,SWF VINCULADAS,5473,AM02 CONSUMER FINANCE,3,3,3,3,1,1,"2,0",3,"0,0000","0,0000","0,0000",0,85.365,0,85.365,"100,00%","100,00%","100,00%","66,67%","100,00%","0,1300","0,1300","0,2000","0,1800","0,2700","1,0000",91%,1,Level 3
abr 25,ARGENTINA,SYSTEMS ENGINEERING,SWF VINCULADAS,7632,AM05 CONSUMER FINANCE,12,12,10,12,0,0,"5,5",9,"0,0000","0,0000","0,0000",0,323.290,0,314.108,"100,00%","83,33%",-,"61,11%","100,00%","0,1300","0,1083",-,"0,1650","0,2700","0,8000",84%,1,Level 2
abr 25,ARGENTINA,SYSTEMS ENGINEERING,SWF VINCULADAS,7633,AM03 CONSUMER FINANCE,5,5,5,5,0,0,"0,5",1,"0,7283","0,7636","-4,6152",197,270.485,196,256.692,"100,00%","100,00%",-,"50,00%","0,00%","0,1300","0,1300",-,"0,1350","0,0000","0,8000",49%,0,Not certified
abr 25,ARGENTINA,SYSTEMS ENGINEERING,SWF VINCULADAS,7634,AM04 CONSUMER FINANCE,5,5,5,5,0,0,"0,0",1,"0,0000","0,0000","0,0000",0,266.851,0,266.851,"100,00%","100,00%",-,"0,00%","100,00%","0,1300","0,1300",-,"0,0000","0,2700","0,8000",66%,0,Not certified
abr 25,ARGENTINA,SYSTEMS ENGINEERING,TRANSFORMACION Y CALIDAD OPERATIVA,6213,TRANSFORMACIÓN NEXTGEN,1,1,0,1,0,0,"0,0",1,"0,0000","0,0000","0,0000",0,218.080,0,124.350,"100,00%","0,00%",-,"0,00%","100,00%","0,1300","0,0000",-,"0,0000","0,2700","0,8000",50%,0,Not certified
abr 25,ARGENTINA,SYSTEMS ENGINEERING,TRANSFORMACION Y CALIDAD OPERATIVA,6778,PROCESS SYSTEMS ARG,2,0,0,2,0,0,"2,0",2,"-99,0000","-99,0000","0,0000",0,0,0,0,"0,00%","0,00%",-,"100,00%",-,"0,0000","0,0000",-,"0,2700",-,"0,5300",51%,0,Not certified
abr 25,ARGENTINA,SYSTEMS ENGINEERING,TRANSFORMACION Y CALIDAD OPERATIVA,6860,DEVOPS AR,2,2,0,2,0,0,"0,0",2,"0,0000","0,0000","0,0000",0,1.160.739,0,1.160.490,"100,00%","0,00%",-,"0,00%","100,00%","0,1300","0,0000",-,"0,0000","0,2700","0,8000",50%,0,Not certified
abr 25,ARGENTINA,SYSTEMS ENGINEERING,VENTAS,5193,"AR39 PRÉSTAMOS, ADELANTOS E INVERSIONES",4,4,4,4,0,0,"1,0",1,"-99,0000","-99,0000","0,0000",0,0,0,0,"100,00%","100,00%",-,"100,00%",-,"0,1300","0,1300",-,"0,2700",-,"0,5300",100%,1,Level 3
abr 25,ARGENTINA,SYSTEMS ENGINEERING,VENTAS,5194,RB06 NECESIDADES DIGITALES,2,2,2,2,0,0,"0,5",1,"0,0000","0,0000","0,0000",0,221.251,0,221.251,"100,00%","100,00%",-,"50,00%","100,00%","0,1300","0,1300",-,"0,1350","0,2700","0,8000",83%,1,Level 2
abr 25,ARGENTINA,SYSTEMS ENGINEERING,VENTAS,5195,AR31 PAQUETES Y TARJETAS,5,5,5,5,1,1,"1,0",1,"-99,0000","-99,0000","0,0000",0,0,0,0,"100,00%","100,00%","100,00%","100,00%",-,"0,1300","0,1300","0,2000","0,2700",-,"0,7300",100%,1,Level 3
abr 25,ARGENTINA,SYSTEMS ENGINEERING,VENTAS,5196,AR33 PRODUCTOS NO CREDITICIOS,4,4,4,4,0,0,"0,0",1,"0,0013","0,0019","-30,7353",2,1.538.391,3,1.598.342,"100,00%","100,00%",-,"0,00%","100,00%","0,1300","0,1300",-,"0,0000","0,2700","0,8000",66%,0,Not certified
abr 25,ARGENTINA,SYSTEMS ENGINEERING,VENTAS,5197,AR40 PRODUCTIVIDAD,1,1,1,1,0,0,"0,0",0,"0,0000","0,0000","0,0000",0,230,0,230,"100,00%","100,00%",-,-,"100,00%","0,1300","0,1300",-,-,"0,2700","0,5300",100%,1,Level 3
abr 25,ARGENTINA,SYSTEMS ENGINEERING,VENTAS,5198,AR32 MOTOR DE RIESGOS,2,2,2,2,1,1,"0,0",1,"0,0000","0,0000","0,0000",0,115.892,0,114.884,"100,00%","100,00%","100,00%","0,00%","100,00%","0,1300","0,1300","0,2000","0,0000","0,2700","1,0000",73%,1,Level 1
abr 25,ARGENTINA,SYSTEMS ENGINEERING,VENTAS,6161,AR47 FORMULARIOS Y CONTRATOS DIGITALES,2,2,1,3,0,0,"2,0",3,"0,0000","0,0000","0,0000",0,35.626,0,35.636,"100,00%","33,33%",-,"66,67%","100,00%","0,1300","0,0433",-,"0,1800","0,2700","0,8000",78%,1,Level 1
abr 25,ARGENTINA,SYSTEMS ENGINEERING,VENTAS,7145,AR03 PRESTAMOS HIPOTECARIOS,3,3,1,4,1,1,"3,0",3,"-99,0000","-99,0000","0,0000",0,0,0,0,"100,00%","25,00%","100,00%","100,00%",-,"0,1300","0,0325","0,2000","0,2700",-,"0,7300",87%,1,Level 2
abr 25,ARGENTINA,SYSTEMS ENGINEERING,WALLET & DIGITAL CHANNELS,229,RB02 RETAIL MOBILE / MOVILES PARTICULARES,19,2,1,19,1,1,"15,5",19,"0,0000","0,0000","0,0000",0,2.939,0,2.235,"10,53%","5,26%","100,00%","81,58%","100,00%","0,0137","0,0068","0,2000","0,2203","0,2700","1,0000",71%,1,Level 1
abr 25,ARGENTINA,SYSTEMS ENGINEERING,WALLET & DIGITAL CHANNELS,230,RB01 RETAIL WEB / WEBS PARTICULARES,24,6,6,24,11,16,"13,0",19,"0,0000","0,0000","0,0000",0,313.420,0,313.457,"25,00%","25,00%","68,75%","68,42%","100,00%","0,0325","0,0325","0,1375","0,1847","0,2700","1,0000",66%,0,Not certified
abr 25,ARGENTINA,SYSTEMS ENGINEERING,WALLET & DIGITAL CHANNELS,411,AR09 BENEFICIOS,3,3,0,3,0,0,"0,5",2,"0,0016","0,0016","0,4803",2,1.269.096,2,1.275.191,"100,00%","0,00%",-,"25,00%","100,00%","0,1300","0,0000",-,"0,0675","0,2700","0,8000",58%,0,Not certified
abr 25,ARGENTINA,SYSTEMS ENGINEERING,WALLET & DIGITAL CHANNELS,415,AR04 MEDIOS ELECTRONICOS DE PAGOS - MOBILE,2,2,0,2,0,0,"1,0",1,"0,1463","0,1463","0,0000",11,75.193,11,75.193,"100,00%","0,00%",-,"100,00%","50,00%","0,1300","0,0000",-,"0,2700","0,1350","0,8000",67%,0,Not certified
abr 25,ARGENTINA,SYSTEMS ENGINEERING,WALLET & DIGITAL CHANNELS,417,AR05 LOYALTY,2,2,2,2,0,0,"0,0",1,"0,0197","0,0197","0,0000",2,101.625,2,101.625,"100,00%","100,00%",-,"0,00%","50,00%","0,1300","0,1300",-,"0,0000","0,1350","0,8000",49%,0,Not certified
abr 25,ARGENTINA,SYSTEMS ENGINEERING,WALLET & DIGITAL CHANNELS,6716,AR15 EVOLUCION DIGITAL DE GESTION DE TARJETAS,1,1,0,1,0,0,"0,0",1,"0,0000","0,0000","0,0000",0,62.223,0,13.570,"100,00%","0,00%",-,"0,00%","100,00%","0,1300","0,0000",-,"0,0000","0,2700","0,8000",50%,0,Not certified
abr 25,CFE,AUD.LEGAL&CHAIRMAN UNITS,,12,"LEGAL, FUNDACIÓN BBVA….",23,18,15,16,3,3,"11,0",16,"0,2828","0,2841","-0,4651",995,3.518.239,995,3.501.875,"78,26%","93,75%","100,00%","68,75%","0,00%","0,1017","0,1219","0,2000","0,1856","0,0000","1,0000",61%,0,Not certified
abr 25,CFE,AUD.LEGAL&CHAIRMAN UNITS,,13,AUDIT,6,6,5,5,0,0,"4,0",4,"0,0091","0,0091","0,0000",6,660.774,6,660.774,"100,00%","100,00%",-,"100,00%","50,00%","0,1300","0,1300",-,"0,2700","0,1350","0,8000",83%,1,Level 2
abr 25,CFE,AUD.LEGAL&CHAIRMAN UNITS,,16,OTHERS NO CFE,3,3,3,3,0,0,"0,0",3,"0,0269","0,1933","-86,0871",88,3.272.416,625,3.233.574,"100,00%","100,00%",-,"0,00%","100,00%","0,1300","0,1300",-,"0,0000","0,2700","0,8000",66%,0,Not certified
abr 25,CFE,AUD.LEGAL&CHAIRMAN UNITS,,17,COMMS,16,16,12,16,0,0,"9,0",13,"0,0098","0,0093","5,5292",19,1.940.824,18,1.940.340,"100,00%","75,00%",-,"69,23%","25,00%","0,1300","0,0975",-,"0,1869","0,0675","0,8000",60%,0,Not certified
abr 25,CFE,AUD.LEGAL&CHAIRMAN UNITS,,18,ENGINEERING FOR ENGINEERING,14,13,8,15,2,3,"5,0",10,"0,0203","0,0204","-0,1640",65,3.196.392,65,3.191.150,"92,86%","53,33%","66,67%","50,00%","75,00%","0,1207","0,0693","0,1333","0,1350","0,2025","1,0000",66%,0,Not certified
abr 25,CFE,AUD.LEGAL&CHAIRMAN UNITS,,37,M&A,7,7,2,4,0,0,"6,0",7,"0,0000","0,0000","0,0000",0,12.649,0,5.255,"100,00%","50,00%",-,"85,71%","100,00%","0,1300","0,0650",-,"0,2314","0,2700","0,8000",87%,1,Level 2
abr 25,CFE,FINANCE,,27,REPORTING REGULATORIO,10,10,12,12,0,0,"7,0",12,"0,0000","0,0000","0,0000",0,666.591,0,664.579,"100,00%","100,00%",-,"58,33%","100,00%","0,1300","0,1300",-,"0,1575","0,2700","0,8000",86%,1,Level 2
abr 25,CFE,FINANCE,,34,CONSOLIDACIÓN REPORTING Y FISCAL,11,9,8,10,1,1,"9,0",13,"0,0000","0,0000","0,0000",0,7.466.906,0,7.153.271,"81,82%","80,00%","100,00%","69,23%","100,00%","0,1064","0,1040","0,2000","0,1869","0,2700","1,0000",87%,1,Level 2
abr 25,CFE,FINANCE,,42,PROCUREMENT,6,6,5,5,0,0,"2,0",6,"0,0000","0,0000","0,0000",0,743.625,0,743.625,"100,00%","100,00%",-,"33,33%","100,00%","0,1300","0,1300",-,"0,0900","0,2700","0,8000",78%,1,Level 1
abr 25,CFE,FINANCE,,43,INVEST & COST MANAGEMENT,5,5,5,5,6,6,"2,0",5,"0,0000","0,0000","0,0000",0,1.500.835,0,1.479.323,"100,00%","100,00%","100,00%","40,00%","100,00%","0,1300","0,1300","0,2000","0,1080","0,2700","1,0000",84%,1,Level 2
abr 25,CFE,FINANCE,,45,RENTABILIDAD & PERFORMANCE MANAGEMENT,3,3,4,4,11,11,"1,5",3,"0,0000","0,0150","-100,0000",0,56.216,1,66.578,"100,00%","100,00%","100,00%","50,00%","100,00%","0,1300","0,1300","0,2000","0,1350","0,2700","1,0000",87%,1,Level 2
abr 25,CFE,R&IC,,9,NFR,5,5,4,4,0,0,"1,0",4,"0,0000","0,0000","0,0000",0,635.201,0,682.040,"100,00%","100,00%",-,"25,00%","100,00%","0,1300","0,1300",-,"0,0675","0,2700","0,8000",75%,1,Level 1
abr 25,CFE,R&IC,,29,CONTROL INTERNO DE RIESGOS,4,4,5,5,3,3,"3,0",5,"0,1879","0,2197","-14,4741",131,697.318,153,696.544,"100,00%","100,00%","100,00%","60,00%","100,00%","0,1300","0,1300","0,2000","0,1620","0,2700","1,0000",89%,1,Level 2
abr 25,CFE,R&IC,,30,COMPLIANCE,13,11,8,15,6,6,"8,0",14,"0,0068","0,0068","-0,1877",21,3.106.015,21,3.100.185,"84,62%","53,33%","100,00%","57,14%","75,00%","0,1100","0,0693","0,2000","0,1543","0,2025","1,0000",74%,1,Level 1
abr 25,CFE,R&IC,,4911,CROSS DATA & AML,0,0,1,1,0,0,"0,0",1,"0,0000","0,0000","0,0000",0,58.012,0,15.088,-,"100,00%",-,"0,00%","100,00%",-,"0,1300",-,"0,0000","0,2700","0,6700",60%,0,Not certified
abr 25,CFE,R&IC,,6151,SCREENING & TRANSACTION MONITORING AML,4,4,0,6,3,3,"4,0",5,"0,0000","0,0000","0,0000",0,76.195,0,72.093,"100,00%","0,00%","100,00%","80,00%","100,00%","0,1300","0,0000","0,2000","0,2160","0,2700","1,0000",82%,1,Level 2
abr 25,CFE,R&IC,,7051,REPORTING FRAUDE,1,1,0,1,0,0,"0,0",0,"0,0000","0,0000","0,0000",0,367.477,0,367.477,"100,00%","0,00%",-,-,"100,00%","0,1300","0,0000",-,-,"0,2700","0,5300",75%,1,Level 1
abr 25,CFE,RISK,,6,RETAIL CREDIT RISK,0,0,3,3,2,2,"1,5",3,"0,0000","0,0000","0,0000",0,334.538,0,322.483,-,"100,00%","100,00%","50,00%","100,00%",-,"0,1300","0,2000","0,1350","0,2700","0,8700",84%,1,Level 2
abr 25,CFE,RISK,,7,PROVISIONES,3,3,3,3,0,0,"0,0",3,"0,0000","0,0000","0,0000",0,592.178,0,588.678,"100,00%","100,00%",-,"0,00%","100,00%","0,1300","0,1300",-,"0,0000","0,2700","0,8000",66%,0,Not certified
abr 25,CFE,RISK,,28,OTHER RISKS,15,12,11,15,2,2,"11,0",13,"0,0028","0,0035","-20,1937",4,1.450.154,5,1.446.643,"80,00%","73,33%","100,00%","84,62%","100,00%","0,1040","0,0953","0,2000","0,2285","0,2700","1,0000",90%,1,Level 2
abr 25,CFE,RISK,,31,WHOLESALE CREDIT RISK,10,10,10,10,7,11,"9,0",11,"0,0000","0,0000","0,0000",0,1.758.376,0,1.684.020,"100,00%","100,00%","63,64%","81,82%","100,00%","0,1300","0,1300","0,1273","0,2209","0,2700","1,0000",88%,1,Level 2
abr 25,CFE,RISK,,38,ESG & REPORTING & ANALYTICS,5,5,1,9,6,6,"2,5",9,"0,0000","0,0000","0,0000",0,805.761,0,797.785,"100,00%","11,11%","100,00%","27,78%","100,00%","0,1300","0,0144","0,2000","0,0750","0,2700","1,0000",69%,0,Not certified
abr 25,CFE,RISK,,46,CAPITAL,10,9,5,10,12,12,"6,5",8,"0,0000","0,0000","0,0000",0,529.426,0,520.322,"90,00%","50,00%","100,00%","81,25%","100,00%","0,1170","0,0650","0,2000","0,2194","0,2700","1,0000",87%,1,Level 2
abr 25,CFE,T&C,,11,TALENT MANAGEMENT,23,17,15,17,5,11,"12,5",18,"0,0012","0,0012","3,1292",4,3.306.008,4,3.409.461,"73,91%","88,24%","45,45%","69,44%","100,00%","0,0961","0,1147","0,0909","0,1875","0,2700","1,0000",76%,1,Level 1
abr 25,CFE,T&C,,41,PREMISES & SERVICES,19,19,19,21,2,5,"15,0",19,"0,0894","0,1316","-32,0759",151,1.688.898,342,2.598.223,"100,00%","90,48%","40,00%","78,95%","100,00%","0,1300","0,1176","0,0800","0,2132","0,2700","1,0000",81%,1,Level 2
abr 25,CFE,T&C,,47,WORKFORCE ADMINISTRATION,2,2,1,1,0,0,"1,0",2,"0,0158","0,0228","-30,7781",9,571.343,13,571.270,"100,00%","100,00%",-,"50,00%","100,00%","0,1300","0,1300",-,"0,1350","0,2700","0,8000",83%,1,Level 2
abr 25,CFE,T&C,,5028,WORKFORCE RECRUITING-TALENT,2,2,0,1,0,0,"3,0",3,"0,0000","0,0000","0,0000",0,534,0,260,"100,00%","0,00%",-,"100,00%","100,00%","0,1300","0,0000",-,"0,2700","0,2700","0,8000",84%,1,Level 2
abr 25,CIB,CIB  ENGINEERING,SW CROSS,4921,CIB DATAHUB & EXECUTION,1,1,1,1,105,112,"0,0",1,"0,0000","0,0000","0,0000",0,43.437,0,43.213,"100,00%","100,00%","93,75%","0,00%","100,00%","0,1300","0,1300","0,1875","0,0000","0,2700","1,0000",72%,1,Level 1
abr 25,CIB,CIB  ENGINEERING,SW CROSS,4985,CIB RISK DATA,3,2,3,3,23,23,"0,0",3,"0,6710","0,0972","590,0956",651,970.237,95,977.079,"66,67%","100,00%","100,00%","0,00%","0,00%","0,0867","0,1300","0,2000","0,0000","0,0000","1,0000",42%,0,Not certified
abr 25,CIB,CIB  ENGINEERING,SW CROSS,5010,CIB FINANCE PLATFORMS,2,2,2,2,1,1,"0,0",1,"0,0000","0,0000","0,0000",0,2.093.276,0,2.093.276,"100,00%","100,00%","100,00%","0,00%","100,00%","0,1300","0,1300","0,2000","0,0000","0,2700","1,0000",73%,1,Level 1
abr 25,CIB,CIB  ENGINEERING,SW CROSS,5012,CIB LIQUIDITY & ADMISSION,6,5,2,8,12,14,"4,0",6,"0,0425","0,0388","9,4967",834,19.628.566,760,19.585.609,"83,33%","25,00%","85,71%","66,67%","25,00%","0,1083","0,0325","0,1714","0,1800","0,0675","1,0000",56%,0,Not certified
abr 25,CIB,CIB  ENGINEERING,SW CROSS,5161,CIB SUSTAINABILITY & BUSINESS SOL,24,21,23,23,38,39,"8,0",17,"0,3816","0,4012","-4,8843",3.586,9.396.723,3.915,9.757.757,"87,50%","100,00%","97,44%","47,06%","0,00%","0,1138","0,1300","0,1949","0,1271","0,0000","1,0000",57%,0,Not certified
abr 25,CIB,CIB  ENGINEERING,SW CROSS,7517,ANALYTICS,1,0,1,1,0,0,"0,0",1,"0,0000","-99,0000","0,0000",0,670,0,0,"0,00%","100,00%",-,"0,00%","100,00%","0,0000","0,1300",-,"0,0000","0,2700","0,8000",50%,0,Not certified
abr 25,CIB,CIB  ENGINEERING,SW DELIVERY,39,RISKS,25,24,20,25,36,40,"6,0",17,"0,0662","0,0332","99,4434",596,8.997.361,404,12.163.817,"96,00%","80,00%","90,00%","35,29%","0,00%","0,1248","0,1040","0,1800","0,0953","0,0000","1,0000",50%,0,Not certified
abr 25,CIB,CIB  ENGINEERING,SW DELIVERY,448,REGULATORY & ONBOARDING,23,21,14,23,34,44,"12,0",17,"0,0309","0,0296","4,0779",276,8.946.283,312,10.525.599,"91,30%","60,87%","77,27%","70,59%","25,00%","0,1187","0,0791","0,1545","0,1906","0,0675","1,0000",61%,0,Not certified
abr 25,CIB,CIB  ENGINEERING,SW DELIVERY,449,"REF. DATA, TRADE & GLOBAL FINANCE",13,11,11,13,8,8,"6,0",7,"0,1766","0,1967","-10,2183",773,4.377.417,863,4.387.703,"84,62%","84,62%","100,00%","85,71%","100,00%","0,1100","0,1100","0,2000","0,2314","0,2700","1,0000",92%,1,Level 3
abr 25,CIB,CIB  ENGINEERING,SW DELIVERY,450,EQUITIES,23,22,16,16,20,28,"10,0",19,"0,0135","0,0121","11,7162",75,5.549.456,67,5.538.348,"95,65%","100,00%","71,43%","52,63%","0,00%","0,1243","0,1300","0,1429","0,1421","0,0000","1,0000",54%,0,Not certified
abr 25,CIB,CIB  ENGINEERING,SW DELIVERY,451,ACCOUNTING & REDEXT,6,6,5,6,24,27,"1,0",4,"0,0012","0,0000","0,0000",1,813.495,0,20.016,"100,00%","83,33%","88,89%","25,00%","100,00%","0,1300","0,1083","0,1778","0,0675","0,2700","1,0000",75%,1,Level 1
abr 25,CIB,CIB  ENGINEERING,SW DELIVERY,452,FX,18,16,7,13,14,21,"3,0",8,"0,0010","0,0010","-0,0061",2,2.081.072,2,2.080.946,"88,89%","53,85%","66,67%","37,50%","100,00%","0,1156","0,0700","0,1333","0,1013","0,2700","1,0000",69%,0,Not certified
abr 25,CIB,CIB  ENGINEERING,SW DELIVERY,453,FIXED INCOME,13,13,10,11,21,30,"4,5",8,"0,0003","0,0005","-44,3606",1,3.302.194,2,3.674.645,"100,00%","90,91%","70,00%","56,25%","100,00%","0,1300","0,1182","0,1400","0,1519","0,2700","1,0000",81%,1,Level 2
abr 25,CIB,CIB  ENGINEERING,SW DELIVERY,4924,FRONT OFFICE PLATFORM,4,4,4,4,33,35,"1,0",3,"0,0858","0,0921","-6,7679",2,23.301,2,21.724,"100,00%","100,00%","94,29%","33,33%","75,00%","0,1300","0,1300","0,1886","0,0900","0,2025","1,0000",74%,1,Level 1
abr 25,CIB,CIB  ENGINEERING,SW DELIVERY,6776,GTB & IB&F,0,0,0,1,0,0,"0,0",0,"-99,0000","-99,0000","0,0000",0,0,0,0,-,"0,00%",-,-,-,-,"0,0000",-,-,-,"0,1300",0%,0,Not certified
abr 25,CIB,CIB  ENGINEERING,SW DELIVERY,7231,CIB ONLINE INTEGRATION,2,0,0,2,14,17,"0,0",2,"0,2524","0,0000","0,0000",60,237.737,0,237.737,"0,00%","0,00%","82,35%","0,00%","0,00%","0,0000","0,0000","0,1647","0,0000","0,0000","1,0000",16%,0,Not certified
abr 25,COLOMBIA,DATA TRANSFORMATION & ENGINEERING,DATA TRANSFORMATION,6018,CLIENT SOLUTIONS - DATA,6,6,6,6,13,13,"2,0",4,"0,0000","0,0000","0,0000",0,186.657,0,185.544,"100,00%","100,00%","100,00%","50,00%","100,00%","0,1300","0,1300","0,2000","0,1350","0,2700","1,0000",87%,1,Level 2
abr 25,COLOMBIA,DATA TRANSFORMATION & ENGINEERING,DATAHUB,4502,FINANZAS - DATA,3,3,3,3,10,12,"1,0",3,"0,0000","0,0000","0,0000",0,34.153,0,33.223,"100,00%","100,00%","83,33%","33,33%","100,00%","0,1300","0,1300","0,1667","0,0900","0,2700","1,0000",79%,1,Level 1
abr 25,COLOMBIA,DATA TRANSFORMATION & ENGINEERING,DATAHUB,4503,RIESGOS - DATA,5,5,5,5,42,42,"4,0",5,"0,0000","0,0000","0,0000",0,3.283,0,2.118,"100,00%","100,00%","100,00%","80,00%","100,00%","0,1300","0,1300","0,2000","0,2160","0,2700","1,0000",95%,1,Level 3
abr 25,COLOMBIA,DATA TRANSFORMATION & ENGINEERING,DATAHUB,4506,DATA MODELING & DEVELOPMENT,11,11,11,11,6,6,"8,0",11,"0,0000","0,0000","0,0000",0,17.362,0,15.732,"100,00%","100,00%","100,00%","72,73%","100,00%","0,1300","0,1300","0,2000","0,1964","0,2700","1,0000",93%,1,Level 3
abr 25,COLOMBIA,DATA TRANSFORMATION & ENGINEERING,DATAHUB,4914,ENGINEERING - DATA,4,4,2,4,12,13,"3,0",4,"0,0674","0,0674","-0,0007",73,1.083.007,73,1.082.999,"100,00%","50,00%","92,31%","75,00%","75,00%","0,1300","0,0650","0,1846","0,2025","0,2025","1,0000",78%,1,Level 1
abr 25,COLOMBIA,DATA TRANSFORMATION & ENGINEERING,SALESFORCE,4495,SALESFORCE - DATA,3,3,3,3,2,2,"0,5",3,"0,0253","0,0738","-65,7554",78,3.085.401,246,3.332.298,"100,00%","100,00%","100,00%","16,67%","100,00%","0,1300","0,1300","0,2000","0,0450","0,2700","1,0000",78%,1,Level 1
abr 25,COLOMBIA,SYSTEMS ENGINEERING,,458,GLOBAL MARKET & COMEX,1,0,0,1,0,0,"0,0",0,"-99,0000","-99,0000","0,0000",0,0,0,0,"0,00%","0,00%",-,-,-,"0,0000","0,0000",-,-,-,"0,2600",0%,0,Not certified
abr 25,COLOMBIA,SYSTEMS ENGINEERING,CFS-FINANZAS-T&C-R&IC,293,T&C,11,11,9,9,0,0,"3,5",5,"0,0773","0,0773","0,0000",19,245.707,19,245.707,"100,00%","100,00%",-,"70,00%","50,00%","0,1300","0,1300",-,"0,1890","0,1350","0,8000",73%,1,Level 1
abr 25,COLOMBIA,SYSTEMS ENGINEERING,CFS-FINANZAS-T&C-R&IC,294,FINANZAS,16,16,16,16,10,10,"6,0",8,"0,0000","0,0000","0,0000",0,139.458,0,137.317,"100,00%","100,00%","100,00%","75,00%","100,00%","0,1300","0,1300","0,2000","0,2025","0,2700","1,0000",93%,1,Level 3
abr 25,COLOMBIA,SYSTEMS ENGINEERING,CFS-FINANZAS-T&C-R&IC,295,CUMPLIMIENTO & AUDITORÍA,14,13,14,14,0,0,"4,0",4,"0,0000","0,0000","0,0000",0,696,0,696,"92,86%","100,00%",-,"100,00%","100,00%","0,1207","0,1300",-,"0,2700","0,2700","0,8000",99%,1,Level 3
abr 25,COLOMBIA,SYSTEMS ENGINEERING,CFS-RIESGOS,5127,RIESGOS PARTICULARES,6,5,6,6,0,0,"6,0",6,"0,0000","0,0000","0,0000",0,706.110,0,706.110,"83,33%","100,00%",-,"100,00%","100,00%","0,1083","0,1300",-,"0,2700","0,2700","0,8000",97%,1,Level 3
abr 25,COLOMBIA,SYSTEMS ENGINEERING,CFS-RIESGOS,5130,RIESGOS COBRANZA,2,2,2,2,2,2,"1,0",1,"-99,0000","-99,0000","0,0000",0,0,0,0,"100,00%","100,00%","100,00%","100,00%",-,"0,1300","0,1300","0,2000","0,2700",-,"0,7300",100%,1,Level 3
abr 25,COLOMBIA,SYSTEMS ENGINEERING,CFS-RIESGOS,5131,"RIESGOS REPORTING, NORMATIVOS",6,6,6,6,3,3,"3,0",3,"0,0000","0,0000","0,0000",0,51.831,0,51.831,"100,00%","100,00%","100,00%","100,00%","100,00%","0,1300","0,1300","0,2000","0,2700","0,2700","1,0000",100%,1,Level 3
abr 25,COLOMBIA,SYSTEMS ENGINEERING,CFS-RIESGOS,6209,RIESGOS PYMES Y MAYORISTAS,6,4,6,6,3,3,"3,0",3,"4,2875","4,2875","0,0000",671,156.503,671,156.503,"66,67%","100,00%","100,00%","100,00%","0,00%","0,0867","0,1300","0,2000","0,2700","0,0000","1,0000",69%,0,Not certified
abr 25,COLOMBIA,SYSTEMS ENGINEERING,CIB & COMEX - FIDUCIARIA - VALORES,456,BACKOFFICE,5,5,5,5,0,0,"0,0",0,"0,0000","0,0000","0,0000",0,757,0,757,"100,00%","100,00%",-,-,"100,00%","0,1300","0,1300",-,-,"0,2700","0,5300",100%,1,Level 3
abr 25,COLOMBIA,SYSTEMS ENGINEERING,CIB & COMEX - FIDUCIARIA - VALORES,457,FIDUCIARIA,7,6,7,7,0,1,"5,0",6,"0,0159","0,0161","-0,8200",73,4.582.854,73,4.545.276,"85,71%","100,00%","0,00%","83,33%","75,00%","0,1114","0,1300","0,0000","0,2250","0,2025","1,0000",67%,0,Not certified
abr 25,COLOMBIA,SYSTEMS ENGINEERING,CIB & COMEX - FIDUCIARIA - VALORES,458,GLOBAL MARKET & COMEX,19,17,17,19,10,10,"7,0",9,"0,0115","0,0115","-0,0167",9,783.807,9,783.676,"89,47%","89,47%","100,00%","77,78%","75,00%","0,1163","0,1163","0,2000","0,2100","0,2025","1,0000",85%,1,Level 2
abr 25,COLOMBIA,SYSTEMS ENGINEERING,CIB & COMEX - FIDUCIARIA - VALORES,459,VALORES,4,4,3,3,0,0,"0,0",0,"0,0000","0,0000","0,0000",0,38.691,0,38.691,"100,00%","100,00%",-,-,"100,00%","0,1300","0,1300",-,-,"0,2700","0,5300",100%,1,Level 3
abr 25,COLOMBIA,SYSTEMS ENGINEERING,CORE,55,LOANS,10,9,8,10,12,13,"6,0",8,"0,0051","0,0051","-0,0496",15,2.936.736,15,2.935.280,"90,00%","80,00%","92,31%","75,00%","75,00%","0,1170","0,1040","0,1846","0,2025","0,2025","1,0000",81%,1,Level 2
abr 25,COLOMBIA,SYSTEMS ENGINEERING,CORE,169,ACCOUNTS,7,6,7,7,6,6,"3,0",3,"0,0000","0,0000","0,0000",0,563.908,0,563.782,"85,71%","100,00%","100,00%","100,00%","100,00%","0,1114","0,1300","0,2000","0,2700","0,2700","1,0000",98%,1,Level 3
abr 25,COLOMBIA,SYSTEMS ENGINEERING,CORE,172,PERSONAS Y ARQ. HOST,4,4,4,4,7,8,"1,0",2,"0,0000","0,0000","0,0000",0,232.155,0,231.987,"100,00%","100,00%","87,50%","50,00%","100,00%","0,1300","0,1300","0,1750","0,1350","0,2700","1,0000",84%,1,Level 2
abr 25,COLOMBIA,SYSTEMS ENGINEERING,CORE,173,VENTAS ASISTIDAS CAP,2,2,2,2,3,3,"1,0",1,"0,1375","0,1375","0,0000",90,654.352,90,654.352,"100,00%","100,00%","100,00%","100,00%","50,00%","0,1300","0,1300","0,2000","0,2700","0,1350","1,0000",87%,1,Level 2
abr 25,COLOMBIA,SYSTEMS ENGINEERING,CORE,174,PROCESS AUTOMATION,18,18,17,17,3,3,"7,0",10,"0,0216","0,0195","10,6175",62,2.872.261,50,2.562.276,"100,00%","100,00%","100,00%","70,00%","0,00%","0,1300","0,1300","0,2000","0,1890","0,0000","1,0000",65%,0,Not certified
abr 25,COLOMBIA,SYSTEMS ENGINEERING,CORE,7283,GESTIÓN REMOTA RETAIL,1,1,1,1,9,9,"0,0",1,"0,0000","0,0000","0,0000",0,71.372,0,53.494,"100,00%","100,00%","100,00%","0,00%","100,00%","0,1300","0,1300","0,2000","0,0000","0,2700","1,0000",73%,1,Level 1
abr 25,COLOMBIA,SYSTEMS ENGINEERING,CORE,7437,GESTIÓN REMOTA PYMES,0,0,0,1,5,5,"1,0",1,"0,0000","0,0000","0,0000",0,46.474,0,42.856,-,"0,00%","100,00%","100,00%","100,00%",-,"0,0000","0,2000","0,2700","0,2700","0,8700",85%,1,Level 2
abr 25,COLOMBIA,SYSTEMS ENGINEERING,DATA TRANSFORMATION,111,CLIENT SOLUTIONS,1,1,1,1,0,0,"1,0",1,"-99,0000","-99,0000","0,0000",0,0,0,0,"100,00%","100,00%",-,"100,00%",-,"0,1300","0,1300",-,"0,2700",-,"0,5300",100%,1,Level 3
abr 25,COLOMBIA,SYSTEMS ENGINEERING,DevOps,6110,TESTING TOOLS,4,4,0,4,0,0,"0,0",0,"-99,0000","-99,0000","0,0000",0,0,0,0,"100,00%","0,00%",-,-,-,"0,1300","0,0000",-,-,-,"0,2600",50%,0,Not certified
abr 25,COLOMBIA,SYSTEMS ENGINEERING,DevOps,6136,DEVOPS - CI/CD,0,0,0,0,0,0,"0,0",0,"0,0000","-99,0000","0,0000",0,802,0,0,-,-,-,-,"100,00%",-,-,-,-,"0,2700","0,2700",100%,1,Level 3
abr 25,COLOMBIA,SYSTEMS ENGINEERING,DevOps,7207,Z COLOMBIA,0,0,0,1,0,0,"0,0",0,"-99,0000","-99,0000","0,0000",0,0,0,0,-,"0,00%",-,-,-,-,"0,0000",-,-,-,"0,1300",0%,0,Not certified
abr 25,COLOMBIA,SYSTEMS ENGINEERING,ENTERPRISE,175,PAYMENTS,11,9,11,11,9,9,"8,0",8,"0,0000","0,0000","0,0000",0,773.868,0,765.953,"81,82%","100,00%","100,00%","100,00%","100,00%","0,1064","0,1300","0,2000","0,2700","0,2700","1,0000",98%,1,Level 3
abr 25,COLOMBIA,SYSTEMS ENGINEERING,ENTERPRISE,395,ENTERPRISE WEB CHANNEL,7,5,7,7,8,8,"2,5",6,"0,0608","0,0610","-0,3122",324,5.330.932,324,5.314.291,"71,43%","100,00%","100,00%","41,67%","75,00%","0,0929","0,1300","0,2000","0,1125","0,2025","1,0000",74%,1,Level 1
abr 25,COLOMBIA,SYSTEMS ENGINEERING,ENTERPRISE,396,TRANSACCIONALIDAD,6,6,6,6,5,7,"4,0",4,"0,0085","0,0085","-0,1511",9,1.060.045,9,1.058.443,"100,00%","100,00%","71,43%","100,00%","75,00%","0,1300","0,1300","0,1429","0,2700","0,2025","1,0000",88%,1,Level 2
abr 25,COLOMBIA,SYSTEMS ENGINEERING,ENTERPRISE,5209,ENTERPRISE MOBILE (GEMA),2,1,2,2,16,16,"0,0",1,"0,0000","0,0000","0,0000",0,70.150,0,70.295,"50,00%","100,00%","100,00%","0,00%","100,00%","0,0650","0,1300","0,2000","0,0000","0,2700","1,0000",67%,0,Not certified
abr 25,COLOMBIA,SYSTEMS ENGINEERING,ENTERPRISE,6667,SOLUCIONES FINANCIERAS,3,3,3,3,3,3,"1,0",2,"0,0000","0,0000","0,0000",0,28.755,0,2.662,"100,00%","100,00%","100,00%","50,00%","100,00%","0,1300","0,1300","0,2000","0,1350","0,2700","1,0000",87%,1,Level 2
abr 25,COLOMBIA,SYSTEMS ENGINEERING,RETAIL,85,OPEN MARKET,8,6,6,8,0,0,"2,0",5,"0,0146","0,0259","-43,4595",35,2.390.630,12,463.431,"75,00%","75,00%",-,"40,00%","100,00%","0,0975","0,0975",-,"0,1080","0,2700","0,8000",72%,1,Level 1
abr 25,COLOMBIA,SYSTEMS ENGINEERING,RETAIL,340,NET,3,3,3,3,0,0,"1,0",2,"0,0000","0,0000","0,0000",0,3.399.251,0,3.398.402,"100,00%","100,00%",-,"50,00%","100,00%","0,1300","0,1300",-,"0,1350","0,2700","0,8000",83%,1,Level 2
abr 25,COLOMBIA,SYSTEMS ENGINEERING,RETAIL,341,OFICINA,10,10,10,10,15,15,"7,0",8,"0,0000","0,0000","0,0000",0,950.835,0,941.618,"100,00%","100,00%","100,00%","87,50%","100,00%","0,1300","0,1300","0,2000","0,2363","0,2700","1,0000",97%,1,Level 3
abr 25,COLOMBIA,SYSTEMS ENGINEERING,RETAIL,343,MÓVIL RETAIL,1,1,1,1,15,16,"0,5",1,"0,0000","0,0000","0,0000",0,87.759,0,87.421,"100,00%","100,00%","93,75%","50,00%","100,00%","0,1300","0,1300","0,1875","0,1350","0,2700","1,0000",85%,1,Level 2
abr 25,COLOMBIA,SYSTEMS ENGINEERING,RETAIL,4010,FRAUDE,1,1,1,1,0,0,"0,0",1,"0,0000","0,0000","0,0000",0,31.349,0,31.349,"100,00%","100,00%",-,"0,00%","100,00%","0,1300","0,1300",-,"0,0000","0,2700","0,8000",66%,0,Not certified
abr 25,COLOMBIA,SYSTEMS ENGINEERING,RETAIL,4065,CANALES ASISTIDOS IVR/CBs,2,2,2,2,3,3,"1,5",2,"0,0000","0,0000","0,0000",0,136.515,0,35.864,"100,00%","100,00%","100,00%","75,00%","100,00%","0,1300","0,1300","0,2000","0,2025","0,2700","1,0000",93%,1,Level 3
abr 25,COLOMBIA,SYSTEMS ENGINEERING,RETAIL,4066,CANALES ASISTIDOS ATMs/RPA,2,2,1,2,0,0,"1,0",1,"0,0000","0,0000","0,0000",0,12.140,0,12.140,"100,00%","50,00%",-,"100,00%","100,00%","0,1300","0,0650",-,"0,2700","0,2700","0,8000",92%,1,Level 3
abr 25,COLOMBIA,SYSTEMS ENGINEERING,RETAIL,5088,ANTIFRAUDE,6,6,6,6,0,0,"4,0",4,"0,0337","0,0247","36,5588",30,889.257,77,3.116.853,"100,00%","100,00%",-,"100,00%","0,00%","0,1300","0,1300",-,"0,2700","0,0000","0,8000",66%,0,Not certified
abr 25,COLOMBIA,SYSTEMS ENGINEERING,SALESFORCE,6371,SALESFORCE,6,6,6,6,0,0,"1,0",2,"0,0000","0,0000","0,0000",0,19.677,0,19.677,"100,00%","100,00%",-,"50,00%","100,00%","0,1300","0,1300",-,"0,1350","0,2700","0,8000",83%,1,Level 2
abr 25,COLOMBIA,SYSTEMS ENGINEERING,SEGUROS,4061,SEGUROS SISTEMAS ESPECIALIZADOS,3,3,3,3,2,7,"1,5",2,"0,0000","0,0000","0,0000",0,142.707,0,142.639,"100,00%","100,00%","28,57%","75,00%","100,00%","0,1300","0,1300","0,0571","0,2025","0,2700","1,0000",79%,1,Level 1
abr 25,COLOMBIA,SYSTEMS ENGINEERING,SEGUROS,4063,SEGUROS AUTOMATION,7,7,7,7,0,5,"1,0",6,"-99,0000","-99,0000","0,0000",0,0,0,0,"100,00%","100,00%","0,00%","16,67%",-,"0,1300","0,1300","0,0000","0,0450",-,"0,7300",42%,0,Not certified
abr 25,COLOMBIA,SYSTEMS ENGINEERING,SEGUROS,6650,SEGUROS PROCESOS,6,6,6,6,1,10,"3,5",4,"0,0000","0,0000","0,0000",0,15.073,0,15.073,"100,00%","100,00%","10,00%","87,50%","100,00%","0,1300","0,1300","0,0200","0,2363","0,2700","1,0000",79%,1,Level 1
abr 25,COLOMBIA,SYSTEMS ENGINEERING,SEGUROS,6651,SEGUROS FINANCIERO,4,4,4,4,0,1,"0,0",0,"0,0000","0,0000","0,0000",0,4.772,0,4.772,"100,00%","100,00%","0,00%",-,"100,00%","0,1300","0,1300","0,0000",-,"0,2700","0,7300",73%,1,Level 1
abr 25,COLOMBIA,SYSTEMS ENGINEERING,SEGUROS,6652,BUSINESS CORE,4,3,3,4,0,0,"0,5",3,"0,5265","0,5636","-6,5883",982,1.865.248,1.044,1.852.367,"75,00%","75,00%",-,"16,67%","0,00%","0,0975","0,0975",-,"0,0450","0,0000","0,8000",30%,0,Not certified
abr 25,COMMERCIAL CLIENT SOLUTIONS,CHANNELS & PROCESSES,COREX & BANKING PLATFORM EVOLUTION,134,INFRA MULTICANAL EMPRESAS,1,0,6,7,0,0,"4,5",6,"0,1273","0,0664","91,7769",878,6.897.081,456,6.869.609,"0,00%","85,71%",-,"75,00%","0,00%","0,0000","0,1114",-,"0,2025","0,0000","0,8000",39%,0,Not certified
abr 25,COMMERCIAL CLIENT SOLUTIONS,CHANNELS & PROCESSES,COREX & BANKING PLATFORM EVOLUTION,260,DIGITAL SIGNING,1,1,1,1,0,0,"1,0",1,"0,0000","0,0000","0,0000",0,46.569,0,5.968,"100,00%","100,00%",-,"100,00%","100,00%","0,1300","0,1300",-,"0,2700","0,2700","0,8000",100%,1,Level 3
abr 25,COMMERCIAL CLIENT SOLUTIONS,CHANNELS & PROCESSES,COREX & BANKING PLATFORM EVOLUTION,261,ALERTAS FX,1,1,1,1,0,0,"0,0",0,"0,0000","0,0000","0,0000",0,12.942,0,12.942,"100,00%","100,00%",-,-,"100,00%","0,1300","0,1300",-,-,"0,2700","0,5300",100%,1,Level 3
abr 25,COMMERCIAL CLIENT SOLUTIONS,CHANNELS & PROCESSES,COREX & BANKING PLATFORM EVOLUTION,4958,FACTORÍA ENTERPRISE CLIENTS AMERICA,0,0,1,1,0,0,"0,0",1,"0,0000","0,0000","0,0000",0,24.625,0,7.373,-,"100,00%",-,"0,00%","100,00%",-,"0,1300",-,"0,0000","0,2700","0,6700",60%,0,Not certified
abr 25,COMMERCIAL CLIENT SOLUTIONS,CHANNELS & PROCESSES,COREX & BANKING PLATFORM EVOLUTION,6762,FX SMART HEDGING,0,0,1,1,0,0,"0,0",0,"0,0000","0,0000","0,0000",0,105.320,0,105.915,-,"100,00%",-,-,"100,00%",-,"0,1300",-,-,"0,2700","0,4000",100%,1,Level 3
abr 25,COMMERCIAL CLIENT SOLUTIONS,CHANNELS & PROCESSES,COREX & BANKING PLATFORM EVOLUTION,7184,PROCESOS ONBOARDING & CONTRATACIÓN,0,0,1,1,0,0,"1,0",1,"-99,0000","-99,0000","0,0000",0,0,0,0,-,"100,00%",-,"100,00%",-,-,"0,1300",-,"0,2700",-,"0,4000",100%,1,Level 3
abr 25,COMMERCIAL CLIENT SOLUTIONS,CHANNELS & PROCESSES,COREX & BANKING PLATFORM EVOLUTION,7395,CREDIT EXPERIENCE,1,0,0,2,0,0,"1,0",1,"0,0000","0,0000","0,0000",0,1.207,0,975,"0,00%","0,00%",-,"100,00%","100,00%","0,0000","0,0000",-,"0,2700","0,2700","0,8000",68%,0,Not certified
abr 25,COMMERCIAL CLIENT SOLUTIONS,CHANNELS & PROCESSES,DIGITAL CHANNELS,388,PLATAFORMA SENDA,0,0,4,4,0,0,"3,0",4,"0,0007","0,0007","-3,3889",2,2.983.811,2,2.882.694,-,"100,00%",-,"75,00%","100,00%",-,"0,1300",-,"0,2025","0,2700","0,6700",90%,1,Level 2
abr 25,COMMERCIAL CLIENT SOLUTIONS,CHANNELS & PROCESSES,DIGITAL CHANNELS,389,PLATAFORMA GEMA,0,0,1,1,0,0,"1,0",1,"0,0000","0,0000","0,0000",0,1.420.135,0,1.391.955,-,"100,00%",-,"100,00%","100,00%",-,"0,1300",-,"0,2700","0,2700","0,6700",100%,1,Level 3
abr 25,COMMERCIAL CLIENT SOLUTIONS,CHANNELS & PROCESSES,EMBEDDED FINANCE,390,PLATAFORMA API CHANNEL,1,0,1,2,0,0,"0,0",1,"0,0000","0,0000","0,0000",0,251.605,0,235.321,"0,00%","50,00%",-,"0,00%","100,00%","0,0000","0,0650",-,"0,0000","0,2700","0,8000",42%,0,Not certified
abr 25,COMMERCIAL CLIENT SOLUTIONS,CHANNELS & PROCESSES,GLOBAL CHANNELS,344,PIVOT NET,6,6,6,6,2,2,"3,0",4,"0,1875","0,1325","41,5107",1.121,5.979.746,791,5.970.941,"100,00%","100,00%","100,00%","75,00%","0,00%","0,1300","0,1300","0,2000","0,2025","0,0000","1,0000",66%,0,Not certified
abr 25,COMMERCIAL CLIENT SOLUTIONS,CHANNELS & PROCESSES,GLOBAL CHANNELS,348,INFRAESTRUCTURA MULTICANAL ALPHA,19,19,21,21,0,0,"4,0",4,"0,0139","0,0139","-0,2486",4,288.458,4,287.741,"100,00%","100,00%",-,"100,00%","75,00%","0,1300","0,1300",-,"0,2700","0,2025","0,8000",92%,1,Level 3
abr 25,COMMERCIAL CLIENT SOLUTIONS,CHANNELS & PROCESSES,GLOBAL CHANNELS,4779,GLOBAL CHANNELS,3,3,2,2,0,0,"2,0",2,"0,0000","0,0000","0,0000",0,57.187,0,63.810,"100,00%","100,00%",-,"100,00%","100,00%","0,1300","0,1300",-,"0,2700","0,2700","0,8000",100%,1,Level 3
abr 25,COMMERCIAL CLIENT SOLUTIONS,CHANNELS & PROCESSES,SERVICING & CLIENT EXPERIENCE TRANSFORMATION,4358,PIVOT IMPLEMENTATION,0,0,1,1,1,1,"1,0",1,"0,0000","0,0000","0,0000",0,218.938,0,189.028,-,"100,00%","100,00%","100,00%","100,00%",-,"0,1300","0,2000","0,2700","0,2700","0,8700",100%,1,Level 3
abr 25,COMMERCIAL CLIENT SOLUTIONS,CHANNELS & PROCESSES,SERVICING & CLIENT EXPERIENCE TRANSFORMATION,7210,PRODUCTIVIDAD Y DEVOPS,0,0,0,1,0,0,"0,0",1,"0,0000","0,0000","0,0000",0,55.418,0,55.233,-,"0,00%",-,"0,00%","100,00%",-,"0,0000",-,"0,0000","0,2700","0,6700",40%,0,Not certified
abr 25,COMMERCIAL CLIENT SOLUTIONS,ENTERPRISE - CANALES,DIGITAL CHANNELS,388,PLATAFORMA SENDA,0,0,0,1,0,0,"1,0",1,"0,0000","0,0000","0,0000",0,28.235,0,28.235,-,"0,00%",-,"100,00%","100,00%",-,"0,0000",-,"0,2700","0,2700","0,6700",81%,1,Level 2
abr 25,COMMERCIAL CLIENT SOLUTIONS,SUSTAINABILITY RELATIONSHIP MODELS & SPARK,BBVA SPARK,7429,HERRAMIENTAS SPARK,1,0,2,4,0,0,"2,5",3,"0,0000","0,0000","0,0000",0,37.340,0,50.751,"0,00%","50,00%",-,"83,33%","100,00%","0,0000","0,0650",-,"0,2250","0,2700","0,8000",70%,1,Level 1
abr 25,COMMERCIAL CLIENT SOLUTIONS,SUSTAINABILITY RELATIONSHIP MODELS & SPARK,RELATIONSHIP MODELS,259,SERVICE BANKERS'S TOOLS - DWP,1,1,2,2,1,1,"0,0",1,"0,0019","0,0019","0,0000",2,1.033.734,2,1.033.734,"100,00%","100,00%","100,00%","0,00%","100,00%","0,1300","0,1300","0,2000","0,0000","0,2700","1,0000",73%,1,Level 1
abr 25,COMMERCIAL CLIENT SOLUTIONS,SUSTAINABILITY RELATIONSHIP MODELS & SPARK,RELATIONSHIP MODELS,4961,GESTOR DE INTERVINIENTES,1,1,1,1,0,0,"0,0",0,"-99,0000","-99,0000","0,0000",0,0,0,0,"100,00%","100,00%",-,-,-,"0,1300","0,1300",-,-,-,"0,2600",100%,1,Level 3
abr 25,COMMERCIAL CLIENT SOLUTIONS,SUSTAINABILITY RELATIONSHIP MODELS & SPARK,RELATIONSHIP MODELS,6335,INTERNATIONAL CROSSBORDER COORDINATION TOOL,1,1,1,1,0,0,"0,0",1,"1,3638","0,0000","0,0000",484,354.886,0,238.853,"100,00%","100,00%",-,"0,00%","0,00%","0,1300","0,1300",-,"0,0000","0,0000","0,8000",33%,0,Not certified
abr 25,COMMERCIAL CLIENT SOLUTIONS,SUSTAINABILITY RELATIONSHIP MODELS & SPARK,SUSTAINABILITY,388,PLATAFORMA SENDA,0,0,1,1,0,0,"1,0",1,"0,0000","0,0000","0,0000",0,85.830,0,66.605,-,"100,00%",-,"100,00%","100,00%",-,"0,1300",-,"0,2700","0,2700","0,6700",100%,1,Level 3
abr 25,COMMERCIAL CLIENT SOLUTIONS,VALUE PROPOSITION,DOMESTIC TREASURY MANAGEMENT,349,PLATAFORMA ETPB,0,0,1,1,0,0,"1,0",1,"0,0000","0,0000","0,0000",0,1.030.579,0,1.028.759,-,"100,00%",-,"100,00%","100,00%",-,"0,1300",-,"0,2700","0,2700","0,6700",100%,1,Level 3
abr 25,COMMERCIAL CLIENT SOLUTIONS,VALUE PROPOSITION,HIGH VALUE SOLUTIONS,98,FINANCIACIÓN ESPECIALIZADA,0,0,0,1,0,0,"0,0",1,"0,0000","0,0000","0,0000",0,1.655,0,1.512,-,"0,00%",-,"0,00%","100,00%",-,"0,0000",-,"0,0000","0,2700","0,6700",40%,0,Not certified
abr 25,COMMERCIAL CLIENT SOLUTIONS,VALUE PROPOSITION,HIGH VALUE SOLUTIONS,7699,TRADE FINANCE,0,0,1,1,0,0,"0,0",0,"0,0000","-99,0000","0,0000",0,6.745,0,0,-,"100,00%",-,-,"100,00%",-,"0,1300",-,-,"0,2700","0,4000",100%,1,Level 3
abr 25,COMMERCIAL CLIENT SOLUTIONS,VALUE PROPOSITION,INTERNATIONAL TREASURY MANAGEMENT,345,PIVOT CONNECT,2,2,2,2,4,4,"1,0",1,"0,0000","0,0000","0,0000",0,255.049,0,244.365,"100,00%","100,00%","100,00%","100,00%","100,00%","0,1300","0,1300","0,2000","0,2700","0,2700","1,0000",100%,1,Level 3
abr 25,COMMERCIAL CLIENT SOLUTIONS,VALUE PROPOSITION,INTERNATIONAL TREASURY MANAGEMENT,7135,Pivot Data,0,0,1,1,0,0,"0,0",0,"-99,0000","-99,0000","0,0000",0,0,0,0,-,"100,00%",-,-,-,-,"0,1300",-,-,-,"0,1300",100%,1,Level 3
abr 25,COMMERCIAL CLIENT SOLUTIONS,VALUE PROPOSITION,LIQUIDITY MANAGEMENT,345,PIVOT CONNECT,2,1,2,2,3,3,"2,0",2,"0,0000","0,0000","0,0000",0,1.193.553,0,1.182.866,"50,00%","100,00%","100,00%","100,00%","100,00%","0,0650","0,1300","0,2000","0,2700","0,2700","1,0000",94%,1,Level 3
abr 25,COMMERCIAL CLIENT SOLUTIONS,VALUE PROPOSITION,VAM SCF CARDS,346,PIVOT - COMMERCIAL CARD,1,1,1,1,0,0,"1,0",1,"0,0000","0,0000","0,0000",0,711.455,0,709.807,"100,00%","100,00%",-,"100,00%","100,00%","0,1300","0,1300",-,"0,2700","0,2700","0,8000",100%,1,Level 3
abr 25,COMMERCIAL CLIENT SOLUTIONS,VALUE PROPOSITION,VAM SCF CARDS,347,PIVOT - GLOBAL SUPPLY CHAIN FINANCE,1,1,1,1,0,0,"1,0",1,"0,0000","0,0000","0,0000",0,9.125,0,9.125,"100,00%","100,00%",-,"100,00%","100,00%","0,1300","0,1300",-,"0,2700","0,2700","0,8000",100%,1,Level 3
abr 25,COMMERCIAL CLIENT SOLUTIONS,VALUE PROPOSITION,VAM SCF CARDS,6141,PIVOT - VIRTUAL ACCOUNTS,1,1,1,1,0,0,"1,0",1,"0,0000","0,0000","0,0000",0,55.387,0,30.308,"100,00%","100,00%",-,"100,00%","100,00%","0,1300","0,1300",-,"0,2700","0,2700","0,8000",100%,1,Level 3
abr 25,COMMERCIAL CLIENT SOLUTIONS,VALUE PROPOSITION,VAM SCF CARDS,7423,GLOBAL SCF (LOCAL MULTICOUNTRY),0,0,0,1,0,0,"0,0",0,"-99,0000","-99,0000","0,0000",0,0,0,0,-,"0,00%",-,-,-,-,"0,0000",-,-,-,"0,1300",0%,0,Not certified
abr 25,COMMERCIAL CLIENT SOLUTIONS,VALUE PROPOSITION,VAM SCF CARDS,7424,BBVA CONNECTA,0,0,0,1,0,0,"0,0",0,"0,0000","-99,0000","0,0000",0,378,0,0,-,"0,00%",-,-,"100,00%",-,"0,0000",-,-,"0,2700","0,4000",68%,0,Not certified
abr 25,DATA ENGINEERING,DATA ENGINEERING,DATA HUB,400,CS INGESTAS,2,2,4,4,59,60,"2,5",4,"0,0000","0,0345","-100,0000",0,38.595,8,231.891,"100,00%","100,00%","98,33%","62,50%","100,00%","0,1300","0,1300","0,1967","0,1688","0,2700","1,0000",90%,1,Level 2
abr 25,DATA ENGINEERING,DATA ENGINEERING,DATA HUB,401,HERRAMIENTAS DATA,6,6,6,6,17,17,"4,0",6,"0,1058","0,1039","1,8314",520,4.913.783,515,4.955.659,"100,00%","100,00%","100,00%","66,67%","25,00%","0,1300","0,1300","0,2000","0,1800","0,0675","1,0000",71%,1,Level 1
abr 25,DATA ENGINEERING,DATA ENGINEERING,DATA HUB,402,"T&C, CROSS Y ENGINEERING INGESTAS",1,1,1,1,21,21,"0,0",1,"0,0000","0,0000","0,0000",0,39.710,0,40.456,"100,00%","100,00%","100,00%","0,00%","100,00%","0,1300","0,1300","0,2000","0,0000","0,2700","1,0000",73%,1,Level 1
abr 25,DATA ENGINEERING,DATA ENGINEERING,DATA HUB,403,VISUAL CLIENT,1,1,1,1,0,0,"0,0",1,"0,0000","0,0000","0,0000",0,135.612,0,135.608,"100,00%","100,00%",-,"0,00%","100,00%","0,1300","0,1300",-,"0,0000","0,2700","0,8000",66%,0,Not certified
abr 25,DATA ENGINEERING,DATA ENGINEERING,DATA HUB,404,DE PLATAFORMA INFORMACIONAL HOLDING (HIS Y MAESTROS),1,1,1,1,3,3,"0,0",0,"0,0000","0,0000","0,0000",0,112.683,0,112.683,"100,00%","100,00%","100,00%",-,"100,00%","0,1300","0,1300","0,2000",-,"0,2700","0,7300",100%,1,Level 3
abr 25,DATA ENGINEERING,DATA ENGINEERING,DATA HUB,405,DATAHUB R&F,3,3,1,3,105,108,"2,0",3,"0,0000","0,0000","0,0000",0,123.469,0,124.696,"100,00%","33,33%","97,22%","66,67%","100,00%","0,1300","0,0433","0,1944","0,1800","0,2700","1,0000",82%,1,Level 2
abr 25,DATA ENGINEERING,DATA ENGINEERING,DATA HUB,406,GDH ALPHA,1,1,1,1,15,15,"0,0",1,"0,0000","0,0000","0,0000",0,752.889,0,727.775,"100,00%","100,00%","100,00%","0,00%","100,00%","0,1300","0,1300","0,2000","0,0000","0,2700","1,0000",73%,1,Level 1
abr 25,DATA ENGINEERING,DATA ENGINEERING,DATA HUB,5504,DQ HOLDING,1,1,1,1,0,0,"0,0",1,"0,0000","0,0000","0,0000",0,2.955,0,2.955,"100,00%","100,00%",-,"0,00%","100,00%","0,1300","0,1300",-,"0,0000","0,2700","0,8000",66%,0,Not certified
abr 25,DATA ENGINEERING,DATA ENGINEERING,DATA HUB,6136,DEVOPS - CI/CD,1,1,0,1,0,0,"0,0",1,"0,0000","0,0000","0,0000",0,651,0,26.128,"100,00%","0,00%",-,"0,00%","100,00%","0,1300","0,0000",-,"0,0000","0,2700","0,8000",50%,0,Not certified
abr 25,ESPAÑA,DATA ENGINEERING,DATA HUB,392,TERADATA SYSTEMS,1,1,1,1,5,5,"0,5",1,"0,1409","0,1419","-0,7374",183,1.298.840,183,1.289.263,"100,00%","100,00%","100,00%","50,00%","75,00%","0,1300","0,1300","0,2000","0,1350","0,2025","1,0000",80%,1,Level 1
abr 25,ESPAÑA,DATA ENGINEERING,DATA HUB,5709,Riesgos & Finanzas,3,3,2,3,38,39,"1,0",2,"0,0000","0,0129","-100,0000",0,47.648,21,1.622.685,"100,00%","66,67%","97,44%","50,00%","100,00%","0,1300","0,0867","0,1949","0,1350","0,2700","1,0000",82%,1,Level 2
abr 25,ESPAÑA,DATA ENGINEERING,DATA HUB,5710,Cs & Sostenibilidad,4,4,4,4,91,91,"3,0",4,"0,0010","0,0008","16,7367",2,2.046.551,2,2.389.077,"100,00%","100,00%","100,00%","75,00%","100,00%","0,1300","0,1300","0,2000","0,2025","0,2700","1,0000",93%,1,Level 3
abr 25,ESPAÑA,DATA ENGINEERING,DATA HUB,5711,Cross System,1,0,1,1,34,34,"0,0",1,"0,0000","0,0109","-100,0000",0,106.207,3,274.657,"0,00%","100,00%","100,00%","0,00%","100,00%","0,0000","0,1300","0,2000","0,0000","0,2700","1,0000",60%,0,Not certified
abr 25,ESPAÑA,DATA ENGINEERING,Data Modelling,5713,SDM,2,2,2,2,43,43,"0,0",2,"0,0000","0,0000","0,0000",0,10.051,0,25.370,"100,00%","100,00%","100,00%","0,00%","100,00%","0,1300","0,1300","0,2000","0,0000","0,2700","1,0000",73%,1,Level 1
abr 25,ESPAÑA,SYSTEMS ENGINEERING,ALPHA,52,CLIENTS REGULATORY COMPLIANCE,3,3,3,3,7,7,"3,0",3,"0,0000","0,0000","0,0000",0,754.200,0,754.772,"100,00%","100,00%","100,00%","100,00%","100,00%","0,1300","0,1300","0,2000","0,2700","0,2700","1,0000",100%,1,Level 3
abr 25,ESPAÑA,SYSTEMS ENGINEERING,ALPHA,71,BACKEND,3,3,3,3,8,8,"1,5",3,"0,0088","0,0110","-20,0470",13,1.484.202,17,1.551.792,"100,00%","100,00%","100,00%","50,00%","100,00%","0,1300","0,1300","0,2000","0,1350","0,2700","1,0000",87%,1,Level 2
abr 25,ESPAÑA,SYSTEMS ENGINEERING,ALPHA,157,CLIENTS,3,2,2,3,8,8,"2,0",2,"0,0000","0,0000","0,0000",0,70.562,0,70.541,"66,67%","66,67%","100,00%","100,00%","100,00%","0,0867","0,0867","0,2000","0,2700","0,2700","1,0000",91%,1,Level 3
abr 25,ESPAÑA,SYSTEMS ENGINEERING,ALPHA,431,ALPHA CORE PLATFORM,3,3,2,3,1,1,"2,5",3,"0,0000","0,0000","0,0000",0,39.125,0,38.112,"100,00%","66,67%","100,00%","83,33%","100,00%","0,1300","0,0867","0,2000","0,2250","0,2700","1,0000",91%,1,Level 3
abr 25,ESPAÑA,SYSTEMS ENGINEERING,CONSUMER FINANCE SYSTEMS,53,CONSUMER FINANCE,1,1,1,1,4,4,"1,0",1,"0,1846","0,1851","-0,2854",216,1.170.206,216,1.166.866,"100,00%","100,00%","100,00%","100,00%","75,00%","0,1300","0,1300","0,2000","0,2700","0,2025","1,0000",93%,1,Level 3
abr 25,ESPAÑA,SYSTEMS ENGINEERING,CONSUMER FINANCE SYSTEMS,266,CONSUMER FINANCE CHANNEL,4,4,4,4,9,11,"2,0",3,"0,0658","0,0661","-0,4012",138,2.096.698,138,2.088.286,"100,00%","100,00%","81,82%","66,67%","75,00%","0,1300","0,1300","0,1636","0,1800","0,2025","1,0000",81%,1,Level 2
abr 25,ESPAÑA,SYSTEMS ENGINEERING,CONSUMER FINANCE SYSTEMS,267,COBRANDED,4,4,2,4,7,8,"3,0",4,"0,0723","0,0734","-1,5044",133,1.839.491,133,1.811.817,"100,00%","50,00%","87,50%","75,00%","75,00%","0,1300","0,0650","0,1750","0,2025","0,2025","1,0000",78%,1,Level 1
abr 25,ESPAÑA,SYSTEMS ENGINEERING,CONSUMER FINANCE SYSTEMS,268,RED DE AGENTES,1,1,1,1,5,5,"1,0",1,"0,0000","0,0000","0,0000",0,1.026.179,0,1.025.124,"100,00%","100,00%","100,00%","100,00%","100,00%","0,1300","0,1300","0,2000","0,2700","0,2700","1,0000",100%,1,Level 3
abr 25,ESPAÑA,SYSTEMS ENGINEERING,CORE BANKING PRODUCTS,425,"VALORES, FONDOS INTERNACIONALES, DEPOSITARÍA Y ACCIONISTAS",13,13,12,12,20,21,"4,5",10,"0,2699","0,2702","-0,1146",1.140,4.223.767,1.140,4.218.926,"100,00%","100,00%","95,24%","45,00%","0,00%","0,1300","0,1300","0,1905","0,1215","0,0000","1,0000",57%,0,Not certified
abr 25,ESPAÑA,SYSTEMS ENGINEERING,CORE BANKING PRODUCTS,426,MMPP,12,10,11,11,27,32,"7,0",10,"0,0588","0,0598","-1,7334",139,2.364.603,139,2.323.615,"83,33%","100,00%","84,38%","70,00%","75,00%","0,1083","0,1300","0,1688","0,1890","0,2025","1,0000",80%,1,Level 1
abr 25,ESPAÑA,SYSTEMS ENGINEERING,CORE BANKING PRODUCTS,427,PASIVO,10,9,10,10,6,6,"7,0",8,"0,0000","0,0000","0,0000",0,512.588,0,512.752,"90,00%","100,00%","100,00%","87,50%","100,00%","0,1170","0,1300","0,2000","0,2363","0,2700","1,0000",95%,1,Level 3
abr 25,ESPAÑA,SYSTEMS ENGINEERING,CORE BANKING PRODUCTS,428,VENTA DE CARTERAS,1,1,1,1,3,3,"1,0",1,"0,0000","0,0000","0,0000",0,237.153,0,22.952,"100,00%","100,00%","100,00%","100,00%","100,00%","0,1300","0,1300","0,2000","0,2700","0,2700","1,0000",100%,1,Level 3
abr 25,ESPAÑA,SYSTEMS ENGINEERING,CORE BANKING PRODUCTS,429,SERVICIOS BANCARIOS (COBROS Y PAGOS),14,11,13,14,20,22,"9,0",13,"0,2470","0,2519","-1,9183",392,1.586.833,392,1.556.393,"78,57%","92,86%","90,91%","69,23%","0,00%","0,1021","0,1207","0,1818","0,1869","0,0000","1,0000",59%,0,Not certified
abr 25,ESPAÑA,SYSTEMS ENGINEERING,CORE BANKING PRODUCTS,430,FINANCIACIÓN,9,9,9,9,5,7,"8,0",9,"0,0007","0,0178","-95,8276",1,1.343.824,24,1.345.666,"100,00%","100,00%","71,43%","88,89%","100,00%","0,1300","0,1300","0,1429","0,2400","0,2700","1,0000",91%,1,Level 3
abr 25,ESPAÑA,SYSTEMS ENGINEERING,CORE CROSS SYSTEMS,128,CCS PRICING,4,4,4,4,5,5,"3,0",3,"0,0000","0,0000","0,0000",0,202.617,0,201.722,"100,00%","100,00%","100,00%","100,00%","100,00%","0,1300","0,1300","0,2000","0,2700","0,2700","1,0000",100%,1,Level 3
abr 25,ESPAÑA,SYSTEMS ENGINEERING,CORE CROSS SYSTEMS,129,TRANSFORMACIÓN DE OPERACIONES,8,8,8,8,8,9,"3,5",6,"0,1135","0,1134","0,0753",404,3.558.406,404,3.561.084,"100,00%","100,00%","88,89%","58,33%","25,00%","0,1300","0,1300","0,1778","0,1575","0,0675","1,0000",66%,0,Not certified
abr 25,ESPAÑA,SYSTEMS ENGINEERING,CORE CROSS SYSTEMS,130,INFRAESTRUCTURA OPERACIONAL,4,4,4,4,12,14,"1,5",3,"0,0000","0,0000","0,0000",0,300.416,0,299.290,"100,00%","100,00%","85,71%","50,00%","100,00%","0,1300","0,1300","0,1714","0,1350","0,2700","1,0000",84%,1,Level 2
abr 25,ESPAÑA,SYSTEMS ENGINEERING,CORE CROSS SYSTEMS,131,CONTRATACIÓN,4,4,4,4,26,28,"4,0",4,"0,0597","0,0576","3,5052",425,7.123.504,425,7.373.200,"100,00%","100,00%","92,86%","100,00%","25,00%","0,1300","0,1300","0,1857","0,2700","0,0675","1,0000",78%,1,Level 1
abr 25,ESPAÑA,SYSTEMS ENGINEERING,CORE CROSS SYSTEMS,132,"DOC, TTGG, LIQUIDACIÓN",3,3,3,3,12,13,"1,5",3,"0,0000","0,0000","0,0000",0,231.989,0,238.490,"100,00%","100,00%","92,31%","50,00%","100,00%","0,1300","0,1300","0,1846","0,1350","0,2700","1,0000",85%,1,Level 2
abr 25,ESPAÑA,SYSTEMS ENGINEERING,CORE CROSS SYSTEMS,133,MODELO DE DIRECCIÓN Y GESTIÓN,5,5,5,5,4,4,"2,0",4,"0,0638","0,0637","0,1754",6,94.060,6,94.225,"100,00%","100,00%","100,00%","50,00%","25,00%","0,1300","0,1300","0,2000","0,1350","0,0675","1,0000",66%,0,Not certified
abr 25,ESPAÑA,SYSTEMS ENGINEERING,CORPORATE FUNCTIONS SYSTEMS,4,RIESGOS DE CRÉDITO,8,8,6,6,12,13,"9,0",9,"0,0019","0,0048","-60,6974",4,2.107.994,8,1.656.991,"100,00%","100,00%","92,31%","100,00%","100,00%","0,1300","0,1300","0,1846","0,2700","0,2700","1,0000",98%,1,Level 3
abr 25,ESPAÑA,SYSTEMS ENGINEERING,CORPORATE FUNCTIONS SYSTEMS,319,GESTIÓN RECUPERATORIA Y CONTROL INTERNO,3,3,3,3,1,1,"2,0",3,"0,0000","0,0007","-100,0000",0,1.484.871,1,1.485.214,"100,00%","100,00%","100,00%","66,67%","100,00%","0,1300","0,1300","0,2000","0,1800","0,2700","1,0000",91%,1,Level 3
abr 25,ESPAÑA,SYSTEMS ENGINEERING,CORPORATE FUNCTIONS SYSTEMS,320,T&C Y COMUNICACIONES,4,4,1,1,0,0,"4,0",4,"0,4960","0,4969","-0,1751",1.796,3.621.023,1.796,3.614.684,"100,00%","100,00%",-,"100,00%","0,00%","0,1300","0,1300",-,"0,2700","0,0000","0,8000",66%,0,Not certified
abr 25,ESPAÑA,SYSTEMS ENGINEERING,CORPORATE FUNCTIONS SYSTEMS,321,REPORTING NORMATIVO,6,5,6,7,0,0,"4,0",5,"0,1356","0,1371","-1,1357",1.018,7.508.545,1.023,7.459.734,"83,33%","85,71%",-,"80,00%","75,00%","0,1083","0,1114",-,"0,2160","0,2025","0,8000",80%,1,Level 1
abr 25,ESPAÑA,SYSTEMS ENGINEERING,CORPORATE FUNCTIONS SYSTEMS,322,IMPAGO Y COBERTURAS,8,8,7,7,10,10,"6,0",7,"0,0354","0,0355","-0,2129",50,1.410.514,50,1.407.511,"100,00%","100,00%","100,00%","85,71%","75,00%","0,1300","0,1300","0,2000","0,2314","0,2025","1,0000",89%,1,Level 2
abr 25,ESPAÑA,SYSTEMS ENGINEERING,CORPORATE FUNCTIONS SYSTEMS,323,CONTABILIDAD Y REAL ESTATE,4,4,4,4,0,0,"4,0",4,"0,0685","0,0685","0,0025",82,1.196.672,82,1.196.702,"100,00%","100,00%",-,"100,00%","25,00%","0,1300","0,1300",-,"0,2700","0,0675","0,8000",75%,1,Level 1
abr 25,ESPAÑA,SYSTEMS ENGINEERING,CORPORATE FUNCTIONS SYSTEMS,324,SSJJ Y OTROS,4,3,2,3,0,0,"2,0",2,"0,0000","0,0000","0,0000",0,265.168,0,264.403,"75,00%","66,67%",-,"100,00%","100,00%","0,0975","0,0867",-,"0,2700","0,2700","0,8000",91%,1,Level 3
abr 25,ESPAÑA,SYSTEMS ENGINEERING,ENTERPRISE CLIENTS SYSTEMS,96,ENTERPRISE CLIENTS OPERATIONS,9,8,9,9,6,8,"5,0",8,"0,0253","0,0273","-7,2873",92,3.640.614,99,3.632.128,"88,89%","100,00%","75,00%","62,50%","75,00%","0,1156","0,1300","0,1500","0,1688","0,2025","1,0000",77%,1,Level 1
abr 25,ESPAÑA,SYSTEMS ENGINEERING,ENTERPRISE CLIENTS SYSTEMS,98,FINANCIACIÓN ESPECIALIZADA,4,4,4,4,3,5,"3,0",4,"0,0472","0,0488","-3,4322",82,1.738.432,82,1.678.766,"100,00%","100,00%","60,00%","75,00%","75,00%","0,1300","0,1300","0,1200","0,2025","0,2025","1,0000",79%,1,Level 1
abr 25,ESPAÑA,SYSTEMS ENGINEERING,ENTERPRISE CLIENTS SYSTEMS,100,ENTERPRISES CHANNEL,5,5,5,5,14,16,"4,0",5,"0,1248","0,1222","2,1427",2.532,20.283.601,2.902,23.745.770,"100,00%","100,00%","87,50%","80,00%","25,00%","0,1300","0,1300","0,1750","0,2160","0,0675","1,0000",72%,1,Level 1
abr 25,ESPAÑA,SYSTEMS ENGINEERING,ENTERPRISE CLIENTS SYSTEMS,4739,ENTERPRISE MXM,2,2,2,2,8,9,"2,0",2,"0,0000","0,0263","-100,0000",0,344.357,9,342.184,"100,00%","100,00%","88,89%","100,00%","100,00%","0,1300","0,1300","0,1778","0,2700","0,2700","1,0000",98%,1,Level 3
abr 25,ESPAÑA,SYSTEMS ENGINEERING,ENTERPRISE CLIENTS SYSTEMS,5938,COMEX,2,2,2,2,0,0,"0,0",2,"0,0260","0,0260","-0,0531",51,1.960.500,51,1.959.458,"100,00%","100,00%",-,"0,00%","75,00%","0,1300","0,1300",-,"0,0000","0,2025","0,8000",58%,0,Not certified
abr 25,ESPAÑA,SYSTEMS ENGINEERING,ENTERPRISE CLIENTS SYSTEMS,6169,ENTERPRISE MOBILE CHANNEL,1,1,1,1,6,7,"0,0",1,"0,0011","0,0013","-15,5556",5,4.532.155,6,4.592.580,"100,00%","100,00%","85,71%","0,00%","100,00%","0,1300","0,1300","0,1714","0,0000","0,2700","1,0000",70%,1,Level 1
abr 25,ESPAÑA,SYSTEMS ENGINEERING,INSURANCE AND ASSET MANAGEMENT SYSTEMS,300,INSURANCE - POSTVENTA,2,2,2,2,1,1,"1,0",1,"0,0000","0,0000","0,0000",0,12.413,0,12.387,"100,00%","100,00%","100,00%","100,00%","100,00%","0,1300","0,1300","0,2000","0,2700","0,2700","1,0000",100%,1,Level 3
abr 25,ESPAÑA,SYSTEMS ENGINEERING,INSURANCE AND ASSET MANAGEMENT SYSTEMS,301,INSURANCE - AHORRO Y PREVISIÓN,5,5,5,5,3,3,"4,0",4,"0,0003","0,0076","-96,5947",9,35.004.051,9,1.191.984,"100,00%","100,00%","100,00%","100,00%","100,00%","0,1300","0,1300","0,2000","0,2700","0,2700","1,0000",100%,1,Level 3
abr 25,ESPAÑA,SYSTEMS ENGINEERING,INSURANCE AND ASSET MANAGEMENT SYSTEMS,302,INSURANCE - FINANCIERO ACTUARIAL,4,4,3,3,1,1,"4,0",4,"0,0000","0,0000","0,0000",0,27.803,0,72.649,"100,00%","100,00%","100,00%","100,00%","100,00%","0,1300","0,1300","0,2000","0,2700","0,2700","1,0000",100%,1,Level 3
abr 25,ESPAÑA,SYSTEMS ENGINEERING,INSURANCE AND ASSET MANAGEMENT SYSTEMS,303,INSURANCE - DISTRIBUCIÓN,1,1,1,1,7,7,"1,0",1,"0,0000","0,0000","0,0000",0,8.177.406,0,8.147.534,"100,00%","100,00%","100,00%","100,00%","100,00%","0,1300","0,1300","0,2000","0,2700","0,2700","1,0000",100%,1,Level 3
abr 25,ESPAÑA,SYSTEMS ENGINEERING,INSURANCE AND ASSET MANAGEMENT SYSTEMS,304,INSURANCE - BACKOFFICE Y DATA,3,3,3,3,7,7,"2,0",3,"0,0000","0,0000","0,0000",0,2.947.817,0,2.945.834,"100,00%","100,00%","100,00%","66,67%","100,00%","0,1300","0,1300","0,2000","0,1800","0,2700","1,0000",91%,1,Level 3
abr 25,ESPAÑA,SYSTEMS ENGINEERING,INSURANCE AND ASSET MANAGEMENT SYSTEMS,307,ASSET MANAGEMENT - MIDDLE OFFICE,4,4,2,2,5,5,"3,0",3,"0,0000","0,0159","-100,0000",0,314.373,5,314.373,"100,00%","100,00%","100,00%","100,00%","100,00%","0,1300","0,1300","0,2000","0,2700","0,2700","1,0000",100%,1,Level 3
abr 25,ESPAÑA,SYSTEMS ENGINEERING,INSURANCE AND ASSET MANAGEMENT SYSTEMS,308,ASSET MANAGEMENT - INFORMACIONAL & WEBS,5,5,5,5,10,11,"3,0",5,"0,2903","0,2924","-0,7056",2.275,7.837.000,2.281,7.802.227,"100,00%","100,00%","90,91%","60,00%","0,00%","0,1300","0,1300","0,1818","0,1620","0,0000","1,0000",60%,0,Not certified
abr 25,ESPAÑA,SYSTEMS ENGINEERING,INSURANCE AND ASSET MANAGEMENT SYSTEMS,310,ASSET MANAGEMENT - FRONT OFFICE,3,0,3,3,0,0,"2,0",3,"0,0037","0,2893","-98,7288",8,2.175.055,621,2.146.245,"0,00%","100,00%",-,"66,67%","100,00%","0,0000","0,1300",-,"0,1800","0,2700","0,8000",73%,1,Level 1
abr 25,ESPAÑA,SYSTEMS ENGINEERING,INSURANCE AND ASSET MANAGEMENT SYSTEMS,4154,ASSET MANAGEMENT - BACKOFFICE Y FONDOS DE INVERSIÓN,3,2,1,1,12,12,"0,0",2,"0,3039","0,3039","0,0000",471,1.550.062,471,1.550.062,"66,67%","100,00%","100,00%","0,00%","0,00%","0,0867","0,1300","0,2000","0,0000","0,0000","1,0000",42%,0,Not certified
abr 25,ESPAÑA,SYSTEMS ENGINEERING,INSURANCE AND ASSET MANAGEMENT SYSTEMS,4301,ASSET MANAGEMENT - FONDOS Y PLANES DE PENSIONES,1,0,1,1,14,14,"0,0",1,"0,0000","0,0000","0,0000",0,101.467,0,94.450,"0,00%","100,00%","100,00%","0,00%","100,00%","0,0000","0,1300","0,2000","0,0000","0,2700","1,0000",60%,0,Not certified
abr 25,ESPAÑA,SYSTEMS ENGINEERING,RETAIL CUSTOMERS SYSTEMS,79,MOBILE CHANNEL,3,3,3,3,12,15,"2,0",3,"0,0000","0,0000","0,0000",0,1.719.787,0,1.722.941,"100,00%","100,00%","80,00%","66,67%","100,00%","0,1300","0,1300","0,1600","0,1800","0,2700","1,0000",87%,1,Level 2
abr 25,ESPAÑA,SYSTEMS ENGINEERING,RETAIL CUSTOMERS SYSTEMS,89,ATM,2,2,2,2,0,1,"0,0",1,"0,0000","0,0000","0,0000",0,2.227.414,0,2.212.880,"100,00%","100,00%","0,00%","0,00%","100,00%","0,1300","0,1300","0,0000","0,0000","0,2700","1,0000",53%,0,Not certified
abr 25,ESPAÑA,SYSTEMS ENGINEERING,RETAIL CUSTOMERS SYSTEMS,93,WEB CHANNEL,7,5,6,7,30,32,"4,0",6,"0,1036","0,1052","-1,5395",421,4.064.589,421,4.002.016,"71,43%","85,71%","93,75%","66,67%","75,00%","0,0929","0,1114","0,1875","0,1800","0,2025","1,0000",77%,1,Level 1
abr 25,ESPAÑA,SYSTEMS ENGINEERING,RETAIL CUSTOMERS SYSTEMS,181,CONTACT CENTER,6,5,4,5,19,21,"5,0",5,"0,0261","0,0254","2,7839",90,3.448.771,90,3.544.780,"83,33%","80,00%","90,48%","100,00%","25,00%","0,1083","0,1040","0,1810","0,2700","0,0675","1,0000",73%,1,Level 1
abr 25,ESPAÑA,SYSTEMS ENGINEERING,RETAIL CUSTOMERS SYSTEMS,281,PRIVATE BANKING,6,6,6,6,3,3,"4,0",6,"0,0000","0,0000","0,0000",0,202.563,0,202.306,"100,00%","100,00%","100,00%","66,67%","100,00%","0,1300","0,1300","0,2000","0,1800","0,2700","1,0000",91%,1,Level 3
abr 25,ESPAÑA,SYSTEMS ENGINEERING,RETAIL CUSTOMERS SYSTEMS,327,RETAIL DIGITAL SERVICES,12,11,12,12,0,0,"11,0",11,"0,0000","0,0000","0,0000",0,946.051,0,905.633,"91,67%","100,00%",-,"100,00%","100,00%","0,1192","0,1300",-,"0,2700","0,2700","0,8000",99%,1,Level 3
abr 25,ESPAÑA,SYSTEMS ENGINEERING,RETAIL CUSTOMERS SYSTEMS,328,BRANCH CHANNEL,7,7,4,4,24,24,"1,0",7,"0,0531","0,0857","-38,0411",1.428,26.904.102,3.349,39.093.882,"100,00%","100,00%","100,00%","14,29%","100,00%","0,1300","0,1300","0,2000","0,0386","0,2700","1,0000",77%,1,Level 1
abr 25,ESPAÑA,SYSTEMS ENGINEERING,RETAIL CUSTOMERS SYSTEMS,329,OPEN BANKING,1,1,1,1,1,1,"1,0",1,"0,0000","0,0000","0,0000",0,6.243,0,6.243,"100,00%","100,00%","100,00%","100,00%","100,00%","0,1300","0,1300","0,2000","0,2700","0,2700","1,0000",100%,1,Level 3
abr 25,ESPAÑA,SYSTEMS ENGINEERING,RETAIL CUSTOMERS SYSTEMS,330,OPERATIONAL CRM,6,6,4,4,10,10,"5,0",5,"0,3364","0,3423","-1,7023",416,1.236.523,424,1.238.848,"100,00%","100,00%","100,00%","100,00%","0,00%","0,1300","0,1300","0,2000","0,2700","0,0000","1,0000",73%,1,Level 1
abr 25,ESPAÑA,SYSTEMS ENGINEERING,RETAIL CUSTOMERS SYSTEMS,331,DIGITAL MARKETING,2,2,0,0,0,0,"1,0",2,"0,0030","0,0030","-1,0243",2,677.415,2,670.476,"100,00%",-,-,"50,00%","100,00%","0,1300",-,-,"0,1350","0,2700","0,6700",80%,1,Level 1
abr 25,GSD,GSD,ALPHA,4621,CATÁLOGOS,0,0,2,2,0,0,"1,0",2,"0,0000","0,0000","0,0000",0,231.043,0,232.167,-,"100,00%",-,"50,00%","100,00%",-,"0,1300",-,"0,1350","0,2700","0,6700",80%,1,Level 1
abr 25,GSD,GSD,ALPHA,4622,FIRMA,0,0,1,1,0,0,"0,0",1,"0,0000","0,0000","0,0000",0,64.074,0,63.675,-,"100,00%",-,"0,00%","100,00%",-,"0,1300",-,"0,0000","0,2700","0,6700",60%,0,Not certified
abr 25,GSD,GSD,ALPHA,4623,INFRAESTRUCTURA MULTICANAL,0,0,5,5,1,2,"2,0",5,"0,0000","0,0000","0,0000",0,523.315,0,101.882,-,"100,00%","50,00%","40,00%","100,00%",-,"0,1300","0,1000","0,1080","0,2700","0,8700",70%,0,Not certified
abr 25,GSD,GSD,ALPHA,4625,OPERATIONAL DATA INFRASTRUCTURE,2,0,3,6,0,1,"2,5",4,"0,0000","0,0000","0,0000",0,159.212,0,151.974,"0,00%","50,00%","0,00%","62,50%","100,00%","0,0000","0,0650","0,0000","0,1688","0,2700","1,0000",50%,0,Not certified
abr 25,GSD,GSD,ALPHA,4647,INFRAESTRUCTURA PERSONAS Y CONTRATOS,0,0,5,5,1,1,"1,5",4,"0,0000","0,0000","0,0000",0,570.920,0,222.190,-,"100,00%","100,00%","37,50%","100,00%",-,"0,1300","0,2000","0,1013","0,2700","0,8700",81%,1,Level 2
abr 25,GSD,GSD,DEVOPS & SW DEV TOOLS,4308,SW DEVTOOLS SUITE,3,3,4,4,0,0,"3,0",3,"0,0429","0,0431","-0,3529",148,3.449.577,149,3.460.629,"100,00%","100,00%",-,"100,00%","75,00%","0,1300","0,1300",-,"0,2700","0,2025","0,8000",92%,1,Level 3
abr 25,GSD,GSD,DEVOPS & SW DEV TOOLS,6091,IAGEN SDLC,1,1,1,2,0,0,"0,0",2,"0,0000","0,0000","0,0000",0,8.794,0,8.794,"100,00%","50,00%",-,"0,00%","100,00%","0,1300","0,0650",-,"0,0000","0,2700","0,8000",58%,0,Not certified
abr 25,GSD,GSD,DEVOPS & SW DEV TOOLS,6110,TESTING TOOLS,5,5,5,5,1,1,"5,0",5,"0,0300","0,0292","2,8547",34,1.132.207,33,1.130.277,"100,00%","100,00%","100,00%","100,00%","25,00%","0,1300","0,1300","0,2000","0,2700","0,0675","1,0000",80%,1,Level 1
abr 25,GSD,GSD,DEVOPS & SW DEV TOOLS,6124,UX & DESIGN,0,0,0,1,0,0,"0,0",1,"0,0000","0,0000","0,0000",0,168.619,0,171.940,-,"0,00%",-,"0,00%","100,00%",-,"0,0000",-,"0,0000","0,2700","0,6700",40%,0,Not certified
abr 25,GSD,GSD,DEVOPS & SW DEV TOOLS,6136,DEVOPS - CI/CD,7,6,6,9,0,0,"7,0",7,"0,0039","0,0026","46,3331",10,2.595.922,7,2.659.085,"85,71%","66,67%",-,"100,00%","100,00%","0,1114","0,0867",-,"0,2700","0,2700","0,8000",92%,1,Level 3
abr 25,GSD,GSD,PAYMENT,427,PASIVO,0,0,1,1,0,0,"0,5",1,"0,0000","0,0000","0,0000",0,9.581,0,9.232,-,"100,00%",-,"50,00%","100,00%",-,"0,1300",-,"0,1350","0,2700","0,6700",80%,1,Level 1
abr 25,GSD,GSD,PAYMENT,4357,PAYMENT AUTHORIZATION,1,1,3,3,1,1,"1,5",3,"0,0000","0,0000","0,0000",0,246.808,0,244.774,"100,00%","100,00%","100,00%","50,00%","100,00%","0,1300","0,1300","0,2000","0,1350","0,2700","1,0000",87%,1,Level 2
abr 25,GSD,GSD,PAYMENT,4979,TRACKING PAYMENT,0,0,1,1,0,0,"1,0",1,"0,0000","0,0000","0,0000",0,5.673,0,5.527,-,"100,00%",-,"100,00%","100,00%",-,"0,1300",-,"0,2700","0,2700","0,6700",100%,1,Level 3
abr 25,GSD,GSD,PAYMENT,5527,PAYMENT METHODS SYSTEM,0,0,1,1,0,0,"0,0",1,"0,0000","0,0000","0,0000",0,256.011,0,221.509,-,"100,00%",-,"0,00%","100,00%",-,"0,1300",-,"0,0000","0,2700","0,6700",60%,0,Not certified
abr 25,GSD,GSD,SECURITY GSD,5222,S-SDLC PROCESSES GLOBAL,1,1,1,1,0,0,"1,0",1,"0,0000","0,0000","0,0000",0,127.787,0,132.411,"100,00%","100,00%",-,"100,00%","100,00%","0,1300","0,1300",-,"0,2700","0,2700","0,8000",100%,1,Level 3
abr 25,GSD,GSD,SW DEV TRANSF,238,SDLC PROCESSES GLOBAL,1,1,1,1,0,0,"1,0",1,"0,0918","0,1079","-14,8930",23,250.457,27,250.227,"100,00%","100,00%",-,"100,00%","100,00%","0,1300","0,1300",-,"0,2700","0,2700","0,8000",100%,1,Level 3
abr 25,GSD,GSD,SW DEV TRANSF,6198,SOPORTE HELIX,0,0,0,0,0,0,"0,0",0,"-99,0000","-99,0000","0,0000",0,0,0,0,-,-,-,-,-,-,-,-,-,-,"0,0000",No tiene el mínimo para calcular indicadores,-,-
abr 25,GSD,GSD,SW DEV TRANSF,6290,TRAINING - SERVICE FOR PRACTICE,1,0,0,1,0,0,"0,0",1,"0,0000","0,0000","0,0000",0,1.821,0,1.821,"0,00%","0,00%",-,"0,00%","100,00%","0,0000","0,0000",-,"0,0000","0,2700","0,8000",34%,0,Not certified
abr 25,I&O HUB AMÉRICA,R&IC,CFE,6151,SCREENING & TRANSACTION MONITORING AML,1,1,0,1,0,0,"0,0",1,"0,0000","-99,0000","0,0000",0,12.605,0,0,"100,00%","0,00%",-,"0,00%","100,00%","0,1300","0,0000",-,"0,0000","0,2700","0,8000",50%,0,Not certified
abr 25,MÉXICO,DATA TRANSFORMATION & ENGINEERING,DATAHUB EXTENDED,109,TRANSACTIONAL S&C,3,3,3,3,65,66,"2,0",2,"0,0000","0,0000","0,0000",0,2.950,0,2.579,"100,00%","100,00%","98,48%","100,00%","100,00%","0,1300","0,1300","0,1970","0,2700","0,2700","1,0000",100%,1,Level 3
abr 25,MÉXICO,DATA TRANSFORMATION & ENGINEERING,DATAHUB EXTENDED,111,CLIENT SOLUTIONS,4,4,4,4,16,16,"1,5",4,"0,0000","0,0000","0,0000",0,15.569,0,13.987,"100,00%","100,00%","100,00%","37,50%","100,00%","0,1300","0,1300","0,2000","0,1013","0,2700","1,0000",83%,1,Level 2
abr 25,MÉXICO,DATA TRANSFORMATION & ENGINEERING,DATAHUB EXTENDED,112,DATA BANKING,3,3,3,3,56,56,"3,0",3,"0,0000","0,0000","0,0000",0,963,0,963,"100,00%","100,00%","100,00%","100,00%","100,00%","0,1300","0,1300","0,2000","0,2700","0,2700","1,0000",100%,1,Level 3
abr 25,MÉXICO,DATA TRANSFORMATION & ENGINEERING,DATAHUB EXTENDED,3560,OPERATIONAL ENTERPRISE,3,3,3,3,44,44,"1,0",3,"0,0000","0,0000","0,0000",0,3.280,0,1.480,"100,00%","100,00%","100,00%","33,33%","100,00%","0,1300","0,1300","0,2000","0,0900","0,2700","1,0000",82%,1,Level 2
abr 25,MÉXICO,DATA TRANSFORMATION & ENGINEERING,DATAHUB EXTENDED,7514,DATA INSURANCE,2,2,2,2,0,0,"2,0",2,"-99,0000","-99,0000","0,0000",0,0,0,0,"100,00%","100,00%",-,"100,00%",-,"0,1300","0,1300",-,"0,2700",-,"0,5300",100%,1,Level 3
abr 25,MÉXICO,DATA TRANSFORMATION & ENGINEERING,DATAHUB FINANZAS Y RIESGOS,113,DATA RISK,4,4,3,4,143,149,"1,0",4,"0,0000","0,0000","0,0000",0,844.665,0,844.294,"100,00%","75,00%","95,97%","25,00%","100,00%","0,1300","0,0975","0,1919","0,0675","0,2700","1,0000",76%,1,Level 1
abr 25,MÉXICO,DATA TRANSFORMATION & ENGINEERING,DATAHUB FINANZAS Y RIESGOS,5552,DATA FINANCE,5,5,3,5,27,27,"4,0",5,"0,0000","0,0000","0,0000",0,299.211,0,287.280,"100,00%","60,00%","100,00%","80,00%","100,00%","0,1300","0,0780","0,2000","0,2160","0,2700","1,0000",89%,1,Level 2
abr 25,MÉXICO,DATA TRANSFORMATION & ENGINEERING,SEGURIDAD Y OTRAS PI,5009,DATA LEGACY,3,3,0,3,0,0,"2,0",2,"0,2234","0,2234","0,0000",14,62.662,14,62.662,"100,00%","0,00%",-,"100,00%","0,00%","0,1300","0,0000",-,"0,2700","0,0000","0,8000",50%,0,Not certified
abr 25,MÉXICO,SYSTEMS ENGINEERING,C&IB,61,ASSET MANAGEMENT,1,1,1,1,0,0,"1,0",1,"0,3482","0,3488","-0,1575",516,1.481.798,516,1.479.464,"100,00%","100,00%",-,"100,00%","0,00%","0,1300","0,1300",-,"0,2700","0,0000","0,8000",66%,0,Not certified
abr 25,MÉXICO,SYSTEMS ENGINEERING,C&IB,280,CROSS & LENDING,10,8,9,10,0,0,"8,0",9,"0,0020","0,0000","0,0000",4,2.013.566,0,2.001.062,"80,00%","90,00%",-,"88,89%","100,00%","0,1040","0,1170",-,"0,2400","0,2700","0,8000",91%,1,Level 3
abr 25,MÉXICO,SYSTEMS ENGINEERING,C&IB,281,PRIVATE BANKING,2,2,2,2,0,0,"2,0",2,"0,0000","0,0000","0,0000",0,241.086,0,240.641,"100,00%","100,00%",-,"100,00%","100,00%","0,1300","0,1300",-,"0,2700","0,2700","0,8000",100%,1,Level 3
abr 25,MÉXICO,SYSTEMS ENGINEERING,C&IB,282,"FX, DERIVATIVES & CUSTODY",9,9,9,10,0,0,"4,0",8,"0,0291","0,1191","-75,5558",73,2.506.858,295,2.476.305,"100,00%","90,00%",-,"50,00%","100,00%","0,1300","0,1170",-,"0,1350","0,2700","0,8000",82%,1,Level 2
abr 25,MÉXICO,SYSTEMS ENGINEERING,C&IB,283,OTC & RISK,5,4,4,5,0,0,"4,0",4,"0,1725","0,1725","-0,0444",178,1.032.096,178,1.031.638,"80,00%","80,00%",-,"100,00%","75,00%","0,1040","0,1040",-,"0,2700","0,2025","0,8000",85%,1,Level 2
abr 25,MÉXICO,SYSTEMS ENGINEERING,C&IB,284,FI & REPORTING,8,5,6,8,0,0,"5,0",6,"0,8096","0,8146","-0,6117",2.557,3.158.246,2.572,3.157.341,"62,50%","75,00%",-,"83,33%","0,00%","0,0813","0,0975",-,"0,2250","0,0000","0,8000",50%,0,Not certified
abr 25,MÉXICO,SYSTEMS ENGINEERING,C&IB,285,EQUITY,4,4,4,4,0,0,"2,0",4,"8,2534","8,2831","-0,3585",25.692,3.112.900,25.692,3.101.740,"100,00%","100,00%",-,"50,00%","0,00%","0,1300","0,1300",-,"0,1350","0,0000","0,8000",49%,0,Not certified
abr 25,MÉXICO,SYSTEMS ENGINEERING,CORE BANKING PRODUCTS,55,LOANS,7,5,6,7,12,13,"4,0",6,"0,0000","0,0000","0,0000",0,5.648.356,0,5.595.835,"71,43%","85,71%","92,31%","66,67%","100,00%","0,0929","0,1114","0,1846","0,1800","0,2700","1,0000",84%,1,Level 2
abr 25,MÉXICO,SYSTEMS ENGINEERING,CORE BANKING PRODUCTS,157,CLIENTS,6,5,5,6,3,3,"5,0",6,"0,0000","0,0000","0,0000",0,4.864.911,0,4.794.750,"83,33%","83,33%","100,00%","83,33%","100,00%","0,1083","0,1083","0,2000","0,2250","0,2700","1,0000",91%,1,Level 3
abr 25,MÉXICO,SYSTEMS ENGINEERING,CORE BANKING PRODUCTS,167,PAYROLLS AND TRANSFERS,4,2,4,4,0,0,"2,5",4,"0,0000","0,0000","0,0000",0,1.410.917,0,1.403.842,"50,00%","100,00%",-,"62,50%","100,00%","0,0650","0,1300",-,"0,1688","0,2700","0,8000",79%,1,Level 1
abr 25,MÉXICO,SYSTEMS ENGINEERING,CORE BANKING PRODUCTS,168,CONTRACTING AND AUTHENTICATION MODULES,2,2,2,2,2,2,"2,0",2,"0,0000","0,0000","0,0000",0,1.871.256,0,1.839.233,"100,00%","100,00%","100,00%","100,00%","100,00%","0,1300","0,1300","0,2000","0,2700","0,2700","1,0000",100%,1,Level 3
abr 25,MÉXICO,SYSTEMS ENGINEERING,CORE BANKING PRODUCTS,169,ACCOUNTS,7,6,6,7,5,6,"6,5",7,"0,0003","0,0003","-0,2691",1,3.211.435,1,3.202.794,"85,71%","85,71%","83,33%","92,86%","100,00%","0,1114","0,1114","0,1667","0,2507","0,2700","1,0000",91%,1,Level 3
abr 25,MÉXICO,SYSTEMS ENGINEERING,CORE BANKING PRODUCTS,5228,CUSTOMER OPERATION DATA LAYER,4,4,4,4,0,0,"4,0",4,"0,6595","0,0180","3555,3716",420,636.798,9,498.800,"100,00%","100,00%",-,"100,00%","0,00%","0,1300","0,1300",-,"0,2700","0,0000","0,8000",66%,0,Not certified
abr 25,MÉXICO,SYSTEMS ENGINEERING,CORE CROSS SYSTEMS,362,ACCOUNT STATEMENTS & TAX STAMPS,2,2,2,2,1,1,"1,0",1,"0,1046","0,1046","0,0129",76,726.493,76,726.587,"100,00%","100,00%","100,00%","100,00%","25,00%","0,1300","0,1300","0,2000","0,2700","0,0675","1,0000",80%,1,Level 1
abr 25,MÉXICO,SYSTEMS ENGINEERING,CORE CROSS SYSTEMS,363,APPLICATION SECURITY,1,1,1,1,0,0,"0,0",1,"0,0000","0,0000","0,0000",0,1.594.217,0,1.592.789,"100,00%","100,00%",-,"0,00%","100,00%","0,1300","0,1300",-,"0,0000","0,2700","0,8000",66%,0,Not certified
abr 25,MÉXICO,SYSTEMS ENGINEERING,CORE CROSS SYSTEMS,364,DIGITAL CONTACTABILITY,2,2,2,2,0,0,"1,0",2,"0,0018","0,0018","0,0636",1,542.610,1,542.955,"100,00%","100,00%",-,"50,00%","100,00%","0,1300","0,1300",-,"0,1350","0,2700","0,8000",83%,1,Level 2
abr 25,MÉXICO,SYSTEMS ENGINEERING,CORE CROSS SYSTEMS,365,ATMS & INFRASTRUCTURE,2,2,2,2,1,1,"1,0",2,"0,0000","0,0000","0,0000",0,784.930,0,779.707,"100,00%","100,00%","100,00%","50,00%","100,00%","0,1300","0,1300","0,2000","0,1350","0,2700","1,0000",87%,1,Level 2
abr 25,MÉXICO,SYSTEMS ENGINEERING,CORE CROSS SYSTEMS,4036,MULTIASISTENCIA,2,1,2,2,1,1,"2,0",2,"0,0363","0,0369","-1,8038",239,6.587.192,255,6.901.398,"50,00%","100,00%","100,00%","100,00%","75,00%","0,0650","0,1300","0,2000","0,2700","0,2025","1,0000",87%,1,Level 2
abr 25,MÉXICO,SYSTEMS ENGINEERING,CORE CROSS SYSTEMS,5469,SYSTEMS CONTACT CENTER,6,5,6,6,1,1,"3,0",6,"1,0644","1,0645","-0,0024",23.374,21.959.218,23.374,21.958.689,"83,33%","100,00%","100,00%","50,00%","0,00%","0,1083","0,1300","0,2000","0,1350","0,0000","1,0000",57%,0,Not certified
abr 25,MÉXICO,SYSTEMS ENGINEERING,CORPORATE FUNCTIONS,200,TALENT & CULTURE,3,3,3,3,4,4,"2,0",3,"0,7520","0,7715","-2,5352",13.848,18.415.947,14.781,19.158.369,"100,00%","100,00%","100,00%","66,67%","0,00%","0,1300","0,1300","0,2000","0,1800","0,0000","1,0000",64%,0,Not certified
abr 25,MÉXICO,SYSTEMS ENGINEERING,CORPORATE FUNCTIONS,298,RISK,7,7,6,6,4,5,"2,0",5,"0,1510","0,1522","-0,7855",772,5.112.217,772,5.072.062,"100,00%","100,00%","80,00%","40,00%","75,00%","0,1300","0,1300","0,1600","0,1080","0,2025","1,0000",73%,1,Level 1
abr 25,MÉXICO,SYSTEMS ENGINEERING,CORPORATE FUNCTIONS,351,AACC,2,2,2,2,0,0,"1,0",2,"0,1227","0,1229","-0,0920",912,7.430.322,912,7.423.487,"100,00%","100,00%",-,"50,00%","75,00%","0,1300","0,1300",-,"0,1350","0,2025","0,8000",75%,1,Level 1
abr 25,MÉXICO,SYSTEMS ENGINEERING,CORPORATE FUNCTIONS,354,FINANCE & PROCUREMENT,3,3,3,3,0,0,"1,0",3,"1,2598","1,2644","-0,3651",4.672,3.708.617,4.672,3.695.075,"100,00%","100,00%",-,"33,33%","0,00%","0,1300","0,1300",-,"0,0900","0,0000","0,8000",44%,0,Not certified
abr 25,MÉXICO,SYSTEMS ENGINEERING,CORPORATE FUNCTIONS,355,COMPLIANCE & LEGAL,2,2,2,2,0,0,"0,0",2,"0,7605","0,7718","-1,4677",1.187,1.560.864,1.187,1.537.955,"100,00%","100,00%",-,"0,00%","0,00%","0,1300","0,1300",-,"0,0000","0,0000","0,8000",33%,0,Not certified
abr 25,MÉXICO,SYSTEMS ENGINEERING,CORPORATE FUNCTIONS,356,CREDIT ACQUISITION & AUTOMATION,3,3,3,3,1,1,"1,0",3,"0,0488","0,0489","-0,1476",109,2.232.016,109,2.228.721,"100,00%","100,00%","100,00%","33,33%","75,00%","0,1300","0,1300","0,2000","0,0900","0,2025","1,0000",75%,1,Level 1
abr 25,MÉXICO,SYSTEMS ENGINEERING,CORPORATE FUNCTIONS,3613,LOCAL SERVICES,1,1,1,1,0,0,"1,0",1,"0,0105","0,0107","-1,5274",5,474.726,5,467.475,"100,00%","100,00%",-,"100,00%","75,00%","0,1300","0,1300",-,"0,2700","0,2025","0,8000",92%,1,Level 3
abr 25,MÉXICO,SYSTEMS ENGINEERING,ENTERPRISE,53,CONSUMER FINANCE,3,2,3,3,0,0,"2,0",3,"0,0000","0,0000","0,0000",0,204.257,0,176.419,"66,67%","100,00%",-,"66,67%","100,00%","0,0867","0,1300",-,"0,1800","0,2700","0,8000",83%,1,Level 2
abr 25,MÉXICO,SYSTEMS ENGINEERING,ENTERPRISE,210,API CHANNEL,4,4,3,4,3,3,"3,0",4,"0,1981","0,1984","-0,1493",155,782.369,155,781.201,"100,00%","75,00%","100,00%","75,00%","75,00%","0,1300","0,0975","0,2000","0,2025","0,2025","1,0000",83%,1,Level 2
abr 25,MÉXICO,SYSTEMS ENGINEERING,ENTERPRISE,211,ENTERPRISE WEB,7,7,7,7,12,12,"4,0",7,"0,0587","0,0693","-15,2832",1.750,29.810.109,2.065,29.799.914,"100,00%","100,00%","100,00%","57,14%","100,00%","0,1300","0,1300","0,2000","0,1543","0,2700","1,0000",88%,1,Level 2
abr 25,MÉXICO,SYSTEMS ENGINEERING,ENTERPRISE,212,SPECIALIZED PRODUCTS,4,3,4,4,6,6,"2,5",4,"8,0760","8,0773","-0,0157",42.562,5.270.177,42.562,5.269.350,"75,00%","100,00%","100,00%","62,50%","0,00%","0,0975","0,1300","0,2000","0,1688","0,0000","1,0000",60%,0,Not certified
abr 25,MÉXICO,SYSTEMS ENGINEERING,ENTERPRISE,3604,MOBILE ENTERPRISE,1,1,1,1,4,4,"1,0",1,"-99,0000","-99,0000","0,0000",0,0,0,0,"100,00%","100,00%","100,00%","100,00%",-,"0,1300","0,1300","0,2000","0,2700",-,"0,7300",100%,1,Level 3
abr 25,MÉXICO,SYSTEMS ENGINEERING,ENTERPRISE,4038,DIGITAL WORKPLACE & CRM,6,4,5,6,2,2,"4,0",4,"0,0285","0,0632","-54,8807",244,8.555.713,579,9.160.242,"66,67%","83,33%","100,00%","100,00%","100,00%","0,0867","0,1083","0,2000","0,2700","0,2700","1,0000",94%,1,Level 3
abr 25,MÉXICO,SYSTEMS ENGINEERING,ENTERPRISE,6123,DIGITAL SMEs,2,2,2,2,0,0,"2,0",2,"0,0000","0,0000","0,0000",0,8.535,0,7.407,"100,00%","100,00%",-,"100,00%","100,00%","0,1300","0,1300",-,"0,2700","0,2700","0,8000",100%,1,Level 3
abr 25,MÉXICO,SYSTEMS ENGINEERING,INSURANCE,223,INFORMATIONAL,1,1,1,1,0,0,"0,0",1,"0,0000","0,0000","0,0000",0,410,0,410,"100,00%","100,00%",-,"0,00%","100,00%","0,1300","0,1300",-,"0,0000","0,2700","0,8000",66%,0,Not certified
abr 25,MÉXICO,SYSTEMS ENGINEERING,INSURANCE,224,CHANNELS,4,4,4,4,0,0,"3,0",4,"0,0618","0,0621","-0,4722",548,8.868.931,548,8.827.048,"100,00%","100,00%",-,"75,00%","75,00%","0,1300","0,1300",-,"0,2025","0,2025","0,8000",83%,1,Level 2
abr 25,MÉXICO,SYSTEMS ENGINEERING,INSURANCE,225,CORE CROSS,3,3,4,4,1,1,"2,5",4,"0,0049","0,0049","-0,4650",25,5.093.086,25,5.069.402,"100,00%","100,00%","100,00%","62,50%","75,00%","0,1300","0,1300","0,2000","0,1688","0,2025","1,0000",83%,1,Level 2
abr 25,MÉXICO,SYSTEMS ENGINEERING,PAYMENTS SYSTEMS,213,METHODS,4,3,3,4,3,3,"4,0",4,"0,0000","0,0000","0,0000",0,14.188,0,14.154,"75,00%","75,00%","100,00%","100,00%","100,00%","0,0975","0,0975","0,2000","0,2700","0,2700","1,0000",94%,1,Level 3
abr 25,MÉXICO,SYSTEMS ENGINEERING,PAYMENTS SYSTEMS,215,TRANSACTIONS ENGINE,2,2,2,2,5,5,"1,5",2,"0,0000","0,0000","0,0000",0,48.768,0,48.526,"100,00%","100,00%","100,00%","75,00%","100,00%","0,1300","0,1300","0,2000","0,2025","0,2700","1,0000",93%,1,Level 3
abr 25,MÉXICO,SYSTEMS ENGINEERING,PAYMENTS SYSTEMS,217,CREDITS,5,5,5,5,7,8,"4,0",5,"0,0000","0,0000","0,0000",0,3.782.246,0,3.776.774,"100,00%","100,00%","87,50%","80,00%","100,00%","0,1300","0,1300","0,1750","0,2160","0,2700","1,0000",92%,1,Level 3
abr 25,MÉXICO,SYSTEMS ENGINEERING,PAYMENTS SYSTEMS,218,MERCHANTS,2,2,2,2,1,1,"0,0",2,"0,0111","0,0114","-2,4980",13,1.172.507,13,1.143.218,"100,00%","100,00%","100,00%","0,00%","75,00%","0,1300","0,1300","0,2000","0,0000","0,2025","1,0000",66%,0,Not certified
abr 25,MÉXICO,SYSTEMS ENGINEERING,PAYMENTS SYSTEMS,219,BANXICO,1,1,1,1,0,1,"0,0",1,"0,0011","0,0011","-0,0935",2,1.761.743,2,1.760.095,"100,00%","100,00%","0,00%","0,00%","100,00%","0,1300","0,1300","0,0000","0,0000","0,2700","1,0000",53%,0,Not certified
abr 25,MÉXICO,SYSTEMS ENGINEERING,PAYMENTS SYSTEMS,221,SUBSCRIPTIONS AND SERVICES,2,2,2,2,0,0,"0,0",2,"0,0000","0,0000","0,0000",0,1.707.336,0,1.699.507,"100,00%","100,00%",-,"0,00%","100,00%","0,1300","0,1300",-,"0,0000","0,2700","0,8000",66%,0,Not certified
abr 25,MÉXICO,SYSTEMS ENGINEERING,RETAIL,81,WEB,4,2,4,4,1,1,"2,5",4,"0,0184","0,0458","-59,8688",71,3.865.398,197,4.304.119,"50,00%","100,00%","100,00%","62,50%","100,00%","0,0650","0,1300","0,2000","0,1688","0,2700","1,0000",83%,1,Level 2
abr 25,MÉXICO,SYSTEMS ENGINEERING,RETAIL,83,BRANCHES,7,7,7,7,1,1,"2,5",7,"0,0256","0,0401","-36,1590",259,10.118.157,474,11.821.692,"100,00%","100,00%","100,00%","35,71%","100,00%","0,1300","0,1300","0,2000","0,0964","0,2700","1,0000",83%,1,Level 2
abr 25,MÉXICO,SYSTEMS ENGINEERING,RETAIL,84,CRM,5,4,6,6,4,6,"5,0",6,"0,0075","0,0076","-0,0756",19,2.517.089,19,2.515.187,"80,00%","100,00%","66,67%","83,33%","75,00%","0,1040","0,1300","0,1333","0,2250","0,2025","1,0000",79%,1,Level 1
abr 25,MÉXICO,SYSTEMS ENGINEERING,RETAIL,85,OPEN MARKET,1,1,1,1,0,0,"0,5",1,"0,0552","0,0554","-0,2187",105,1.900.889,105,1.896.731,"100,00%","100,00%",-,"50,00%","75,00%","0,1300","0,1300",-,"0,1350","0,2025","0,8000",75%,1,Level 1
abr 25,MÉXICO,SYSTEMS ENGINEERING,RETAIL,3592,MOBILE RETAIL,2,1,1,2,1,5,"1,0",2,"0,0012","0,0012","-0,0175",6,4.813.426,6,4.812.583,"50,00%","50,00%","20,00%","50,00%","100,00%","0,0650","0,0650","0,0400","0,1350","0,2700","1,0000",58%,0,Not certified
abr 25,MÉXICO,SYSTEMS ENGINEERING,RETAIL,6538,MULTICHANNEL RETAIL,2,1,2,2,3,3,"1,0",1,"-99,0000","-99,0000","0,0000",0,0,0,0,"50,00%","100,00%","100,00%","100,00%",-,"0,0650","0,1300","0,2000","0,2700",-,"0,7300",91%,1,Level 3
abr 25,MÉXICO,SYSTEMS ENGINEERING,Systems Strategy & Transformation,7168,DEVOPS & SW DEVELOPMENT TOOLS,1,0,1,1,0,0,"1,0",1,"-99,0000","-99,0000","0,0000",0,0,0,0,"0,00%","100,00%",-,"100,00%",-,"0,0000","0,1300",-,"0,2700",-,"0,5300",75%,1,Level 1
abr 25,PERÚ,DATA,DATAHUB,3730,DATIO CLIENT SOLUTIONS,5,5,5,5,11,11,"2,0",5,"0,0000","0,0000","0,0000",0,16.158,0,13.510,"100,00%","100,00%","100,00%","40,00%","100,00%","0,1300","0,1300","0,2000","0,1080","0,2700","1,0000",84%,1,Level 2
abr 25,PERÚ,DATA,DATAHUB,3756,DATIO ENGINEERING,5,5,5,5,23,23,"3,0",3,"0,0023","0,0034","-32,6555",1,440.535,1,296.676,"100,00%","100,00%","100,00%","100,00%","100,00%","0,1300","0,1300","0,2000","0,2700","0,2700","1,0000",100%,1,Level 3
abr 25,PERÚ,DATA,DATAHUB,3842,DATIO CIB/T&C/RIC,3,3,3,3,2,2,"3,0",3,"0,0000","0,0000","0,0000",0,1.435,0,1.435,"100,00%","100,00%","100,00%","100,00%","100,00%","0,1300","0,1300","0,2000","0,2700","0,2700","1,0000",100%,1,Level 3
abr 25,PERÚ,DATA,DATAHUB,6094,DATIO RIESGOS,4,4,4,4,6,6,"3,5",4,"0,0000","0,0000","0,0000",0,71.970,0,71.971,"100,00%","100,00%","100,00%","87,50%","100,00%","0,1300","0,1300","0,2000","0,2363","0,2700","1,0000",97%,1,Level 3
abr 25,PERÚ,DATA,DATAHUB,6097,DATIO FINANZAS,6,6,6,6,5,5,"3,5",6,"0,0000","0,0000","0,0000",0,31.369,0,30.897,"100,00%","100,00%","100,00%","58,33%","100,00%","0,1300","0,1300","0,2000","0,1575","0,2700","1,0000",89%,1,Level 2
abr 25,PERÚ,SYSTEMS,CIB SYSTEMS,61,ASSET MANAGEMENT,10,0,9,10,0,0,"1,0",2,"0,1100","0,0000","0,0000",76,691.212,0,690.718,"0,00%","90,00%",-,"50,00%","0,00%","0,0000","0,1170",-,"0,1350","0,0000","0,8000",32%,0,Not certified
abr 25,PERÚ,SYSTEMS,CIB SYSTEMS,5729,CIB PRODUCTS,24,0,17,24,0,0,"10,0",12,"0,5358","0,1396","283,6700",995,1.857.084,257,1.840.346,"0,00%","70,83%",-,"83,33%","0,00%","0,0000","0,0921",-,"0,2250","0,0000","0,8000",40%,0,Not certified
abr 25,PERÚ,SYSTEMS,CORE CLIENTS,54,INTERBANK PAYMENTS,13,8,13,13,1,1,"2,0",7,"0,0000","0,0000","0,0000",0,1.033.743,0,1.029.167,"61,54%","100,00%","100,00%","28,57%","100,00%","0,0800","0,1300","0,2000","0,0771","0,2700","1,0000",76%,1,Level 1
abr 25,PERÚ,SYSTEMS,CORE CLIENTS,376,PEOPLE,7,7,7,7,0,0,"2,5",4,"0,0013","0,0013","0,1864",1,765.171,1,766.597,"100,00%","100,00%",-,"62,50%","100,00%","0,1300","0,1300",-,"0,1688","0,2700","0,8000",87%,1,Level 2
abr 25,PERÚ,SYSTEMS,CORE CLIENTS,377,ACCOUNTS & DEPOSITS,5,5,6,6,0,0,"2,0",3,"0,0748","0,0000","0,0000",91,1.216.003,0,1.210.831,"100,00%","100,00%",-,"66,67%","0,00%","0,1300","0,1300",-,"0,1800","0,0000","0,8000",55%,0,Not certified
abr 25,PERÚ,SYSTEMS,CORPORATE,30,COMPLIANCE,11,11,12,12,0,0,"8,0",8,"0,0930","0,0840","10,7737",113,1.214.465,102,1.214.349,"100,00%","100,00%",-,"100,00%","0,00%","0,1300","0,1300",-,"0,2700","0,0000","0,8000",66%,0,Not certified
abr 25,PERÚ,SYSTEMS,CORPORATE,53,CONSUMER FINANCE,1,1,1,1,0,0,"0,0",0,"0,0000","0,0000","0,0000",0,19.926,0,19.926,"100,00%","100,00%",-,-,"100,00%","0,1300","0,1300",-,-,"0,2700","0,5300",100%,1,Level 3
abr 25,PERÚ,SYSTEMS,CORPORATE,198,LEGAL,2,2,4,4,0,0,"1,0",3,"0,2168","0,1222","77,3789",353,1.628.499,199,1.628.425,"100,00%","100,00%",-,"33,33%","0,00%","0,1300","0,1300",-,"0,0900","0,0000","0,8000",44%,0,Not certified
abr 25,PERÚ,SYSTEMS,CORPORATE,199,ENGINEERING,11,11,11,11,0,0,"2,0",4,"2,2180","0,0000","0,0000",622,280.433,0,279.842,"100,00%","100,00%",-,"50,00%","0,00%","0,1300","0,1300",-,"0,1350","0,0000","0,8000",49%,0,Not certified
abr 25,PERÚ,SYSTEMS,CORPORATE,200,TALENT & CULTURE,13,13,11,12,0,0,"3,5",6,"0,0516","0,0204","153,3899",181,3.505.044,94,4.612.454,"100,00%","91,67%",-,"58,33%","0,00%","0,1300","0,1192",-,"0,1575","0,0000","0,8000",51%,0,Not certified
abr 25,PERÚ,SYSTEMS,CROSS SYSTEMS,62,INSURANCE DISTRIBUTION,2,2,2,2,0,0,"0,0",1,"0,0000","0,0007","-100,0000",0,1.461.331,1,1.450.270,"100,00%","100,00%",-,"0,00%","100,00%","0,1300","0,1300",-,"0,0000","0,2700","0,8000",66%,0,Not certified
abr 25,PERÚ,SYSTEMS,CROSS SYSTEMS,5311,OTHER CROSS PRODUCTS,7,7,5,7,0,0,"1,0",5,"0,0153","0,0000","0,0000",41,2.674.087,0,2.578.415,"100,00%","71,43%",-,"20,00%","0,00%","0,1300","0,0929",-,"0,0540","0,0000","0,8000",35%,0,Not certified
abr 25,PERÚ,SYSTEMS,CROSS SYSTEMS,5360,COMMERCIAL SUPPORT,6,6,6,6,1,1,"2,0",5,"0,1307","0,0520","151,6780",338,2.585.115,136,2.617.866,"100,00%","100,00%","100,00%","40,00%","0,00%","0,1300","0,1300","0,2000","0,1080","0,0000","1,0000",57%,0,Not certified
abr 25,PERÚ,SYSTEMS,ENTERPRISE,58,ENTERPRISE BANKING CANALES WEB & MOBILE,12,10,13,14,3,3,"5,0",9,"0,6188","0,4014","54,1708",3.324,5.371.676,2.265,5.643.117,"83,33%","92,86%","100,00%","55,56%","0,00%","0,1083","0,1207","0,2000","0,1500","0,0000","1,0000",58%,0,Not certified
abr 25,PERÚ,SYSTEMS,ENTERPRISE,60,ENTERPRISE BRANCH,2,2,2,2,6,6,"0,0",2,"0,0836","0,0904","-7,4840",55,657.868,56,619.699,"100,00%","100,00%","100,00%","0,00%","75,00%","0,1300","0,1300","0,2000","0,0000","0,2025","1,0000",66%,0,Not certified
abr 25,PERÚ,SYSTEMS,ENTERPRISE,329,OPEN BANKING,5,5,5,5,0,0,"0,0",1,"0,0000","0,0000","0,0000",0,2.450,0,2.450,"100,00%","100,00%",-,"0,00%","100,00%","0,1300","0,1300",-,"0,0000","0,2700","0,8000",66%,0,Not certified
abr 25,PERÚ,SYSTEMS,FINANCE,80,FINANCE,16,16,16,16,4,4,"3,5",7,"0,2166","0,2035","6,4677",683,3.153.017,629,3.091.534,"100,00%","100,00%","100,00%","50,00%","0,00%","0,1300","0,1300","0,2000","0,1350","0,0000","1,0000",60%,0,Not certified
abr 25,PERÚ,SYSTEMS,FINANCE,378,ACCOUNTING,7,7,5,7,2,2,"4,5",7,"0,2921","0,1993","46,5928",168,575.147,114,572.120,"100,00%","71,43%","100,00%","64,29%","0,00%","0,1300","0,0929","0,2000","0,1736","0,0000","1,0000",60%,0,Not certified
abr 25,PERÚ,SYSTEMS,LOANS,53,CONSUMER FINANCE,4,0,3,3,1,1,"2,0",3,"0,0000","0,0000","0,0000",0,1.400.520,0,1.400.531,"0,00%","100,00%","100,00%","66,67%","100,00%","0,0000","0,1300","0,2000","0,1800","0,2700","1,0000",78%,1,Level 1
abr 25,PERÚ,SYSTEMS,LOANS,55,LOANS,7,5,5,7,0,0,"1,5",3,"0,0000","0,0000","0,0000",0,5.290,0,5.180,"71,43%","71,43%",-,"50,00%","100,00%","0,0929","0,0929",-,"0,1350","0,2700","0,8000",74%,1,Level 1
abr 25,PERÚ,SYSTEMS,LOANS,6190,LOANS OTHER PRODUCTS,14,0,14,14,1,1,"4,5",5,"0,7189","0,7148","0,5778",1.236,1.719.254,1.225,1.713.799,"0,00%","100,00%","100,00%","90,00%","0,00%","0,0000","0,1300","0,2000","0,2430","0,0000","1,0000",57%,0,Not certified
abr 25,PERÚ,SYSTEMS,PAYMENT METHODS,263,ADQUIRENCIA,2,0,2,2,5,5,"1,0",2,"0,0000","0,0000","0,0000",0,229.996,0,184.259,"0,00%","100,00%","100,00%","50,00%","100,00%","0,0000","0,1300","0,2000","0,1350","0,2700","1,0000",74%,1,Level 1
abr 25,PERÚ,SYSTEMS,PAYMENT METHODS,264,OTHER PAYMENT PRODUCTS & SERVICES,4,2,5,5,0,0,"2,0",4,"0,0000","0,0000","0,0000",0,331.318,0,329.011,"50,00%","100,00%",-,"50,00%","100,00%","0,0650","0,1300",-,"0,1350","0,2700","0,8000",75%,1,Level 1
abr 25,PERÚ,SYSTEMS,PAYMENT METHODS,265,ISSUING,4,3,2,4,1,1,"0,5",2,"0,0000","0,0000","0,0000",0,1.967.083,0,1.967.818,"75,00%","50,00%","100,00%","25,00%","100,00%","0,0975","0,0650","0,2000","0,0675","0,2700","1,0000",70%,1,Level 1
abr 25,PERÚ,SYSTEMS,PAYMENT METHODS,7282,NEW PAYMENT RAILS,1,1,1,1,0,0,"0,0",1,"0,0000","0,0000","0,0000",0,247.045,0,244.462,"100,00%","100,00%",-,"0,00%","100,00%","0,1300","0,1300",-,"0,0000","0,2700","0,8000",66%,0,Not certified
abr 25,PERÚ,SYSTEMS,RETAIL,94,CRM & DIGITAL MARKETING,2,2,2,2,0,0,"1,5",2,"0,0066","0,0000","0,0000",1,151.188,0,143.330,"100,00%","100,00%",-,"75,00%","0,00%","0,1300","0,1300",-,"0,2025","0,0000","0,8000",58%,0,Not certified
abr 25,PERÚ,SYSTEMS,RETAIL,180,MOBILE CHANNELS,9,9,9,9,13,13,"2,0",6,"0,0022","0,0021","0,6109",3,1.389.856,3,1.398.347,"100,00%","100,00%","100,00%","33,33%","100,00%","0,1300","0,1300","0,2000","0,0900","0,2700","1,0000",82%,1,Level 2
abr 25,PERÚ,SYSTEMS,RETAIL,181,CONTACT CENTER,3,3,1,1,0,0,"1,0",3,"0,0374","0,0380","-1,5722",24,641.953,24,631.860,"100,00%","100,00%",-,"33,33%","75,00%","0,1300","0,1300",-,"0,0900","0,2025","0,8000",69%,0,Not certified
abr 25,PERÚ,SYSTEMS,RETAIL,182,AGENTES CORRESPONSALES,3,3,3,3,0,0,"0,0",1,"0,5652","0,5781","-2,2179",876,1.549.778,896,1.550.003,"100,00%","100,00%",-,"0,00%","0,00%","0,1300","0,1300",-,"0,0000","0,0000","0,8000",33%,0,Not certified
abr 25,PERÚ,SYSTEMS,RETAIL,183,ATMS Y AUTOSERVICIOS,6,6,6,6,1,1,"2,0",3,"0,0000","0,0000","0,0000",0,1.597.571,0,1.595.838,"100,00%","100,00%","100,00%","66,67%","100,00%","0,1300","0,1300","0,2000","0,1800","0,2700","1,0000",91%,1,Level 3
abr 25,PERÚ,SYSTEMS,RETAIL,184,BRANCHES & SALES ADVISORY,14,13,14,15,0,0,"4,0",6,"0,0892","0,0000","0,0000",74,829.332,0,825.039,"92,86%","93,33%",-,"66,67%","0,00%","0,1207","0,1213",-,"0,1800","0,0000","0,8000",53%,0,Not certified
abr 25,PERÚ,SYSTEMS,RETAIL,185,WEB Y PORTALES,6,6,6,6,0,0,"2,0",4,"0,0129","0,3380","-96,1908",20,1.553.159,527,1.558.957,"100,00%","100,00%",-,"50,00%","100,00%","0,1300","0,1300",-,"0,1350","0,2700","0,8000",83%,1,Level 2
abr 25,PERÚ,SYSTEMS,RISK,39,RISKS,19,13,6,19,3,3,"9,0",15,"0,3455","0,1138","203,5379",1.756,5.083.162,650,5.711.310,"68,42%","31,58%","100,00%","60,00%","0,00%","0,0889","0,0411","0,2000","0,1620","0,0000","1,0000",49%,0,Not certified
abr 25,PERÚ,SYSTEMS,RISK,393,COLLECTIONS,6,6,5,5,4,4,"4,0",5,"0,0000","0,0000","0,0000",0,217.934,0,217.146,"100,00%","100,00%","100,00%","80,00%","100,00%","0,1300","0,1300","0,2000","0,2160","0,2700","1,0000",95%,1,Level 3
abr 25,PERÚ,SYSTEMS,SYSTEM OFFICE MIRST,6110,TESTING TOOLS,0,0,0,0,0,0,"0,0",0,"-99,0000","-99,0000","0,0000",0,0,0,0,-,-,-,-,-,-,-,-,-,-,"0,0000",No tiene el mínimo para calcular indicadores,-,-
abr 25,PERÚ,SYSTEMS,SYSTEM OFFICE MIRST,6136,DEVOPS - CI/CD,0,0,0,0,0,0,"0,0",0,"-99,0000","-99,0000","0,0000",0,0,0,0,-,-,-,-,-,-,-,-,-,-,"0,0000",No tiene el mínimo para calcular indicadores,-,-
abr 25,PERÚ,SYSTEMS,SYSTEM OFFICE MIRST,7150,Z PERU,0,0,0,0,0,0,"0,0",0,"-99,0000","-99,0000","0,0000",0,0,0,0,-,-,-,-,-,-,-,-,-,-,"0,0000",No tiene el mínimo para calcular indicadores,-,-
abr 25,RETAIL CLIENT SOLUTIONS,CROSS,CONTENT MANAGEMENT,288,CONTENT MANAGEMENT,7,7,7,7,0,0,"5,0",7,"0,0161","0,0164","-1,6343",92,5.702.606,90,5.487.462,"100,00%","100,00%",-,"71,43%","75,00%","0,1300","0,1300",-,"0,1929","0,2025","0,8000",82%,1,Level 2
abr 25,RETAIL CLIENT SOLUTIONS,CROSS,DATA & ANALYTICS,170,DATA & ANALYTICS,3,3,3,4,3,3,"2,5",5,"0,0059","0,0057","4,2572",1,168.493,1,175.666,"100,00%","75,00%","100,00%","50,00%","25,00%","0,1300","0,0975","0,2000","0,1350","0,0675","1,0000",63%,0,Not certified
abr 25,RETAIL CLIENT SOLUTIONS,CROSS,DIGITAL ASSETS,6576,DIGITAL ASSETS,0,0,2,2,0,0,"2,0",2,"0,0000","0,0000","0,0000",0,189.152,0,179.138,-,"100,00%",-,"100,00%","100,00%",-,"0,1300",-,"0,2700","0,2700","0,6700",100%,1,Level 3
abr 25,RETAIL CLIENT SOLUTIONS,CROSS,OPTIMIZATION & FUNNEL HEALTH,32,OPTIMIZATION & FUNNEL HEALTH,9,9,4,4,0,0,"5,0",6,"0,0095","0,0117","-18,5135",2,209.620,2,170.812,"100,00%","100,00%",-,"83,33%","100,00%","0,1300","0,1300",-,"0,2250","0,2700","0,8000",94%,1,Level 3
abr 25,RETAIL CLIENT SOLUTIONS,CROSS,TRAFFIC GENERATION & MARKETING AUTOMATION,339,TRAFFIC GENERATION & MARKETING AUTOMATION,0,0,2,2,0,0,"2,0",3,"0,0000","0,0000","0,0000",0,39.321,0,37.239,-,"100,00%",-,"66,67%","100,00%",-,"0,1300",-,"0,1800","0,2700","0,6700",87%,1,Level 2
abr 25,RETAIL CLIENT SOLUTIONS,RETAIL,,7028,US GWA,3,0,0,3,0,0,"0,0",0,"-99,0000","-99,0000","0,0000",0,0,0,0,"0,00%","0,00%",-,-,-,"0,0000","0,0000",-,-,-,"0,2600",0%,0,Not certified
abr 25,RETAIL CLIENT SOLUTIONS,RETAIL,AM&GW,6250,AM&GW,1,1,1,1,3,3,"0,0",1,"0,0165","0,0165","0,0000",48,2.916.881,48,2.916.881,"100,00%","100,00%","100,00%","0,00%","50,00%","0,1300","0,1300","0,2000","0,0000","0,1350","1,0000",60%,0,Not certified
abr 25,RETAIL CLIENT SOLUTIONS,RETAIL,RETAIL - INFRA MULTICANAL,292,INFRAESTRUCTURA MULTICANAL - RETAIL,0,0,1,1,3,3,"1,0",1,"0,0000","0,0000","0,0000",0,984.049,0,889.324,-,"100,00%","100,00%","100,00%","100,00%",-,"0,1300","0,2000","0,2700","0,2700","0,8700",100%,1,Level 3
abr 25,RETAIL CLIENT SOLUTIONS,RETAIL,RETAIL - MOBILE,287,PLATAFORMA RETAIL - MOBILE,2,2,9,9,32,38,"6,0",8,"0,0012","0,0015","-16,3735",16,13.070.791,20,13.663.305,"100,00%","100,00%","84,21%","75,00%","100,00%","0,1300","0,1300","0,1684","0,2025","0,2700","1,0000",90%,1,Level 3
abr 25,RETAIL CLIENT SOLUTIONS,RETAIL,RETAIL - PAYMENTS,439,GP2 - HORUS,1,1,1,1,0,0,"0,0",0,"0,0000","0,0000","0,0000",0,4.827,0,4.827,"100,00%","100,00%",-,-,"100,00%","0,1300","0,1300",-,-,"0,2700","0,5300",100%,1,Level 3
abr 25,RETAIL CLIENT SOLUTIONS,RETAIL,RETAIL - PAYMENTS,440,GP2 - TOHU,2,1,2,2,0,0,"0,0",1,"0,0000","0,0000","0,0000",0,29.887,0,29.887,"50,00%","100,00%",-,"0,00%","100,00%","0,0650","0,1300",-,"0,0000","0,2700","0,8000",58%,0,Not certified
abr 25,RETAIL CLIENT SOLUTIONS,RETAIL,RETAIL - PAYMENTS,441,GP2 - BCEA,1,1,1,1,0,0,"0,0",0,"-99,0000","-99,0000","0,0000",0,0,0,0,"100,00%","100,00%",-,-,-,"0,1300","0,1300",-,-,-,"0,2600",100%,1,Level 3
abr 25,RETAIL CLIENT SOLUTIONS,RETAIL,RETAIL - PAYMENTS,4964,PLATAFORMA ADQUIRENCIA,0,0,1,3,0,0,"3,0",3,"0,0000","0,0000","0,0000",0,155.638,0,152.433,-,"33,33%",-,"100,00%","100,00%",-,"0,0433",-,"0,2700","0,2700","0,6700",87%,1,Level 2
abr 25,RETAIL CLIENT SOLUTIONS,RETAIL,RETAIL - PAYMENTS,7165,PLATAFORMA EMISION,0,0,1,2,0,0,"1,0",2,"0,0000","0,0000","0,0000",0,26.487,0,26.487,-,"50,00%",-,"50,00%","100,00%",-,"0,0650",-,"0,1350","0,2700","0,6700",70%,1,Level 1
abr 25,RETAIL CLIENT SOLUTIONS,RETAIL,RETAIL-PRESCRIPTION BUSINESS,53,CONSUMER FINANCE,0,0,1,3,0,0,"2,0",3,"0,0000","0,0000","0,0000",0,2.996,0,2.996,-,"33,33%",-,"66,67%","100,00%",-,"0,0433",-,"0,1800","0,2700","0,6700",74%,1,Level 1
abr 25,RETAIL CLIENT SOLUTIONS,RETAIL,SMES,7434,SMES,0,0,1,2,0,0,"1,0",1,"0,0000","0,0000","0,0000",0,87.635,0,86.287,-,"50,00%",-,"100,00%","100,00%",-,"0,0650",-,"0,2700","0,2700","0,6700",90%,1,Level 3
abr 25,URUGUAY,Engineering & Data,DE #ONE Datahub Uruguay,5685,Engineering & Data,1,1,0,1,6,9,"0,0",1,"0,0000","0,0000","0,0000",0,3.086,0,7.645,"100,00%","0,00%","66,67%","0,00%","100,00%","0,1300","0,0000","0,1333","0,0000","0,2700","1,0000",53%,0,Not certified
abr 25,URUGUAY,SYSTEMS ENGINEERING,,224,CHANNELS,17,0,2,17,2,3,"4,0",12,"0,3560","0,5669","-37,2031",3.104,8.719.779,3.024,5.334.621,"0,00%","11,76%","66,67%","33,33%","0,00%","0,0000","0,0153","0,1333","0,0900","0,0000","1,0000",24%,0,Not certified
abr 25,URUGUAY,SYSTEMS ENGINEERING,,350,CROSS SYSTEMS,3,0,0,3,0,0,"2,0",2,"0,0000","0,0000","0,0000",0,14.641,0,14.641,"0,00%","0,00%",-,"100,00%","100,00%","0,0000","0,0000",-,"0,2700","0,2700","0,8000",68%,0,Not certified
abr 25,URUGUAY,SYSTEMS ENGINEERING,,4801,CFE,11,1,0,11,0,0,"1,0",3,"0,0000","0,0000","0,0000",0,14.696,0,14.696,"9,09%","0,00%",-,"33,33%","100,00%","0,0118","0,0000",-,"0,0900","0,2700","0,8000",46%,0,Not certified
abr 25,URUGUAY,SYSTEMS ENGINEERING,,5117,CORE BANKING,19,0,0,19,4,6,"5,0",8,"0,0000","0,0000","0,0000",0,951.568,0,951.582,"0,00%","0,00%","66,67%","62,50%","100,00%","0,0000","0,0000","0,1333","0,1688","0,2700","1,0000",57%,0,Not certified
abr 25,VENEZUELA,SYSTEMS,BANKING SYSTEMS,61,ASSET MANAGEMENT,10,10,10,10,0,0,"1,0",1,"-99,0000","-99,0000","0,0000",0,0,0,0,"100,00%","100,00%",-,"100,00%",-,"0,1300","0,1300",-,"0,2700",-,"0,5300",100%,1,Level 3
abr 25,VENEZUELA,SYSTEMS,BANKING SYSTEMS,298,RISK,15,15,16,16,2,2,"10,0",10,"-99,0000","-99,0000","0,0000",0,0,0,0,"100,00%","100,00%","100,00%","100,00%",-,"0,1300","0,1300","0,2000","0,2700",-,"0,7300",100%,1,Level 3
abr 25,VENEZUELA,SYSTEMS,BANKING SYSTEMS,299,BANKING CREDIT PRODUCTS,6,6,6,6,3,3,"1,0",1,"-99,0000","-99,0000","0,0000",0,0,0,0,"100,00%","100,00%","100,00%","100,00%",-,"0,1300","0,1300","0,2000","0,2700",-,"0,7300",100%,1,Level 3
abr 25,VENEZUELA,SYSTEMS,CHANNELS,153,BRANCH,6,6,6,6,0,0,"3,0",3,"0,0000","0,0000","0,0000",0,1.694.158,0,1.694.158,"100,00%","100,00%",-,"100,00%","100,00%","0,1300","0,1300",-,"0,2700","0,2700","0,8000",100%,1,Level 3
abr 25,VENEZUELA,SYSTEMS,CHANNELS,269,OTHER WEB & CC,16,13,14,14,0,0,"4,0",10,"0,0139","0,0140","-0,0594",44,3.154.271,44,3.152.397,"81,25%","100,00%",-,"40,00%","75,00%","0,1056","0,1300",-,"0,1080","0,2025","0,8000",68%,0,Not certified
abr 25,VENEZUELA,SYSTEMS,CHANNELS,270,ENTERPRISE WEB & MOBILE,13,13,13,13,2,2,"3,0",5,"0,2225","0,2299","-3,2051",415,1.864.862,415,1.805.091,"100,00%","100,00%","100,00%","60,00%","0,00%","0,1300","0,1300","0,2000","0,1620","0,0000","1,0000",62%,0,Not certified
abr 25,VENEZUELA,SYSTEMS,CHANNELS,271,RETAIL WEB & MOBILE,8,8,9,9,7,7,"1,0",4,"0,0615","0,0631","-2,4898",132,2.146.730,132,2.093.280,"100,00%","100,00%","100,00%","25,00%","75,00%","0,1300","0,1300","0,2000","0,0675","0,2025","1,0000",73%,1,Level 1
abr 25,VENEZUELA,SYSTEMS,CORPORATE FUNCTIONS,80,FINANCE,17,17,17,17,0,0,"1,0",1,"-99,0000","-99,0000","0,0000",0,0,0,0,"100,00%","100,00%",-,"100,00%",-,"0,1300","0,1300",-,"0,2700",-,"0,5300",100%,1,Level 3
abr 25,VENEZUELA,SYSTEMS,CORPORATE FUNCTIONS,200,TALENT & CULTURE,9,9,9,9,0,0,"0,0",0,"-99,0000","-99,0000","0,0000",0,0,0,0,"100,00%","100,00%",-,-,-,"0,1300","0,1300",-,-,-,"0,2600",100%,1,Level 3
abr 25,VENEZUELA,SYSTEMS,CORPORATE FUNCTIONS,290,COMPLIANCE & DATA,11,11,10,10,1,1,"2,0",4,"0,0000","0,0000","0,0000",0,464,0,464,"100,00%","100,00%","100,00%","50,00%","100,00%","0,1300","0,1300","0,2000","0,1350","0,2700","1,0000",87%,1,Level 2
abr 25,VENEZUELA,SYSTEMS,CORPORATE FUNCTIONS,291,INTRANET,7,7,7,7,4,4,"3,0",3,"0,0000","0,0001","-100,0000",0,14.459.693,1,13.649.920,"100,00%","100,00%","100,00%","100,00%","100,00%","0,1300","0,1300","0,2000","0,2700","0,2700","1,0000",100%,1,Level 3
abr 25,VENEZUELA,SYSTEMS,CROSS SERVICES,54,INTERBANK PAYMENTS,8,8,8,8,0,0,"3,0",3,"0,0000","0,0000","0,0000",0,686.690,0,697.834,"100,00%","100,00%",-,"100,00%","100,00%","0,1300","0,1300",-,"0,2700","0,2700","0,8000",100%,1,Level 3
abr 25,VENEZUELA,SYSTEMS,CROSS SERVICES,169,ACCOUNTS,5,5,5,5,3,3,"1,5",2,"0,0000","0,0000","0,0000",0,2.716,0,474,"100,00%","100,00%","100,00%","75,00%","100,00%","0,1300","0,1300","0,2000","0,2025","0,2700","1,0000",93%,1,Level 3
abr 25,VENEZUELA,SYSTEMS,CROSS SERVICES,350,CROSS SYSTEMS,11,11,11,11,0,0,"6,0",6,"0,0000","0,0000","0,0000",0,126,0,0,"100,00%","100,00%",-,"100,00%","100,00%","0,1300","0,1300",-,"0,2700","0,2700","0,8000",100%,1,Level 3
abr 25,VENEZUELA,SYSTEMS,PAYMENT,201,ISSUING(EMISOR/AUTORIZADOR),4,4,4,4,0,0,"1,0",2,"0,0000","0,0000","0,0000",0,4.667,0,0,"100,00%","100,00%",-,"50,00%","100,00%","0,1300","0,1300",-,"0,1350","0,2700","0,8000",83%,1,Level 2
abr 25,VENEZUELA,SYSTEMS,PAYMENT,202,MERCHANTS ACQUIARING,4,4,4,4,0,0,"2,0",2,"-99,0000","-99,0000","0,0000",0,0,0,0,"100,00%","100,00%",-,"100,00%",-,"0,1300","0,1300",-,"0,2700",-,"0,5300",100%,1,Level 3
abr 25,VENEZUELA,SYSTEMS,PAYMENT,203,OTHERS PAYMENTS,6,6,6,6,0,0,"4,0",4,"-99,0000","-99,0000","0,0000",0,0,0,0,"100,00%","100,00%",-,"100,00%",-,"0,1300","0,1300",-,"0,2700",-,"0,5300",100%,1,Level 3
may 25,ARGENTINA,INGENIERÍA & DATA,ALPHA ARCHITECTURE,3572,ALPHA,1,1,1,1,35,36,"1,0",1,"0,0000","0,0000","0,0000",0,28.857,0,28.844,"100,00%","100,00%","97,22%","100,00%","100,00%","0,1300","0,1300","0,1944","0,2700","0,2700","1,0000",99%,1,Level 3
may 25,ARGENTINA,INGENIERÍA & DATA,DATAHUB ARGENTINA,4343,DATIO-AR RIESGOS Y FINANZAS,1,1,1,1,8,8,"0,0",1,"0,0000","0,0000","0,0000",0,1.120,0,1.120,"100,00%","100,00%","100,00%","0,00%","100,00%","0,1300","0,1300","0,2000","0,0000","0,2700","1,0000",73%,1,Level 1
may 25,ARGENTINA,INGENIERÍA & DATA,DATAHUB ARGENTINA,4344,DATIO-AR MODELOS LOCALES,1,1,1,1,0,0,"1,0",1,"0,0000","0,0000","0,0000",0,17.405,0,16.084,"100,00%","100,00%",-,"100,00%","100,00%","0,1300","0,1300",-,"0,2700","0,2700","0,8000",100%,1,Level 3
may 25,ARGENTINA,INGENIERÍA & DATA,DATAHUB ARGENTINA,4345,DATIO-AR MODELOS GLOBALES,1,1,1,1,21,24,"1,0",1,"0,0000","0,0000","0,0000",0,4.478,0,4.004,"100,00%","100,00%","87,50%","100,00%","100,00%","0,1300","0,1300","0,1750","0,2700","0,2700","1,0000",98%,1,Level 3
may 25,ARGENTINA,SYSTEMS ENGINEERING,ADQUIRENCIA,416,PA02 MERCHANTS-ACQUIRING / COMERCIOS-ADQUIRENCIA,4,4,4,4,5,5,"3,0",4,"-99,0000","-99,0000","0,0000",0,0,0,0,"100,00%","100,00%","100,00%","75,00%",-,"0,1300","0,1300","0,2000","0,2025",-,"0,7300",91%,1,Level 3
may 25,ARGENTINA,SYSTEMS ENGINEERING,ADQUIRENCIA,4851,PA04 BBVA ADQUIRENTE - CICLO DE VIDA COMERCIOS,3,3,3,3,9,9,"0,0",1,"0,0000","0,0000","0,0000",0,31.688,0,31.688,"100,00%","100,00%","100,00%","0,00%","100,00%","0,1300","0,1300","0,2000","0,0000","0,2700","1,0000",73%,1,Level 1
may 25,ARGENTINA,SYSTEMS ENGINEERING,ADQUIRENCIA,4853,PA03 PSP - MERCURIO,1,1,1,1,1,1,"1,0",1,"0,0000","0,0000","0,0000",0,32.950,0,32.827,"100,00%","100,00%","100,00%","100,00%","100,00%","0,1300","0,1300","0,2000","0,2700","0,2700","1,0000",100%,1,Level 3
may 25,ARGENTINA,SYSTEMS ENGINEERING,ADQUIRENCIA,5297,PA05 BBVA ADQUIRENTE - TRANSACCIONALIDAD,2,2,2,2,1,1,"1,0",2,"0,0000","0,0000","0,0000",0,8.742,0,6.054,"100,00%","100,00%","100,00%","50,00%","100,00%","0,1300","0,1300","0,2000","0,1350","0,2700","1,0000",87%,1,Level 2
may 25,ARGENTINA,SYSTEMS ENGINEERING,CANALES EMPRESAS,379,AR02 ENTERPRISE WEB CORE,2,1,2,2,0,0,"0,0",0,"-99,0000","-99,0000","0,0000",0,0,0,0,"50,00%","100,00%",-,-,-,"0,0650","0,1300",-,-,-,"0,2600",75%,1,Level 1
may 25,ARGENTINA,SYSTEMS ENGINEERING,CANALES EMPRESAS,381,EB02 ENTERPRISE MOBILE / MOVILES EMPRESAS,1,1,0,1,0,0,"0,0",0,"0,0000","0,0000","0,0000",0,360.221,0,360.221,"100,00%","0,00%",-,-,"100,00%","0,1300","0,0000",-,-,"0,2700","0,5300",75%,1,Level 1
may 25,ARGENTINA,SYSTEMS ENGINEERING,CANALES EMPRESAS,382,EB01 ENTERPRISE WEB / WEB EMPRESAS,4,4,1,4,3,3,"0,0",1,"0,0057","0,0057","-0,0535",7,1.228.953,7,1.228.295,"100,00%","25,00%","100,00%","0,00%","75,00%","0,1300","0,0325","0,2000","0,0000","0,2025","1,0000",57%,0,Not certified
may 25,ARGENTINA,SYSTEMS ENGINEERING,CANALES EMPRESAS,4264,AR37 WEB PUBLICA EMPRESAS,2,2,0,2,0,0,"0,0",0,"0,0000","0,0000","0,0000",0,26.630,0,26.630,"100,00%","0,00%",-,-,"100,00%","0,1300","0,0000",-,-,"0,2700","0,5300",75%,1,Level 1
may 25,ARGENTINA,SYSTEMS ENGINEERING,CANALES EMPRESAS,4651,EB03 Canales Empresas,5,0,2,5,0,0,"2,0",2,"-99,0000","-99,0000","0,0000",0,0,0,0,"0,00%","40,00%",-,"100,00%",-,"0,0000","0,0520",-,"0,2700",-,"0,5300",61%,0,Not certified
may 25,ARGENTINA,SYSTEMS ENGINEERING,CANALES EMPRESAS,5963,AR43 OPEN BANKING EMPRESAS,1,1,0,1,2,2,"1,0",1,"0,0000","0,0000","0,0000",0,568,0,370,"100,00%","0,00%","100,00%","100,00%","100,00%","0,1300","0,0000","0,2000","0,2700","0,2700","1,0000",87%,1,Level 2
may 25,ARGENTINA,SYSTEMS ENGINEERING,CANALES EMPRESAS,5964,AR42 ETPB,1,1,1,1,1,1,"0,0",1,"0,0000","0,0000","0,0000",0,1.933,0,1.933,"100,00%","100,00%","100,00%","0,00%","100,00%","0,1300","0,1300","0,2000","0,0000","0,2700","1,0000",73%,1,Level 1
may 25,ARGENTINA,SYSTEMS ENGINEERING,CANALES EMPRESAS,6478,AR44 PLATAFORMA SENDA ARG,5,5,3,5,4,4,"0,0",2,"0,0000","0,0000","0,0000",0,40.227,0,33.024,"100,00%","60,00%","100,00%","0,00%","100,00%","0,1300","0,0780","0,2000","0,0000","0,2700","1,0000",68%,0,Not certified
may 25,ARGENTINA,SYSTEMS ENGINEERING,CANALES EMPRESAS,6479,AR45 HELP DESK ARG,1,1,0,1,0,0,"0,0",0,"-99,0000","-99,0000","0,0000",0,0,0,0,"100,00%","0,00%",-,-,-,"0,1300","0,0000",-,-,-,"0,2600",50%,0,Not certified
may 25,ARGENTINA,SYSTEMS ENGINEERING,CANALES EMPRESAS,6696,AR46 GEMA ARG,1,1,0,1,1,1,"0,5",1,"0,0000","0,0000","0,0000",0,50.326,0,50.326,"100,00%","0,00%","100,00%","50,00%","100,00%","0,1300","0,0000","0,2000","0,1350","0,2700","1,0000",74%,1,Level 1
may 25,ARGENTINA,SYSTEMS ENGINEERING,CASH MANAGEMENT,140,AR28 PAGOS Y COBROS,10,10,6,10,4,4,"8,0",9,"0,0000","0,0000","0,0000",0,33.208,0,33.208,"100,00%","60,00%","100,00%","88,89%","100,00%","0,1300","0,0780","0,2000","0,2400","0,2700","1,0000",92%,1,Level 3
may 25,ARGENTINA,SYSTEMS ENGINEERING,CASH MANAGEMENT,141,AR27 GESTIÓN DE CHEQUES,1,1,1,1,0,0,"1,0",1,"-99,0000","-99,0000","0,0000",0,0,0,0,"100,00%","100,00%",-,"100,00%",-,"0,1300","0,1300",-,"0,2700",-,"0,5300",100%,1,Level 3
may 25,ARGENTINA,SYSTEMS ENGINEERING,CASH MANAGEMENT,142,PE01 PENSIONS,9,9,9,9,0,1,"5,0",5,"0,0000","0,0000","0,0000",0,105.907,0,105.907,"100,00%","100,00%","0,00%","100,00%","100,00%","0,1300","0,1300","0,0000","0,2700","0,2700","1,0000",80%,1,Level 2
may 25,ARGENTINA,SYSTEMS ENGINEERING,CASH MANAGEMENT,7624,AR53 PAGOS NOMINAS / CONVENIOS,5,5,5,5,0,0,"4,0",4,"-99,0000","-99,0000","0,0000",0,0,0,0,"100,00%","100,00%",-,"100,00%",-,"0,1300","0,1300",-,"0,2700",-,"0,5300",100%,1,Level 3
may 25,ARGENTINA,SYSTEMS ENGINEERING,CASH MANAGEMENT,7625,AR50 EFECTOS,1,1,1,1,3,3,"1,0",1,"-99,0000","-99,0000","0,0000",0,0,0,0,"100,00%","100,00%","100,00%","100,00%",-,"0,1300","0,1300","0,2000","0,2700",-,"0,7300",100%,1,Level 3
may 25,ARGENTINA,SYSTEMS ENGINEERING,CASH MANAGEMENT,7626,AR51 ECHEQ / FCEM,2,2,2,2,0,0,"1,0",2,"0,0000","0,0000","0,0000",0,42.224,0,42.224,"100,00%","100,00%",-,"50,00%","100,00%","0,1300","0,1300",-,"0,1350","0,2700","0,8000",83%,1,Level 2
may 25,ARGENTINA,SYSTEMS ENGINEERING,COMEX,435,AR16 COMERCIO EXTERIOR,7,7,7,7,2,2,"6,0",7,"0,0000","0,0000","0,0000",0,6.139,0,486.824,"100,00%","100,00%","100,00%","85,71%","100,00%","0,1300","0,1300","0,2000","0,2314","0,2700","1,0000",96%,1,Level 3
may 25,ARGENTINA,SYSTEMS ENGINEERING,COMEX,7623,AR49 EXTRANJERO,6,6,5,6,3,3,"4,0",4,"0,0000","0,0000","0,0000",0,3.867,0,3.867,"100,00%","83,33%","100,00%","100,00%","100,00%","0,1300","0,1083","0,2000","0,2700","0,2700","1,0000",98%,1,Level 3
may 25,ARGENTINA,SYSTEMS ENGINEERING,CORE PRODUCTS,332,AR21 SERVICIOS CORE FINANCIEROS,4,4,4,4,4,4,"4,0",4,"0,0000","0,0000","0,0000",0,769,0,824,"100,00%","100,00%","100,00%","100,00%","100,00%","0,1300","0,1300","0,2000","0,2700","0,2700","1,0000",100%,1,Level 3
may 25,ARGENTINA,SYSTEMS ENGINEERING,CORE PRODUCTS,333,AR20 LOANS / PRÉSTAMOS,3,3,3,3,1,1,"3,0",3,"0,0000","0,0000","0,0000",0,3.038,0,3.038,"100,00%","100,00%","100,00%","100,00%","100,00%","0,1300","0,1300","0,2000","0,2700","0,2700","1,0000",100%,1,Level 3
may 25,ARGENTINA,SYSTEMS ENGINEERING,CORE PRODUCTS,334,AR25 PEOPLE NEXTGEN,2,2,2,2,2,2,"0,5",1,"0,0000","0,0000","0,0000",0,84.515,0,80.559,"100,00%","100,00%","100,00%","50,00%","100,00%","0,1300","0,1300","0,2000","0,1350","0,2700","1,0000",87%,1,Level 2
may 25,ARGENTINA,SYSTEMS ENGINEERING,CORE PRODUCTS,335,AR24 PEOPLE LEGACY,4,4,4,4,2,2,"2,0",3,"0,0000","0,0000","0,0000",0,246.378,0,246.378,"100,00%","100,00%","100,00%","66,67%","100,00%","0,1300","0,1300","0,2000","0,1800","0,2700","1,0000",91%,1,Level 3
may 25,ARGENTINA,SYSTEMS ENGINEERING,CORE PRODUCTS,336,AR22 ACCOUNTS & DEPOSITS / CUENTAS,10,9,10,10,3,3,"6,0",9,"0,0000","0,0000","0,0000",0,121.876,0,121.876,"90,00%","100,00%","100,00%","66,67%","100,00%","0,1170","0,1300","0,2000","0,1800","0,2700","1,0000",90%,1,Level 2
may 25,ARGENTINA,SYSTEMS ENGINEERING,CORE PRODUCTS,337,AR23 PEOPLE SERVICING,5,5,5,5,3,3,"3,0",3,"0,0000","0,0000","0,0000",0,197.080,0,197.080,"100,00%","100,00%","100,00%","100,00%","100,00%","0,1300","0,1300","0,2000","0,2700","0,2700","1,0000",100%,1,Level 3
may 25,ARGENTINA,SYSTEMS ENGINEERING,CORE PRODUCTS,338,AR26 SERVICIOS PASIVOS,6,6,6,6,4,4,"6,0",6,"-99,0000","-99,0000","0,0000",0,0,0,0,"100,00%","100,00%","100,00%","100,00%",-,"0,1300","0,1300","0,2000","0,2700",-,"0,7300",100%,1,Level 3
may 25,ARGENTINA,SYSTEMS ENGINEERING,CORPORATE FUNCTIONS,186,CF06 FINANCE / FINANZAS,13,13,13,13,1,1,"7,0",7,"-99,0000","-99,0000","0,0000",0,0,0,0,"100,00%","100,00%","100,00%","100,00%",-,"0,1300","0,1300","0,2000","0,2700",-,"0,7300",100%,1,Level 3
may 25,ARGENTINA,SYSTEMS ENGINEERING,CORPORATE FUNCTIONS,187,CF07 PROCUREMENT,6,6,6,6,0,0,"3,0",3,"0,0000","0,0000","0,0000",0,85.385,0,85.385,"100,00%","100,00%",-,"100,00%","100,00%","0,1300","0,1300",-,"0,2700","0,2700","0,8000",100%,1,Level 3
may 25,ARGENTINA,SYSTEMS ENGINEERING,CORPORATE FUNCTIONS,189,AR36 LOCAL SERVICES,9,9,8,9,0,0,"0,0",4,"0,0149","0,0149","0,0000",9,603.070,9,603.070,"100,00%","88,89%",-,"0,00%","50,00%","0,1300","0,1156",-,"0,0000","0,1350","0,8000",48%,0,Not certified
may 25,ARGENTINA,SYSTEMS ENGINEERING,CORPORATE FUNCTIONS,190,CF02 COMPLIANCE,8,7,2,8,2,2,"1,0",2,"0,2383","0,2383","0,0000",81,339.933,81,339.933,"87,50%","25,00%","100,00%","50,00%","0,00%","0,1138","0,0325","0,2000","0,1350","0,0000","1,0000",48%,0,Not certified
may 25,ARGENTINA,SYSTEMS ENGINEERING,CORPORATE FUNCTIONS,191,CF03 LEGAL,1,1,0,1,1,1,"1,0",1,"-99,0000","-99,0000","0,0000",0,0,0,0,"100,00%","0,00%","100,00%","100,00%",-,"0,1300","0,0000","0,2000","0,2700",-,"0,7300",82%,1,Level 2
may 25,ARGENTINA,SYSTEMS ENGINEERING,CORPORATE FUNCTIONS,192,AR19 DIGITALIZACIÓN DE IMAGENES,3,3,2,3,1,1,"1,5",2,"0,0000","0,0000","0,0000",0,148.964,0,148.327,"100,00%","66,67%","100,00%","75,00%","100,00%","0,1300","0,0867","0,2000","0,2025","0,2700","1,0000",89%,1,Level 2
may 25,ARGENTINA,SYSTEMS ENGINEERING,CORPORATE FUNCTIONS,193,AR18 AUTOMATIZACIÓN DE PROCESOS,1,1,1,1,5,5,"0,0",0,"-99,0000","-99,0000","0,0000",0,0,0,0,"100,00%","100,00%","100,00%",-,-,"0,1300","0,1300","0,2000",-,-,"0,4600",100%,1,Level 3
may 25,ARGENTINA,SYSTEMS ENGINEERING,CORPORATE FUNCTIONS,194,AR17 ENGINEERING SERVICES,11,11,10,11,0,0,"2,5",4,"0,0140","0,0140","0,0000",4,285.431,4,285.431,"100,00%","90,91%",-,"62,50%","50,00%","0,1300","0,1182",-,"0,1688","0,1350","0,8000",69%,0,Not certified
may 25,ARGENTINA,SYSTEMS ENGINEERING,CORPORATE FUNCTIONS,195,CF01 TALENT & CULTURA,17,17,13,13,1,1,"3,0",7,"0,0802","0,0802","0,0000",75,935.233,75,935.233,"100,00%","100,00%","100,00%","42,86%","50,00%","0,1300","0,1300","0,2000","0,1157","0,1350","1,0000",71%,1,Level 1
may 25,ARGENTINA,SYSTEMS ENGINEERING,CORPORATE FUNCTIONS,4265,AR38 SALUD FINANCIERA,2,2,1,2,0,0,"0,0",0,"0,0000","0,0000","0,0000",0,18.168,0,18.168,"100,00%","50,00%",-,-,"100,00%","0,1300","0,0650",-,-,"0,2700","0,5300",88%,1,Level 2
may 25,ARGENTINA,SYSTEMS ENGINEERING,MEDIOS DE PAGO,409,AR06 COBRANZAS EMISIÓN TC,4,0,0,4,1,1,"3,0",4,"-99,0000","-99,0000","0,0000",0,0,0,0,"0,00%","0,00%","100,00%","75,00%",-,"0,0000","0,0000","0,2000","0,2025",-,"0,7300",55%,0,Not certified
may 25,ARGENTINA,SYSTEMS ENGINEERING,MEDIOS DE PAGO,410,AR11 ABM,2,2,1,2,10,10,"1,0",1,"0,0000","0,0000","0,0000",0,12.039,0,12.030,"100,00%","50,00%","100,00%","100,00%","100,00%","0,1300","0,0650","0,2000","0,2700","0,2700","1,0000",94%,1,Level 3
may 25,ARGENTINA,SYSTEMS ENGINEERING,MEDIOS DE PAGO,412,RB04 ATM /CAJEROS AUTOMATICOS,1,1,0,1,0,0,"1,0",1,"-99,0000","-99,0000","0,0000",0,0,0,0,"100,00%","0,00%",-,"100,00%",-,"0,1300","0,0000",-,"0,2700",-,"0,5300",75%,1,Level 1
may 25,ARGENTINA,SYSTEMS ENGINEERING,MEDIOS DE PAGO,413,AR07 TARJETA DE DÉBITO,1,1,1,1,2,2,"1,0",1,"-99,0000","-99,0000","0,0000",0,0,0,0,"100,00%","100,00%","100,00%","100,00%",-,"0,1300","0,1300","0,2000","0,2700",-,"0,7300",100%,1,Level 3
may 25,ARGENTINA,SYSTEMS ENGINEERING,MEDIOS DE PAGO,414,AR12 CONTABILIDAD TC,3,3,1,3,4,4,"3,0",3,"-99,0000","-99,0000","0,0000",0,0,0,0,"100,00%","33,33%","100,00%","100,00%",-,"0,1300","0,0433","0,2000","0,2700",-,"0,7300",88%,1,Level 2
may 25,ARGENTINA,SYSTEMS ENGINEERING,MEDIOS DE PAGO,418,AR10 IMPUESTOS TC,2,2,2,2,0,0,"2,0",2,"-99,0000","-99,0000","0,0000",0,0,0,0,"100,00%","100,00%",-,"100,00%",-,"0,1300","0,1300",-,"0,2700",-,"0,5300",100%,1,Level 3
may 25,ARGENTINA,SYSTEMS ENGINEERING,MEDIOS DE PAGO,7622,AR48 DISTRIBUCIÓN DE PRODUCTOS,2,1,1,2,1,1,"1,0",2,"0,0000","0,0000","0,0000",0,6.918,0,6.918,"50,00%","50,00%","100,00%","50,00%","100,00%","0,0650","0,0650","0,2000","0,1350","0,2700","1,0000",74%,1,Level 1
may 25,ARGENTINA,SYSTEMS ENGINEERING,MERCADOS Y CUSTODIAS,433,CIB04 GLOBAL MARKET,8,4,4,8,25,25,"2,0",2,"0,0000","0,0000","0,0000",0,14.798,0,14.798,"50,00%","50,00%","100,00%","100,00%","100,00%","0,0650","0,0650","0,2000","0,2700","0,2700","1,0000",87%,1,Level 2
may 25,ARGENTINA,SYSTEMS ENGINEERING,MERCADOS Y CUSTODIAS,7605,CIB07 ASSET MANAGEMENT,4,3,3,4,0,0,"2,0",2,"-99,0000","-99,0000","0,0000",0,0,0,0,"75,00%","75,00%",-,"100,00%",-,"0,0975","0,0975",-,"0,2700",-,"0,5300",88%,1,Level 2
may 25,ARGENTINA,SYSTEMS ENGINEERING,MERCADOS Y CUSTODIAS,7608,CIB05 OPERATION DATA,5,1,0,5,0,0,"1,0",2,"0,0000","0,0000","0,0000",0,33.437,0,29.414,"20,00%","0,00%",-,"50,00%","100,00%","0,0260","0,0000",-,"0,1350","0,2700","0,8000",54%,0,Not certified
may 25,ARGENTINA,SYSTEMS ENGINEERING,MERCADOS Y CUSTODIAS,7610,CIB06 ALYC,0,0,0,0,0,0,"2,0",2,"-99,0000","-99,0000","0,0000",0,0,0,0,-,-,-,"100,00%",-,-,-,-,"0,2700",-,"0,2700",100%,1,Level 3
may 25,ARGENTINA,SYSTEMS ENGINEERING,MODELOS DE ATENCIÓN,136,RB05 RETAIL CONTACT CENTER / CONTACT CENTER PARTICULARES,7,7,6,7,0,0,"2,5",5,"5,7849","5,7989","-0,2403",792,136.907,792,136.578,"100,00%","85,71%",-,"50,00%","0,00%","0,1300","0,1114",-,"0,1350","0,0000","0,8000",47%,0,Not certified
may 25,ARGENTINA,SYSTEMS ENGINEERING,MODELOS DE ATENCIÓN,137,AR34 GESTION SUCURSALES y RECLAMOS,2,2,2,2,1,1,"0,5",2,"0,0000","0,0000","0,0000",0,106.328,0,103.174,"100,00%","100,00%","100,00%","25,00%","100,00%","0,1300","0,1300","0,2000","0,0675","0,2700","1,0000",80%,1,Level 1
may 25,ARGENTINA,SYSTEMS ENGINEERING,MODELOS DE ATENCIÓN,139,AR01 AUTOSERVICIOS SUCURSALES,4,4,3,4,1,1,"1,0",3,"0,0000","0,0000","0,0000",0,230.668,0,210.262,"100,00%","75,00%","100,00%","33,33%","100,00%","0,1300","0,0975","0,2000","0,0900","0,2700","1,0000",79%,1,Level 1
may 25,ARGENTINA,SYSTEMS ENGINEERING,MODELOS DE ATENCIÓN,4263,RB07 CONTACT CENTER / GESTION DE MORA,4,4,4,4,1,1,"2,0",3,"-99,0000","-99,0000","0,0000",0,0,0,0,"100,00%","100,00%","100,00%","66,67%",-,"0,1300","0,1300","0,2000","0,1800",-,"0,7300",88%,1,Level 2
may 25,ARGENTINA,SYSTEMS ENGINEERING,MODELOS DE ATENCIÓN,5854,AR41 TRAFFIC GENERATION & MARKETING AUTOMATION,1,1,1,1,0,0,"1,0",1,"0,1476","0,1476","0,0000",2,13.547,2,13.547,"100,00%","100,00%",-,"100,00%","50,00%","0,1300","0,1300",-,"0,2700","0,1350","0,8000",83%,1,Level 2
may 25,ARGENTINA,SYSTEMS ENGINEERING,MODELOS DE ATENCIÓN,7602,AR30 TESORO y CAJA,2,2,1,2,0,0,"1,0",2,"0,0000","0,0000","0,0000",0,279.069,0,279.003,"100,00%","50,00%",-,"50,00%","100,00%","0,1300","0,0650",-,"0,1350","0,2700","0,8000",75%,1,Level 1
may 25,ARGENTINA,SYSTEMS ENGINEERING,RIESGOS MAYORISTAS,188,CF05 RISKS / RIESGOS MAYORISTA,15,15,5,15,6,6,"11,0",11,"0,0000","0,0000","0,0000",0,73.191,0,68.127,"100,00%","33,33%","100,00%","100,00%","100,00%","0,1300","0,0433","0,2000","0,2700","0,2700","1,0000",91%,1,Level 3
may 25,ARGENTINA,SYSTEMS ENGINEERING,STAFFING Y METODOLOGÍA,149,AR35 BRANCHES / OFICINAS OPERATORIA,3,3,3,3,0,0,"1,0",1,"0,0046","0,0046","0,0000",18,3.950.613,18,3.950.613,"100,00%","100,00%",-,"100,00%","50,00%","0,1300","0,1300",-,"0,2700","0,1350","0,8000",83%,1,Level 2
may 25,ARGENTINA,SYSTEMS ENGINEERING,SWF SEGUROS,72,IN01 INSURANCE DISTRIBUTION/CHANNELS WEB,6,4,0,6,0,0,"0,0",1,"0,0000","0,0000","0,0000",0,94.443,0,94.443,"66,67%","0,00%",-,"0,00%","100,00%","0,0867","0,0000",-,"0,0000","0,2700","0,8000",45%,0,Not certified
may 25,ARGENTINA,SYSTEMS ENGINEERING,SWF SEGUROS,73,AR14 INSURANCE SERVICES,3,3,3,3,0,0,"2,0",2,"-99,0000","-99,0000","0,0000",0,0,0,0,"100,00%","100,00%",-,"100,00%",-,"0,1300","0,1300",-,"0,2700",-,"0,5300",100%,1,Level 3
may 25,ARGENTINA,SYSTEMS ENGINEERING,SWF SEGUROS,74,AR13 INSURANCE DISTRIBUTION/CHANNELS CORE,5,1,2,5,0,0,"1,0",1,"-99,0000","-99,0000","0,0000",0,0,0,0,"20,00%","40,00%",-,"100,00%",-,"0,0260","0,0520",-,"0,2700",-,"0,5300",66%,0,Not certified
may 25,ARGENTINA,SYSTEMS ENGINEERING,SWF SEGUROS,5473,AM02 CONSUMER FINANCE,1,1,1,1,0,0,"0,0",0,"-99,0000","-99,0000","0,0000",0,0,0,0,"100,00%","100,00%",-,-,-,"0,1300","0,1300",-,-,-,"0,2600",100%,1,Level 3
may 25,ARGENTINA,SYSTEMS ENGINEERING,SWF VINCULADAS,5473,AM02 CONSUMER FINANCE,3,3,3,3,0,0,"2,5",3,"0,0000","0,0000","0,0000",0,102.965,0,85.365,"100,00%","100,00%",-,"83,33%","100,00%","0,1300","0,1300",-,"0,2250","0,2700","0,8000",94%,1,Level 3
may 25,ARGENTINA,SYSTEMS ENGINEERING,SWF VINCULADAS,7632,AM05 CONSUMER FINANCE,12,11,10,12,1,1,"8,0",10,"0,0000","0,0000","0,0000",0,323.298,0,323.290,"91,67%","83,33%","100,00%","80,00%","100,00%","0,1192","0,1083","0,2000","0,2160","0,2700","1,0000",91%,1,Level 3
may 25,ARGENTINA,SYSTEMS ENGINEERING,SWF VINCULADAS,7633,AM03 CONSUMER FINANCE,5,5,5,5,0,0,"0,5",1,"0,6894","0,7283","-5,3452",187,271.254,197,270.485,"100,00%","100,00%",-,"50,00%","0,00%","0,1300","0,1300",-,"0,1350","0,0000","0,8000",49%,0,Not certified
may 25,ARGENTINA,SYSTEMS ENGINEERING,SWF VINCULADAS,7634,AM04 CONSUMER FINANCE,5,5,5,5,0,0,"0,0",1,"0,0000","0,0000","0,0000",0,277.836,0,266.851,"100,00%","100,00%",-,"0,00%","100,00%","0,1300","0,1300",-,"0,0000","0,2700","0,8000",66%,0,Not certified
may 25,ARGENTINA,SYSTEMS ENGINEERING,TRANSFORMACION Y CALIDAD OPERATIVA,6213,TRANSFORMACIÓN NEXTGEN,1,1,0,1,0,0,"0,0",1,"0,0000","0,0000","0,0000",0,100.318,0,218.080,"100,00%","0,00%",-,"0,00%","100,00%","0,1300","0,0000",-,"0,0000","0,2700","0,8000",50%,0,Not certified
may 25,ARGENTINA,SYSTEMS ENGINEERING,TRANSFORMACION Y CALIDAD OPERATIVA,6778,PROCESS SYSTEMS ARG,0,0,0,0,0,0,"2,0",2,"-99,0000","-99,0000","0,0000",0,0,0,0,-,-,-,"100,00%",-,-,-,-,"0,2700",-,"0,2700",100%,1,Level 3
may 25,ARGENTINA,SYSTEMS ENGINEERING,TRANSFORMACION Y CALIDAD OPERATIVA,6860,DEVOPS AR,2,2,0,2,0,0,"0,0",2,"0,0000","0,0000","0,0000",0,1.160.534,0,1.160.739,"100,00%","0,00%",-,"0,00%","100,00%","0,1300","0,0000",-,"0,0000","0,2700","0,8000",50%,0,Not certified
may 25,ARGENTINA,SYSTEMS ENGINEERING,VENTAS,5193,"AR39 PRÉSTAMOS, ADELANTOS E INVERSIONES",4,4,4,4,0,0,"1,0",1,"-99,0000","-99,0000","0,0000",0,0,0,0,"100,00%","100,00%",-,"100,00%",-,"0,1300","0,1300",-,"0,2700",-,"0,5300",100%,1,Level 3
may 25,ARGENTINA,SYSTEMS ENGINEERING,VENTAS,5194,RB06 NECESIDADES DIGITALES,2,2,2,2,6,6,"1,0",1,"0,0000","0,0000","0,0000",0,323.840,0,221.251,"100,00%","100,00%","100,00%","100,00%","100,00%","0,1300","0,1300","0,2000","0,2700","0,2700","1,0000",100%,1,Level 3
may 25,ARGENTINA,SYSTEMS ENGINEERING,VENTAS,5195,AR31 PAQUETES Y TARJETAS,5,5,5,5,0,0,"1,0",1,"-99,0000","-99,0000","0,0000",0,0,0,0,"100,00%","100,00%",-,"100,00%",-,"0,1300","0,1300",-,"0,2700",-,"0,5300",100%,1,Level 3
may 25,ARGENTINA,SYSTEMS ENGINEERING,VENTAS,5196,AR33 PRODUCTOS NO CREDITICIOS,4,4,4,4,1,1,"0,0",1,"0,0023","0,0013","78,2542",4,1.726.064,2,1.538.391,"100,00%","100,00%","100,00%","0,00%","100,00%","0,1300","0,1300","0,2000","0,0000","0,2700","1,0000",73%,1,Level 1
may 25,ARGENTINA,SYSTEMS ENGINEERING,VENTAS,5197,AR40 PRODUCTIVIDAD,1,0,1,1,0,0,"0,0",0,"0,0000","0,0000","0,0000",0,230,0,230,"0,00%","100,00%",-,-,"100,00%","0,0000","0,1300",-,-,"0,2700","0,5300",75%,1,Level 1
may 25,ARGENTINA,SYSTEMS ENGINEERING,VENTAS,5198,AR32 MOTOR DE RIESGOS,2,2,2,2,2,2,"0,0",1,"0,0000","0,0000","0,0000",0,115.847,0,115.892,"100,00%","100,00%","100,00%","0,00%","100,00%","0,1300","0,1300","0,2000","0,0000","0,2700","1,0000",73%,1,Level 1
may 25,ARGENTINA,SYSTEMS ENGINEERING,VENTAS,6161,AR47 FORMULARIOS Y CONTRATOS DIGITALES,2,2,1,2,2,2,"2,0",3,"0,0000","0,0000","0,0000",0,37.118,0,35.626,"100,00%","50,00%","100,00%","66,67%","100,00%","0,1300","0,0650","0,2000","0,1800","0,2700","1,0000",85%,1,Level 2
may 25,ARGENTINA,SYSTEMS ENGINEERING,VENTAS,7145,AR03 PRESTAMOS HIPOTECARIOS,4,4,1,4,3,3,"3,0",4,"-99,0000","-99,0000","0,0000",0,0,0,0,"100,00%","25,00%","100,00%","75,00%",-,"0,1300","0,0325","0,2000","0,2025",-,"0,7300",77%,1,Level 1
may 25,ARGENTINA,SYSTEMS ENGINEERING,WALLET & DIGITAL CHANNELS,229,RB02 RETAIL MOBILE / MOVILES PARTICULARES,19,7,1,19,2,3,"12,5",19,"0,0000","0,0000","0,0000",0,2.939,0,2.939,"36,84%","5,26%","66,67%","65,79%","100,00%","0,0479","0,0068","0,1333","0,1776","0,2700","1,0000",64%,0,Not certified
may 25,ARGENTINA,SYSTEMS ENGINEERING,WALLET & DIGITAL CHANNELS,230,RB01 RETAIL WEB / WEBS PARTICULARES,24,13,6,24,5,6,"11,0",19,"0,0000","0,0000","0,0000",0,313.415,0,313.420,"54,17%","25,00%","83,33%","57,89%","100,00%","0,0704","0,0325","0,1667","0,1563","0,2700","1,0000",70%,0,Not certified
may 25,ARGENTINA,SYSTEMS ENGINEERING,WALLET & DIGITAL CHANNELS,411,AR09 BENEFICIOS,3,3,0,3,0,0,"0,0",2,"0,0016","0,0016","0,0000",2,1.269.096,2,1.269.096,"100,00%","0,00%",-,"0,00%","100,00%","0,1300","0,0000",-,"0,0000","0,2700","0,8000",50%,0,Not certified
may 25,ARGENTINA,SYSTEMS ENGINEERING,WALLET & DIGITAL CHANNELS,415,AR04 MEDIOS ELECTRONICOS DE PAGOS - MOBILE,2,2,0,2,0,0,"0,0",1,"0,1486","0,1463","1,5449",11,74.049,11,75.193,"100,00%","0,00%",-,"0,00%","25,00%","0,1300","0,0000",-,"0,0000","0,0675","0,8000",25%,0,Not certified
may 25,ARGENTINA,SYSTEMS ENGINEERING,WALLET & DIGITAL CHANNELS,417,AR05 LOYALTY,2,2,2,2,0,0,"0,0",1,"0,0197","0,0197","0,0000",2,101.625,2,101.625,"100,00%","100,00%",-,"0,00%","50,00%","0,1300","0,1300",-,"0,0000","0,1350","0,8000",49%,0,Not certified
may 25,ARGENTINA,SYSTEMS ENGINEERING,WALLET & DIGITAL CHANNELS,6716,AR15 EVOLUCION DIGITAL DE GESTION DE TARJETAS,1,1,0,1,0,0,"0,0",1,"0,0000","0,0000","0,0000",0,61.213,0,62.223,"100,00%","0,00%",-,"0,00%","100,00%","0,1300","0,0000",-,"0,0000","0,2700","0,8000",50%,0,Not certified
may 25,CFE,AUD.LEGAL&CHAIRMAN UNITS,,12,"LEGAL, FUNDACIÓN BBVA….",23,17,15,16,12,12,"11,5",16,"0,0328","0,2828","-88,4133",78,2.380.326,995,3.518.239,"73,91%","93,75%","100,00%","71,88%","100,00%","0,0961","0,1219","0,2000","0,1941","0,2700","1,0000",88%,1,Level 2
may 25,CFE,AUD.LEGAL&CHAIRMAN UNITS,,13,AUDIT,6,6,5,5,1,1,"4,0",5,"0,0091","0,0091","0,0000",6,660.774,6,660.774,"100,00%","100,00%","100,00%","80,00%","50,00%","0,1300","0,1300","0,2000","0,2160","0,1350","1,0000",81%,1,Level 2
may 25,CFE,AUD.LEGAL&CHAIRMAN UNITS,,16,OTHERS NO CFE,3,3,3,3,0,1,"1,0",3,"0,0454","0,0269","68,9362",39,858.475,88,3.272.416,"100,00%","100,00%","0,00%","33,33%","0,00%","0,1300","0,1300","0,0000","0,0900","0,0000","1,0000",35%,0,Not certified
may 25,CFE,AUD.LEGAL&CHAIRMAN UNITS,,17,COMMS,16,16,10,11,1,1,"10,0",13,"0,0116","0,0098","18,7008",19,1.635.055,19,1.940.824,"100,00%","90,91%","100,00%","76,92%","0,00%","0,1300","0,1182","0,2000","0,2077","0,0000","1,0000",66%,0,Not certified
may 25,CFE,AUD.LEGAL&CHAIRMAN UNITS,,18,ENGINEERING FOR ENGINEERING,14,12,14,14,5,6,"7,0",11,"0,0006","0,0203","-97,1566",1,1.729.447,65,3.196.392,"85,71%","100,00%","83,33%","63,64%","100,00%","0,1114","0,1300","0,1667","0,1718","0,2700","1,0000",85%,1,Level 2
may 25,CFE,AUD.LEGAL&CHAIRMAN UNITS,,37,M&A,7,7,1,1,0,0,"6,5",7,"0,0000","0,0000","0,0000",0,12.649,0,12.649,"100,00%","100,00%",-,"92,86%","100,00%","0,1300","0,1300",-,"0,2507","0,2700","0,8000",98%,1,Level 3
may 25,CFE,FINANCE,,27,REPORTING REGULATORIO,10,10,11,11,17,17,"6,5",12,"0,0000","0,0000","0,0000",0,668.419,0,666.591,"100,00%","100,00%","100,00%","54,17%","100,00%","0,1300","0,1300","0,2000","0,1463","0,2700","1,0000",88%,1,Level 2
may 25,CFE,FINANCE,,34,CONSOLIDACIÓN REPORTING Y FISCAL,12,8,10,10,20,20,"9,5",13,"0,0000","0,0000","0,0000",0,6.918.563,0,7.466.906,"66,67%","100,00%","100,00%","73,08%","100,00%","0,0867","0,1300","0,2000","0,1973","0,2700","1,0000",88%,1,Level 2
may 25,CFE,FINANCE,,42,PROCUREMENT,6,6,5,5,2,2,"3,0",6,"0,3127","0,0000","0,0000",384,1.227.943,0,743.625,"100,00%","100,00%","100,00%","50,00%","0,00%","0,1300","0,1300","0,2000","0,1350","0,0000","1,0000",60%,0,Not certified
may 25,CFE,FINANCE,,43,INVEST & COST MANAGEMENT,5,5,5,5,15,15,"1,0",5,"0,0000","0,0000","0,0000",0,1.503.069,0,1.500.835,"100,00%","100,00%","100,00%","20,00%","100,00%","0,1300","0,1300","0,2000","0,0540","0,2700","1,0000",78%,1,Level 1
may 25,CFE,FINANCE,,45,RENTABILIDAD & PERFORMANCE MANAGEMENT,3,3,4,4,39,39,"1,0",3,"0,0000","0,0000","0,0000",0,53.039,0,56.216,"100,00%","100,00%","100,00%","33,33%","100,00%","0,1300","0,1300","0,2000","0,0900","0,2700","1,0000",82%,1,Level 2
may 25,CFE,R&IC,,9,NFR,5,5,4,4,21,21,"1,0",4,"0,0000","0,0000","0,0000",0,637.201,0,635.201,"100,00%","100,00%","100,00%","25,00%","100,00%","0,1300","0,1300","0,2000","0,0675","0,2700","1,0000",80%,1,Level 1
may 25,CFE,R&IC,,29,CONTROL INTERNO DE RIESGOS,4,4,4,4,8,8,"3,0",5,"0,0832","0,1879","-55,7260",49,589.124,131,697.318,"100,00%","100,00%","100,00%","60,00%","100,00%","0,1300","0,1300","0,2000","0,1620","0,2700","1,0000",89%,1,Level 2
may 25,CFE,R&IC,,30,COMPLIANCE,15,11,11,14,10,10,"7,5",14,"0,0067","0,0068","-0,7754",21,3.130.288,21,3.106.015,"73,33%","78,57%","100,00%","53,57%","75,00%","0,0953","0,1021","0,2000","0,1446","0,2025","1,0000",74%,1,Level 1
may 25,CFE,R&IC,,4911,CROSS DATA & AML,0,0,1,1,0,0,"1,0",1,"0,0000","0,0000","0,0000",0,119.092,0,58.012,-,"100,00%",-,"100,00%","100,00%",-,"0,1300",-,"0,2700","0,2700","0,6700",100%,1,Level 3
may 25,CFE,R&IC,,6151,SCREENING & TRANSACTION MONITORING AML,4,4,0,5,11,11,"4,0",5,"0,0000","0,0000","0,0000",0,76.346,0,76.195,"100,00%","0,00%","100,00%","80,00%","100,00%","0,1300","0,0000","0,2000","0,2160","0,2700","1,0000",82%,1,Level 2
may 25,CFE,R&IC,,7051,REPORTING FRAUDE,1,1,0,1,0,0,"0,0",0,"0,0000","0,0000","0,0000",0,367.477,0,367.477,"100,00%","0,00%",-,-,"100,00%","0,1300","0,0000",-,-,"0,2700","0,5300",75%,1,Level 1
may 25,CFE,RISK,,6,RETAIL CREDIT RISK,0,0,3,3,31,31,"1,0",3,"0,0000","0,0000","0,0000",0,336.122,0,334.538,-,"100,00%","100,00%","33,33%","100,00%",-,"0,1300","0,2000","0,0900","0,2700","0,8700",79%,1,Level 1
may 25,CFE,RISK,,7,PROVISIONES,3,3,3,3,12,12,"0,5",3,"0,0000","0,0000","0,0000",0,596.238,0,592.178,"100,00%","100,00%","100,00%","16,67%","100,00%","0,1300","0,1300","0,2000","0,0450","0,2700","1,0000",78%,1,Level 1
may 25,CFE,RISK,,28,OTHER RISKS,15,13,11,15,5,5,"12,5",13,"0,0000","0,0028","-100,0000",0,1.505.074,4,1.450.154,"86,67%","73,33%","100,00%","96,15%","100,00%","0,1127","0,0953","0,2000","0,2596","0,2700","1,0000",94%,1,Level 3
may 25,CFE,RISK,,31,WHOLESALE CREDIT RISK,10,10,9,9,43,49,"9,0",11,"0,0000","0,0000","0,0000",0,1.762.253,0,1.758.376,"100,00%","100,00%","87,76%","81,82%","100,00%","0,1300","0,1300","0,1755","0,2209","0,2700","1,0000",93%,1,Level 3
may 25,CFE,RISK,,38,ESG & REPORTING & ANALYTICS,8,7,9,9,27,28,"4,0",10,"0,0000","0,0000","0,0000",0,809.126,0,805.761,"87,50%","100,00%","96,43%","40,00%","100,00%","0,1138","0,1300","0,1929","0,1080","0,2700","1,0000",81%,1,Level 2
may 25,CFE,RISK,,46,CAPITAL,10,10,5,10,30,30,"6,0",8,"0,0000","0,0000","0,0000",0,517.078,0,529.426,"100,00%","50,00%","100,00%","75,00%","100,00%","0,1300","0,0650","0,2000","0,2025","0,2700","1,0000",87%,1,Level 2
may 25,CFE,T&C,,11,TALENT MANAGEMENT,23,20,13,15,19,20,"14,5",20,"0,0019","0,0012","57,3835",4,2.100.606,4,3.306.008,"86,96%","86,67%","95,00%","72,50%","100,00%","0,1130","0,1127","0,1900","0,1958","0,2700","1,0000",88%,1,Level 2
may 25,CFE,T&C,,41,PREMISES & SERVICES,21,20,17,18,5,5,"15,0",19,"0,0828","0,0894","-7,3719",151,1.823.311,151,1.688.898,"95,24%","94,44%","100,00%","78,95%","75,00%","0,1238","0,1228","0,2000","0,2132","0,2025","1,0000",86%,1,Level 2
may 25,CFE,T&C,,47,WORKFORCE ADMINISTRATION,2,2,1,1,5,5,"1,0",2,"0,0087","0,0158","-44,5038",4,457.563,9,571.343,"100,00%","100,00%","100,00%","50,00%","100,00%","0,1300","0,1300","0,2000","0,1350","0,2700","1,0000",87%,1,Level 2
may 25,CFE,T&C,,5028,WORKFORCE RECRUITING-TALENT,2,2,0,0,0,0,"2,0",3,"0,0000","0,0000","0,0000",0,4.341,0,534,"100,00%",-,-,"66,67%","100,00%","0,1300",-,-,"0,1800","0,2700","0,6700",87%,1,Level 2
may 25,CIB,DATA ENGINEERING,ANALYTICS,5161,CIB SUSTAINABILITY & BUSINESS SOL,1,1,1,1,2,2,"0,0",1,"-99,0000","-99,0000","0,0000",0,0,0,0,"100,00%","100,00%","100,00%","0,00%",-,"0,1300","0,1300","0,2000","0,0000",-,"0,7300",63%,0,Not certified
may 25,CIB,DATA ENGINEERING,ANALYTICS,7557,GTB ANALYTICS,3,3,3,3,0,0,"0,0",1,"0,0000","0,0000","0,0000",0,33.259,0,33.259,"100,00%","100,00%",-,"0,00%","100,00%","0,1300","0,1300",-,"0,0000","0,2700","0,8000",66%,0,Not certified
may 25,CIB,DATA ENGINEERING,ANALYTICS,7558,POST-TRADE SOLUTIONS,8,7,7,8,21,23,"3,0",7,"0,2551","0,1654","54,2322",3.941,15.449.073,4.040,24.426.009,"87,50%","87,50%","91,30%","42,86%","0,00%","0,1138","0,1138","0,1826","0,1157","0,0000","1,0000",53%,0,Not certified
may 25,CIB,DATA ENGINEERING,ANALYTICS,7559,SUSTAINABILITY SOLUTIONS,5,3,5,5,2,2,"2,0",4,"0,0000","0,0000","0,0000",0,263.278,0,261.264,"60,00%","100,00%","100,00%","50,00%","100,00%","0,0780","0,1300","0,2000","0,1350","0,2700","1,0000",81%,1,Level 2
may 25,CIB,DATA ENGINEERING,DATA HUB,4921,CIB DATAHUB & EXECUTION,1,1,1,1,128,135,"0,0",1,"0,0000","0,0000","0,0000",0,43.439,0,43.437,"100,00%","100,00%","94,81%","0,00%","100,00%","0,1300","0,1300","0,1896","0,0000","0,2700","1,0000",72%,1,Level 1
may 25,CIB,DATA ENGINEERING,FINANCE DATA,7549,DATAWAREHOUSE & DATAMARTS,2,2,2,2,1,1,"1,0",2,"0,0000","0,0000","0,0000",0,2.093.276,0,2.093.276,"100,00%","100,00%","100,00%","50,00%","100,00%","0,1300","0,1300","0,2000","0,1350","0,2700","1,0000",87%,1,Level 2
may 25,CIB,DATA ENGINEERING,RISK DATA,7551,GM RISK DATA,1,1,1,1,13,13,"0,0",1,"0,8029","0,8966","-10,4455",583,726.110,651,726.110,"100,00%","100,00%","100,00%","0,00%","0,00%","0,1300","0,1300","0,2000","0,0000","0,0000","1,0000",46%,0,Not certified
may 25,CIB,DATA ENGINEERING,RISK DATA,7552,GMRU ANALYTICS,1,1,1,1,11,11,"0,0",1,"0,0000","0,0000","0,0000",0,190.162,0,189.941,"100,00%","100,00%","100,00%","0,00%","100,00%","0,1300","0,1300","0,2000","0,0000","0,2700","1,0000",73%,1,Level 1
may 25,CIB,DATA ENGINEERING,UNDERWRITING & COMMERCIAL PROCESS,7554,COMMERCIAL MANAGEMENT - CRM,2,2,1,1,5,5,"0,0",1,"0,0000","0,0000","0,0000",0,1.304.938,0,1.193.949,"100,00%","100,00%","100,00%","0,00%","100,00%","0,1300","0,1300","0,2000","0,0000","0,2700","1,0000",73%,1,Level 1
may 25,CIB,DATA ENGINEERING,UNDERWRITING & COMMERCIAL PROCESS,7556,UNDERWRITING SERVICE,4,4,1,4,0,0,"2,0",4,"0,0000","0,0000","0,0000",0,1.646.491,0,1.628.226,"100,00%","25,00%",-,"50,00%","100,00%","0,1300","0,0325",-,"0,1350","0,2700","0,8000",71%,1,Level 1
may 25,CIB,SW DELIVERY,ACCOUNTING & CORE BANKING,378,ACCOUNTING,4,4,3,4,11,13,"1,0",3,"0,0005","0,0012","-55,8416",1,1.821.712,1,804.439,"100,00%","75,00%","84,62%","33,33%","100,00%","0,1300","0,0975","0,1692","0,0900","0,2700","1,0000",76%,1,Level 1
may 25,CIB,SW DELIVERY,ACCOUNTING & CORE BANKING,5117,CORE BANKING,3,3,3,3,19,21,"0,0",2,"1,6251","1,6251","0,0000",240,147.679,240,147.679,"100,00%","100,00%","90,48%","0,00%","0,00%","0,1300","0,1300","0,1810","0,0000","0,0000","1,0000",44%,0,Not certified
may 25,CIB,SW DELIVERY,EQUITIES,7566,DIGITAL DERIVATIVES: X-ASSET NOTES,12,12,11,11,11,18,"3,0",8,"0,1371","0,0152","800,4596",996,7.262.799,75,4.924.591,"100,00%","100,00%","61,11%","37,50%","0,00%","0,1300","0,1300","0,1222","0,1013","0,0000","1,0000",48%,0,Not certified
may 25,CIB,SW DELIVERY,EQUITIES,7567,CASH EQUITY & MMOO,9,8,6,6,2,2,"6,0",7,"0,0000","0,0000","0,0000",0,623.598,0,624.865,"88,89%","100,00%","100,00%","85,71%","100,00%","0,1156","0,1300","0,2000","0,2314","0,2700","1,0000",95%,1,Level 3
may 25,CIB,SW DELIVERY,EQUITIES,7568,QIS EQUITY FINANCE & CROSS,9,9,5,5,28,31,"6,0",8,"0,2472","0,2472","-0,0028",380,1.537.481,380,1.537.438,"100,00%","100,00%","90,32%","75,00%","0,00%","0,1300","0,1300","0,1806","0,2025","0,0000","1,0000",64%,0,Not certified
may 25,CIB,SW DELIVERY,FIXED INCOME,7578,FI BOOKING & PORTFOLIO MANAGEMENT,1,1,1,1,6,7,"0,0",1,"0,0034","0,0034","0,7122",1,295.857,1,297.964,"100,00%","100,00%","85,71%","0,00%","100,00%","0,1300","0,1300","0,1714","0,0000","0,2700","1,0000",70%,1,Level 1
may 25,CIB,SW DELIVERY,FIXED INCOME,7579,FI PREDEAL & EXECUTION,7,7,5,6,15,23,"1,0",4,"0,0000","0,0000","0,0000",0,2.307.093,0,2.262.004,"100,00%","83,33%","65,22%","25,00%","100,00%","0,1300","0,1083","0,1304","0,0675","0,2700","1,0000",71%,1,Level 1
may 25,CIB,SW DELIVERY,FIXED INCOME,7580,FI POSTDEAL & REPORTING,5,5,4,4,5,6,"1,0",3,"0,0000","0,0000","0,0000",0,747.597,0,742.226,"100,00%","100,00%","83,33%","33,33%","100,00%","0,1300","0,1300","0,1667","0,0900","0,2700","1,0000",79%,1,Level 1
may 25,CIB,SW DELIVERY,FOREIGN EXCHANGE,7572,PRICE DISTRIBUTION AND ORDER MANAGEMENT,3,3,0,0,0,0,"1,0",2,"0,0000","0,0000","0,0000",0,255.093,0,255.093,"100,00%",-,-,"50,00%","100,00%","0,1300",-,-,"0,1350","0,2700","0,6700",80%,1,Level 1
may 25,CIB,SW DELIVERY,FOREIGN EXCHANGE,7573,BOOKING & SETTLEMENT,12,11,6,11,14,21,"0,0",4,"0,0011","0,0011","-0,7659",2,1.840.002,2,1.825.909,"91,67%","54,55%","66,67%","0,00%","100,00%","0,1192","0,0709","0,1333","0,0000","0,2700","1,0000",59%,0,Not certified
may 25,CIB,SW DELIVERY,FOREIGN EXCHANGE,7574,PRICE CONSTRUCTION ACCEPTANCE ARM & SOR,4,2,1,3,0,0,"2,0",3,"0,0000","0,0000","0,0000",0,70,0,70,"50,00%","33,33%",-,"66,67%","100,00%","0,0650","0,0433",-,"0,1800","0,2700","0,8000",70%,0,Not certified
may 25,CIB,SW DELIVERY,GLOBAL MARKETS FRONT OFFICE,7231,CIB ONLINE INTEGRATION,2,1,0,2,21,28,"0,0",2,"0,2524","0,2524","0,0000",60,237.737,60,237.737,"50,00%","0,00%","75,00%","0,00%","0,00%","0,0650","0,0000","0,1500","0,0000","0,0000","1,0000",22%,0,Not certified
may 25,CIB,SW DELIVERY,GLOBAL MARKETS FRONT OFFICE,7576,POSITION KEEPING & RISK MANAGEMENT,2,2,2,2,37,39,"0,0",1,"1,8026","0,0862","1990,2555",34,18.862,2,23.192,"100,00%","100,00%","94,87%","0,00%","0,00%","0,1300","0,1300","0,1897","0,0000","0,0000","1,0000",45%,0,Not certified
may 25,CIB,SW DELIVERY,GLOBAL MARKETS FRONT OFFICE,7577,POSITION KEEPING & RISK MANAGEMENT (LEGACY),2,1,2,2,3,3,"1,0",1,"0,0000","0,0000","0,0000",0,109,0,109,"50,00%","100,00%","100,00%","100,00%","100,00%","0,0650","0,1300","0,2000","0,2700","0,2700","1,0000",94%,1,Level 3
may 25,CIB,SW DELIVERY,GTB & IB&F,7581,GTB,4,4,4,4,3,4,"2,0",4,"0,0000","0,0000","0,0000",0,3.967,0,3.967,"100,00%","100,00%","75,00%","50,00%","100,00%","0,1300","0,1300","0,1500","0,1350","0,2700","1,0000",82%,1,Level 2
may 25,CIB,SW DELIVERY,GTB & IB&F,7582,IB&F,9,9,7,7,5,5,"4,0",5,"0,1708","0,1767","-3,3881",748,4.380.419,773,4.373.450,"100,00%","100,00%","100,00%","80,00%","75,00%","0,1300","0,1300","0,2000","0,2160","0,2025","1,0000",88%,1,Level 2
may 25,CIB,SW DELIVERY,REPOSITORIES AND SUPERVISORY FUNCTIONS,448,REGULATORY & ONBOARDING,1,1,1,1,0,0,"0,0",0,"-99,0000","-99,0000","0,0000",0,0,0,0,"100,00%","100,00%",-,-,-,"0,1300","0,1300",-,-,-,"0,2600",100%,1,Level 3
may 25,CIB,SW DELIVERY,REPOSITORIES AND SUPERVISORY FUNCTIONS,7583,TRANSACTION REPORTING & RECONCILIATIONS,5,5,4,4,20,28,"3,0",5,"0,0000","0,0000","0,0000",0,122.804,0,113.294,"100,00%","100,00%","71,43%","60,00%","100,00%","0,1300","0,1300","0,1429","0,1620","0,2700","1,0000",83%,1,Level 2
may 25,CIB,SW DELIVERY,REPOSITORIES AND SUPERVISORY FUNCTIONS,7584,SUPERVISORY FUNCTIONS,6,5,5,5,11,13,"8,0",8,"0,0000","0,0000","0,0000",0,1.137.187,0,1.137.187,"83,33%","100,00%","84,62%","100,00%","100,00%","0,1083","0,1300","0,1692","0,2700","0,2700","1,0000",95%,1,Level 3
may 25,CIB,SW DELIVERY,REPOSITORIES AND SUPERVISORY FUNCTIONS,7585,REPOSITORIES,8,8,8,8,6,6,"3,0",5,"0,0000","0,0359","-100,0000",0,1.215.961,276,7.695.802,"100,00%","100,00%","100,00%","60,00%","100,00%","0,1300","0,1300","0,2000","0,1620","0,2700","1,0000",89%,1,Level 2
may 25,CIB,SW DELIVERY,RISK,7569,MARKET & COUNTERPARTY RISK,10,9,9,10,20,23,"2,0",6,"1,4054","1,4054","0,0000",377,268.258,377,268.258,"90,00%","90,00%","86,96%","33,33%","0,00%","0,1170","0,1170","0,1739","0,0900","0,0000","1,0000",50%,0,Not certified
may 25,CIB,SW DELIVERY,RISK,7570,RISK MEASUREMENT 2.0,1,1,0,1,0,0,"0,0",0,"-99,0000","-99,0000","0,0000",0,0,0,0,"100,00%","0,00%",-,-,-,"0,1300","0,0000",-,-,-,"0,2600",50%,0,Not certified
may 25,CIB,SW DELIVERY,RISK,7571,MARKET DATA & RISK SOLUTIONS,12,11,9,10,23,25,"3,0",7,"0,0328","0,0277","18,2708",218,6.646.321,219,7.896.714,"91,67%","90,00%","92,00%","42,86%","0,00%","0,1192","0,1170","0,1840","0,1157","0,0000","1,0000",54%,0,Not certified
may 25,CIB,SW DELIVERY,RISK,7736,XVA,4,3,2,4,4,8,"1,0",3,"0,0000","0,0000","0,0000",0,282.764,0,836.267,"75,00%","50,00%","50,00%","33,33%","100,00%","0,0975","0,0650","0,1000","0,0900","0,2700","1,0000",62%,0,Not certified
may 25,COLOMBIA,DATA TRANSFORMATION & ENGINEERING,DATA TRANSFORMATION,6018,CLIENT SOLUTIONS - DATA,6,5,6,6,0,0,"3,5",4,"0,0000","0,0000","0,0000",0,186.657,0,186.657,"83,33%","100,00%",-,"87,50%","100,00%","0,1083","0,1300",-,"0,2363","0,2700","0,8000",93%,1,Level 3
may 25,COLOMBIA,DATA TRANSFORMATION & ENGINEERING,DATAHUB,4502,FINANZAS - DATA,3,3,3,3,10,11,"1,0",3,"0,0000","0,0000","0,0000",0,34.286,0,34.153,"100,00%","100,00%","90,91%","33,33%","100,00%","0,1300","0,1300","0,1818","0,0900","0,2700","1,0000",80%,1,Level 2
may 25,COLOMBIA,DATA TRANSFORMATION & ENGINEERING,DATAHUB,4503,RIESGOS - DATA,5,5,5,5,7,8,"4,0",5,"0,0000","0,0000","0,0000",0,3.867,0,3.283,"100,00%","100,00%","87,50%","80,00%","100,00%","0,1300","0,1300","0,1750","0,2160","0,2700","1,0000",92%,1,Level 3
may 25,COLOMBIA,DATA TRANSFORMATION & ENGINEERING,DATAHUB,4506,DATA MODELING & DEVELOPMENT,11,1,11,11,0,0,"8,0",10,"0,0000","0,0000","0,0000",0,18.095,0,17.362,"9,09%","100,00%",-,"80,00%","100,00%","0,0118","0,1300",-,"0,2160","0,2700","0,8000",78%,1,Level 1
may 25,COLOMBIA,DATA TRANSFORMATION & ENGINEERING,DATAHUB,4914,ENGINEERING - DATA,4,3,2,4,0,0,"3,0",4,"0,0000","0,0674","-100,0000",0,465.656,73,1.083.007,"75,00%","50,00%",-,"75,00%","100,00%","0,0975","0,0650",-,"0,2025","0,2700","0,8000",79%,1,Level 1
may 25,COLOMBIA,DATA TRANSFORMATION & ENGINEERING,SALESFORCE,4495,SALESFORCE - DATA,3,3,3,3,1,1,"1,5",3,"0,0253","0,0253","-0,1127",78,3.088.882,78,3.085.401,"100,00%","100,00%","100,00%","50,00%","75,00%","0,1300","0,1300","0,2000","0,1350","0,2025","1,0000",80%,1,Level 1
may 25,COLOMBIA,SYSTEMS ENGINEERING,CFS-FINANZAS-T&C-R&IC,293,T&C,11,11,9,9,1,1,"3,0",4,"0,0610","0,0773","-21,0761",15,245.780,19,245.707,"100,00%","100,00%","100,00%","75,00%","100,00%","0,1300","0,1300","0,2000","0,2025","0,2700","1,0000",93%,1,Level 3
may 25,COLOMBIA,SYSTEMS ENGINEERING,CFS-FINANZAS-T&C-R&IC,294,FINANZAS,16,16,16,16,18,19,"7,0",8,"0,0000","0,0000","0,0000",0,139.856,0,139.458,"100,00%","100,00%","94,74%","87,50%","100,00%","0,1300","0,1300","0,1895","0,2363","0,2700","1,0000",96%,1,Level 3
may 25,COLOMBIA,SYSTEMS ENGINEERING,CFS-FINANZAS-T&C-R&IC,295,CUMPLIMIENTO & AUDITORÍA,13,13,13,13,0,0,"3,0",4,"0,0000","0,0000","0,0000",0,696,0,696,"100,00%","100,00%",-,"75,00%","100,00%","0,1300","0,1300",-,"0,2025","0,2700","0,8000",92%,1,Level 3
may 25,COLOMBIA,SYSTEMS ENGINEERING,CFS-RIESGOS,5127,RIESGOS PARTICULARES,6,6,6,6,5,5,"6,0",6,"0,0000","0,0000","0,0000",0,711.991,0,706.110,"100,00%","100,00%","100,00%","100,00%","100,00%","0,1300","0,1300","0,2000","0,2700","0,2700","1,0000",100%,1,Level 3
may 25,COLOMBIA,SYSTEMS ENGINEERING,CFS-RIESGOS,5130,RIESGOS COBRANZA,2,2,2,2,10,10,"1,0",1,"-99,0000","-99,0000","0,0000",0,0,0,0,"100,00%","100,00%","100,00%","100,00%",-,"0,1300","0,1300","0,2000","0,2700",-,"0,7300",100%,1,Level 3
may 25,COLOMBIA,SYSTEMS ENGINEERING,CFS-RIESGOS,5131,"RIESGOS REPORTING, NORMATIVOS",6,6,6,6,5,5,"3,0",3,"0,0000","0,0000","0,0000",0,51.831,0,51.831,"100,00%","100,00%","100,00%","100,00%","100,00%","0,1300","0,1300","0,2000","0,2700","0,2700","1,0000",100%,1,Level 3
may 25,COLOMBIA,SYSTEMS ENGINEERING,CFS-RIESGOS,6209,RIESGOS PYMES Y MAYORISTAS,6,6,6,6,6,6,"4,0",4,"0,0000","4,2875","-100,0000",0,56.900,671,156.503,"100,00%","100,00%","100,00%","100,00%","100,00%","0,1300","0,1300","0,2000","0,2700","0,2700","1,0000",100%,1,Level 3
may 25,COLOMBIA,SYSTEMS ENGINEERING,CIB & COMEX - FIDUCIARIA - VALORES,456,BACKOFFICE,5,5,5,5,3,3,"0,0",1,"0,0000","0,0000","0,0000",0,793,0,757,"100,00%","100,00%","100,00%","0,00%","100,00%","0,1300","0,1300","0,2000","0,0000","0,2700","1,0000",73%,1,Level 1
may 25,COLOMBIA,SYSTEMS ENGINEERING,CIB & COMEX - FIDUCIARIA - VALORES,457,FIDUCIARIA,7,6,7,7,0,0,"5,5",6,"0,0159","0,0159","0,0000",73,4.582.854,73,4.582.854,"85,71%","100,00%",-,"91,67%","50,00%","0,1114","0,1300",-,"0,2475","0,1350","0,8000",78%,1,Level 1
may 25,COLOMBIA,SYSTEMS ENGINEERING,CIB & COMEX - FIDUCIARIA - VALORES,458,GLOBAL MARKET & COMEX,20,17,17,20,6,6,"8,5",11,"0,0115","0,0115","-0,0152",9,783.926,9,783.807,"85,00%","85,00%","100,00%","77,27%","75,00%","0,1105","0,1105","0,2000","0,2086","0,2025","1,0000",83%,1,Level 2
may 25,COLOMBIA,SYSTEMS ENGINEERING,CIB & COMEX - FIDUCIARIA - VALORES,459,VALORES,4,4,3,3,0,0,"0,5",1,"0,0000","0,0000","0,0000",0,38.691,0,38.691,"100,00%","100,00%",-,"50,00%","100,00%","0,1300","0,1300",-,"0,1350","0,2700","0,8000",83%,1,Level 2
may 25,COLOMBIA,SYSTEMS ENGINEERING,CORE,55,LOANS,9,9,9,9,18,19,"4,0",10,"0,0013","0,0051","-74,2856",4,3.045.487,15,2.936.736,"100,00%","100,00%","94,74%","40,00%","100,00%","0,1300","0,1300","0,1895","0,1080","0,2700","1,0000",83%,1,Level 2
may 25,COLOMBIA,SYSTEMS ENGINEERING,CORE,169,ACCOUNTS,7,7,7,7,13,13,"3,0",3,"0,0000","0,0000","0,0000",0,567.289,0,563.908,"100,00%","100,00%","100,00%","100,00%","100,00%","0,1300","0,1300","0,2000","0,2700","0,2700","1,0000",100%,1,Level 3
may 25,COLOMBIA,SYSTEMS ENGINEERING,CORE,172,PERSONAS Y ARQ. HOST,4,4,4,4,3,3,"1,0",2,"0,0000","0,0000","0,0000",0,231.872,0,232.155,"100,00%","100,00%","100,00%","50,00%","100,00%","0,1300","0,1300","0,2000","0,1350","0,2700","1,0000",87%,1,Level 2
may 25,COLOMBIA,SYSTEMS ENGINEERING,CORE,173,VENTAS ASISTIDAS CAP,2,2,2,2,1,1,"2,0",2,"0,1375","0,1375","0,0000",90,654.352,90,654.352,"100,00%","100,00%","100,00%","100,00%","50,00%","0,1300","0,1300","0,2000","0,2700","0,1350","1,0000",87%,1,Level 2
may 25,COLOMBIA,SYSTEMS ENGINEERING,CORE,174,PROCESS AUTOMATION,18,18,17,17,0,0,"8,0",10,"0,0008","0,0216","-96,3216",2,2.518.849,62,2.872.261,"100,00%","100,00%",-,"80,00%","100,00%","0,1300","0,1300",-,"0,2160","0,2700","0,8000",93%,1,Level 3
may 25,COLOMBIA,SYSTEMS ENGINEERING,CORE,7283,GESTIÓN REMOTA RETAIL,1,1,1,1,31,31,"0,0",1,"0,0000","0,0000","0,0000",0,119.447,0,71.372,"100,00%","100,00%","100,00%","0,00%","100,00%","0,1300","0,1300","0,2000","0,0000","0,2700","1,0000",73%,1,Level 1
may 25,COLOMBIA,SYSTEMS ENGINEERING,CORE,7437,GESTIÓN REMOTA PYMES,0,0,0,0,10,10,"1,0",1,"0,0000","0,0000","0,0000",0,50.699,0,46.474,-,-,"100,00%","100,00%","100,00%",-,-,"0,2000","0,2700","0,2700","0,7400",100%,1,Level 3
may 25,COLOMBIA,SYSTEMS ENGINEERING,DATA TRANSFORMATION,111,CLIENT SOLUTIONS,1,1,1,1,0,0,"1,0",1,"-99,0000","-99,0000","0,0000",0,0,0,0,"100,00%","100,00%",-,"100,00%",-,"0,1300","0,1300",-,"0,2700",-,"0,5300",100%,1,Level 3
may 25,COLOMBIA,SYSTEMS ENGINEERING,DevOps,6110,TESTING TOOLS,4,4,0,4,0,0,"0,0",0,"-99,0000","-99,0000","0,0000",0,0,0,0,"100,00%","0,00%",-,-,-,"0,1300","0,0000",-,-,-,"0,2600",50%,0,Not certified
may 25,COLOMBIA,SYSTEMS ENGINEERING,DevOps,6136,DEVOPS - CI/CD,0,0,0,0,0,0,"0,0",0,"-99,0000","0,0000","0,0000",0,0,0,802,-,-,-,-,-,-,-,-,-,-,"0,0000",No tiene el mínimo para calcular indicadores,-,-
may 25,COLOMBIA,SYSTEMS ENGINEERING,DevOps,7207,Z COLOMBIA,0,0,0,0,0,0,"0,0",0,"-99,0000","-99,0000","0,0000",0,0,0,0,-,-,-,-,-,-,-,-,-,-,"0,0000",No tiene el mínimo para calcular indicadores,-,-
may 25,COLOMBIA,SYSTEMS ENGINEERING,ENTERPRISE,175,PAYMENTS,11,9,11,11,21,22,"8,0",8,"0,0000","0,0000","0,0000",0,807.191,0,773.868,"81,82%","100,00%","95,45%","100,00%","100,00%","0,1064","0,1300","0,1909","0,2700","0,2700","1,0000",97%,1,Level 3
may 25,COLOMBIA,SYSTEMS ENGINEERING,ENTERPRISE,395,ENTERPRISE WEB CHANNEL,7,5,7,7,21,23,"2,5",6,"0,0601","0,0608","-1,1037",324,5.390.424,324,5.330.932,"71,43%","100,00%","91,30%","41,67%","75,00%","0,0929","0,1300","0,1826","0,1125","0,2025","1,0000",72%,1,Level 1
may 25,COLOMBIA,SYSTEMS ENGINEERING,ENTERPRISE,396,TRANSACCIONALIDAD,6,6,6,6,3,3,"5,0",6,"0,0084","0,0085","-0,6637",9,1.067.127,9,1.060.045,"100,00%","100,00%","100,00%","83,33%","75,00%","0,1300","0,1300","0,2000","0,2250","0,2025","1,0000",89%,1,Level 2
may 25,COLOMBIA,SYSTEMS ENGINEERING,ENTERPRISE,5209,ENTERPRISE MOBILE (GEMA),2,2,2,2,16,16,"0,0",1,"0,0000","0,0000","0,0000",0,70.150,0,70.150,"100,00%","100,00%","100,00%","0,00%","100,00%","0,1300","0,1300","0,2000","0,0000","0,2700","1,0000",73%,1,Level 1
may 25,COLOMBIA,SYSTEMS ENGINEERING,ENTERPRISE,6667,SOLUCIONES FINANCIERAS,3,3,3,3,1,1,"0,0",2,"0,0000","0,0000","0,0000",0,28.755,0,28.755,"100,00%","100,00%","100,00%","0,00%","100,00%","0,1300","0,1300","0,2000","0,0000","0,2700","1,0000",73%,1,Level 1
may 25,COLOMBIA,SYSTEMS ENGINEERING,RETAIL,85,OPEN MARKET,8,6,6,8,4,5,"3,5",5,"0,0145","0,0146","-1,0450",35,2.415.876,35,2.390.630,"75,00%","75,00%","80,00%","70,00%","75,00%","0,0975","0,0975","0,1600","0,1890","0,2025","1,0000",75%,1,Level 1
may 25,COLOMBIA,SYSTEMS ENGINEERING,RETAIL,340,NET,3,3,3,3,0,0,"2,0",3,"0,0000","0,0000","0,0000",0,3.346.569,0,3.399.251,"100,00%","100,00%",-,"66,67%","100,00%","0,1300","0,1300",-,"0,1800","0,2700","0,8000",89%,1,Level 2
may 25,COLOMBIA,SYSTEMS ENGINEERING,RETAIL,341,OFICINA,10,10,10,10,3,3,"7,5",8,"0,0000","0,0000","0,0000",0,958.738,0,950.835,"100,00%","100,00%","100,00%","93,75%","100,00%","0,1300","0,1300","0,2000","0,2531","0,2700","1,0000",98%,1,Level 3
may 25,COLOMBIA,SYSTEMS ENGINEERING,RETAIL,343,MÓVIL RETAIL,1,1,1,1,28,34,"1,0",1,"0,0000","0,0000","0,0000",0,87.772,0,87.759,"100,00%","100,00%","82,35%","100,00%","100,00%","0,1300","0,1300","0,1647","0,2700","0,2700","1,0000",96%,1,Level 3
may 25,COLOMBIA,SYSTEMS ENGINEERING,RETAIL,4010,FRAUDE,1,1,1,1,0,0,"1,0",1,"0,0000","0,0000","0,0000",0,31.349,0,31.349,"100,00%","100,00%",-,"100,00%","100,00%","0,1300","0,1300",-,"0,2700","0,2700","0,8000",100%,1,Level 3
may 25,COLOMBIA,SYSTEMS ENGINEERING,RETAIL,4065,CANALES ASISTIDOS IVR/CBs,2,2,2,2,6,6,"1,5",2,"0,0000","0,0000","0,0000",0,126.857,0,136.515,"100,00%","100,00%","100,00%","75,00%","100,00%","0,1300","0,1300","0,2000","0,2025","0,2700","1,0000",93%,1,Level 3
may 25,COLOMBIA,SYSTEMS ENGINEERING,RETAIL,4066,CANALES ASISTIDOS ATMs/RPA,2,2,2,2,0,0,"1,0",1,"0,0000","0,0000","0,0000",0,12.140,0,12.140,"100,00%","100,00%",-,"100,00%","100,00%","0,1300","0,1300",-,"0,2700","0,2700","0,8000",100%,1,Level 3
may 25,COLOMBIA,SYSTEMS ENGINEERING,RETAIL,5088,ANTIFRAUDE,6,6,6,6,0,0,"4,5",5,"0,0342","0,0337","1,4248",30,876.765,30,889.257,"100,00%","100,00%",-,"90,00%","25,00%","0,1300","0,1300",-,"0,2430","0,0675","0,8000",71%,1,Level 1
may 25,COLOMBIA,SYSTEMS ENGINEERING,SALESFORCE,6371,SALESFORCE,6,4,6,6,1,1,"1,0",2,"0,0000","0,0000","0,0000",0,19.677,0,19.677,"66,67%","100,00%","100,00%","50,00%","100,00%","0,0867","0,1300","0,2000","0,1350","0,2700","1,0000",82%,1,Level 2
may 25,COLOMBIA,SYSTEMS ENGINEERING,SEGUROS,4061,SEGUROS SISTEMAS ESPECIALIZADOS,3,3,3,3,0,5,"1,5",2,"0,0000","0,0000","0,0000",0,144.967,0,142.707,"100,00%","100,00%","0,00%","75,00%","100,00%","0,1300","0,1300","0,0000","0,2025","0,2700","1,0000",73%,1,Level 1
may 25,COLOMBIA,SYSTEMS ENGINEERING,SEGUROS,4063,SEGUROS AUTOMATION,7,7,7,7,0,8,"1,0",6,"0,0000","-99,0000","0,0000",0,146,0,0,"100,00%","100,00%","0,00%","16,67%","100,00%","0,1300","0,1300","0,0000","0,0450","0,2700","1,0000",58%,0,Not certified
may 25,COLOMBIA,SYSTEMS ENGINEERING,SEGUROS,6650,SEGUROS PROCESOS,6,6,6,6,0,0,"3,5",4,"0,0000","0,0000","0,0000",0,10.697,0,15.073,"100,00%","100,00%",-,"87,50%","100,00%","0,1300","0,1300",-,"0,2363","0,2700","0,8000",96%,1,Level 3
may 25,COLOMBIA,SYSTEMS ENGINEERING,SEGUROS,6651,SEGUROS FINANCIERO,4,4,4,4,0,1,"0,5",1,"0,0000","0,0000","0,0000",0,5.896,0,4.772,"100,00%","100,00%","0,00%","50,00%","100,00%","0,1300","0,1300","0,0000","0,1350","0,2700","1,0000",67%,0,Not certified
may 25,COLOMBIA,SYSTEMS ENGINEERING,SEGUROS,6652,BUSINESS CORE,3,3,3,3,0,7,"0,0",3,"0,5253","0,5265","-0,2210",982,1.869.379,982,1.865.248,"100,00%","100,00%","0,00%","0,00%","0,00%","0,1300","0,1300","0,0000","0,0000","0,0000","1,0000",26%,0,Not certified
may 25,COMMERCIAL CLIENT SOLUTIONS,CHANNELS & PROCESSES,COREX & BANKING PLATFORM EVOLUTION,134,INFRA MULTICANAL EMPRESAS,1,0,5,6,0,0,"3,0",6,"0,0915","0,1273","-28,1331",263,2.874.734,878,6.897.081,"0,00%","83,33%",-,"50,00%","100,00%","0,0000","0,1083",-,"0,1350","0,2700","0,8000",64%,0,Not certified
may 25,COMMERCIAL CLIENT SOLUTIONS,CHANNELS & PROCESSES,COREX & BANKING PLATFORM EVOLUTION,260,DIGITAL SIGNING,1,1,1,1,0,0,"1,0",1,"0,0000","0,0000","0,0000",0,66.419,0,46.569,"100,00%","100,00%",-,"100,00%","100,00%","0,1300","0,1300",-,"0,2700","0,2700","0,8000",100%,1,Level 3
may 25,COMMERCIAL CLIENT SOLUTIONS,CHANNELS & PROCESSES,COREX & BANKING PLATFORM EVOLUTION,261,ALERTAS FX,1,1,1,1,0,0,"0,0",0,"0,0000","0,0000","0,0000",0,12.942,0,12.942,"100,00%","100,00%",-,-,"100,00%","0,1300","0,1300",-,-,"0,2700","0,5300",100%,1,Level 3
may 25,COMMERCIAL CLIENT SOLUTIONS,CHANNELS & PROCESSES,COREX & BANKING PLATFORM EVOLUTION,4958,FACTORÍA ENTERPRISE CLIENTS AMERICA,0,0,1,1,7,7,"0,0",1,"0,0000","0,0000","0,0000",0,29.145,0,24.625,-,"100,00%","100,00%","0,00%","100,00%",-,"0,1300","0,2000","0,0000","0,2700","0,8700",69%,0,Not certified
may 25,COMMERCIAL CLIENT SOLUTIONS,CHANNELS & PROCESSES,COREX & BANKING PLATFORM EVOLUTION,6762,FX SMART HEDGING,0,0,1,1,0,0,"0,0",0,"0,0000","0,0000","0,0000",0,105.320,0,105.320,-,"100,00%",-,-,"100,00%",-,"0,1300",-,-,"0,2700","0,4000",100%,1,Level 3
may 25,COMMERCIAL CLIENT SOLUTIONS,CHANNELS & PROCESSES,COREX & BANKING PLATFORM EVOLUTION,7184,PROCESOS ONBOARDING & CONTRATACIÓN,0,0,1,1,0,0,"1,0",1,"-99,0000","-99,0000","0,0000",0,0,0,0,-,"100,00%",-,"100,00%",-,-,"0,1300",-,"0,2700",-,"0,4000",100%,1,Level 3
may 25,COMMERCIAL CLIENT SOLUTIONS,CHANNELS & PROCESSES,COREX & BANKING PLATFORM EVOLUTION,7395,CREDIT EXPERIENCE,0,0,0,2,0,0,"1,0",1,"0,0000","0,0000","0,0000",0,2.939,0,1.207,-,"0,00%",-,"100,00%","100,00%",-,"0,0000",-,"0,2700","0,2700","0,6700",81%,1,Level 2
may 25,COMMERCIAL CLIENT SOLUTIONS,CHANNELS & PROCESSES,DIGITAL CHANNELS,388,PLATAFORMA SENDA,0,0,4,5,17,17,"4,0",5,"0,0007","0,0007","-0,9207",2,3.040.035,2,3.012.046,-,"80,00%","100,00%","80,00%","100,00%",-,"0,1040","0,2000","0,2160","0,2700","0,8700",91%,1,Level 3
may 25,COMMERCIAL CLIENT SOLUTIONS,CHANNELS & PROCESSES,DIGITAL CHANNELS,389,PLATAFORMA GEMA,0,0,1,1,15,15,"1,0",1,"0,0000","0,0000","0,0000",0,1.415.831,0,1.420.135,-,"100,00%","100,00%","100,00%","100,00%",-,"0,1300","0,2000","0,2700","0,2700","0,8700",100%,1,Level 3
may 25,COMMERCIAL CLIENT SOLUTIONS,CHANNELS & PROCESSES,EMBEDDED FINANCE,390,PLATAFORMA API CHANNEL,0,0,1,1,9,9,"0,0",1,"0,0000","0,0000","0,0000",0,251.392,0,251.605,-,"100,00%","100,00%","0,00%","100,00%",-,"0,1300","0,2000","0,0000","0,2700","0,8700",69%,0,Not certified
may 25,COMMERCIAL CLIENT SOLUTIONS,CHANNELS & PROCESSES,GLOBAL CHANNELS,344,PIVOT NET,6,6,6,6,2,2,"3,5",5,"0,1969","0,1875","5,0319",731,3.712.558,1.121,5.979.746,"100,00%","100,00%","100,00%","70,00%","25,00%","0,1300","0,1300","0,2000","0,1890","0,0675","1,0000",72%,1,Level 1
may 25,COMMERCIAL CLIENT SOLUTIONS,CHANNELS & PROCESSES,GLOBAL CHANNELS,348,INFRAESTRUCTURA MULTICANAL ALPHA,19,19,19,19,5,5,"4,0",4,"0,0000","0,0139","-100,0000",0,130.964,4,288.458,"100,00%","100,00%","100,00%","100,00%","100,00%","0,1300","0,1300","0,2000","0,2700","0,2700","1,0000",100%,1,Level 3
may 25,COMMERCIAL CLIENT SOLUTIONS,CHANNELS & PROCESSES,GLOBAL CHANNELS,4779,GLOBAL CHANNELS,3,3,2,2,2,2,"3,0",3,"0,0000","0,0000","0,0000",0,14.576,0,57.187,"100,00%","100,00%","100,00%","100,00%","100,00%","0,1300","0,1300","0,2000","0,2700","0,2700","1,0000",100%,1,Level 3
may 25,COMMERCIAL CLIENT SOLUTIONS,CHANNELS & PROCESSES,SERVICING & CLIENT EXPERIENCE TRANSFORMATION,259,SERVICE BANKERS'S TOOLS - DWP,1,0,0,1,0,0,"1,0",1,"-99,0000","-99,0000","0,0000",0,0,0,0,"0,00%","0,00%",-,"100,00%",-,"0,0000","0,0000",-,"0,2700",-,"0,5300",51%,0,Not certified
may 25,COMMERCIAL CLIENT SOLUTIONS,CHANNELS & PROCESSES,SERVICING & CLIENT EXPERIENCE TRANSFORMATION,4358,PIVOT IMPLEMENTATION,1,1,1,1,1,1,"1,0",1,"0,0000","0,0000","0,0000",0,223.709,0,218.938,"100,00%","100,00%","100,00%","100,00%","100,00%","0,1300","0,1300","0,2000","0,2700","0,2700","1,0000",100%,1,Level 3
may 25,COMMERCIAL CLIENT SOLUTIONS,CHANNELS & PROCESSES,SERVICING & CLIENT EXPERIENCE TRANSFORMATION,7210,PRODUCTIVIDAD Y DEVOPS,0,0,0,1,0,0,"0,0",1,"0,0000","0,0000","0,0000",0,56.261,0,55.418,-,"0,00%",-,"0,00%","100,00%",-,"0,0000",-,"0,0000","0,2700","0,6700",40%,0,Not certified
may 25,COMMERCIAL CLIENT SOLUTIONS,SUSTAINABILITY RELATIONSHIP MODELS & SPARK,BBVA SPARK,7429,HERRAMIENTAS SPARK,0,0,2,2,2,2,"2,5",3,"0,0000","0,0000","0,0000",0,40.971,0,37.340,-,"100,00%","100,00%","83,33%","100,00%",-,"0,1300","0,2000","0,2250","0,2700","0,8700",95%,1,Level 3
may 25,COMMERCIAL CLIENT SOLUTIONS,SUSTAINABILITY RELATIONSHIP MODELS & SPARK,RELATIONSHIP MODELS,259,SERVICE BANKERS'S TOOLS - DWP,1,1,2,2,2,2,"0,0",1,"0,0019","0,0019","0,0000",2,1.033.734,2,1.033.734,"100,00%","100,00%","100,00%","0,00%","100,00%","0,1300","0,1300","0,2000","0,0000","0,2700","1,0000",73%,1,Level 1
may 25,COMMERCIAL CLIENT SOLUTIONS,SUSTAINABILITY RELATIONSHIP MODELS & SPARK,RELATIONSHIP MODELS,4961,GESTOR DE INTERVINIENTES,1,1,1,1,0,0,"0,0",0,"-99,0000","-99,0000","0,0000",0,0,0,0,"100,00%","100,00%",-,-,-,"0,1300","0,1300",-,-,-,"0,2600",100%,1,Level 3
may 25,COMMERCIAL CLIENT SOLUTIONS,SUSTAINABILITY RELATIONSHIP MODELS & SPARK,RELATIONSHIP MODELS,6335,INTERNATIONAL CROSSBORDER COORDINATION TOOL,1,1,1,1,0,0,"0,0",1,"1,4634","1,3638","7,3016",484,330.737,484,354.886,"100,00%","100,00%",-,"0,00%","0,00%","0,1300","0,1300",-,"0,0000","0,0000","0,8000",33%,0,Not certified
may 25,COMMERCIAL CLIENT SOLUTIONS,SUSTAINABILITY RELATIONSHIP MODELS & SPARK,SUSTAINABILITY,388,PLATAFORMA SENDA,0,0,1,1,0,0,"1,0",1,"0,0000","0,0000","0,0000",0,86.745,0,85.830,-,"100,00%",-,"100,00%","100,00%",-,"0,1300",-,"0,2700","0,2700","0,6700",100%,1,Level 3
may 25,COMMERCIAL CLIENT SOLUTIONS,VALUE PROPOSITION,DOMESTIC TREASURY MANAGEMENT,349,PLATAFORMA ETPB,0,0,1,1,33,35,"1,0",1,"0,0000","0,0000","0,0000",0,1.065.266,0,1.030.579,-,"100,00%","94,29%","100,00%","100,00%",-,"0,1300","0,1886","0,2700","0,2700","0,8700",99%,1,Level 3
may 25,COMMERCIAL CLIENT SOLUTIONS,VALUE PROPOSITION,HIGH VALUE SOLUTIONS,98,FINANCIACIÓN ESPECIALIZADA,0,0,0,1,0,0,"0,0",1,"0,0000","0,0000","0,0000",0,2.157,0,1.655,-,"0,00%",-,"0,00%","100,00%",-,"0,0000",-,"0,0000","0,2700","0,6700",40%,0,Not certified
may 25,COMMERCIAL CLIENT SOLUTIONS,VALUE PROPOSITION,HIGH VALUE SOLUTIONS,7699,TRADE FINANCE,1,1,1,1,0,0,"1,0",1,"0,0000","0,0000","0,0000",0,6.750,0,6.745,"100,00%","100,00%",-,"100,00%","100,00%","0,1300","0,1300",-,"0,2700","0,2700","0,8000",100%,1,Level 3
may 25,COMMERCIAL CLIENT SOLUTIONS,VALUE PROPOSITION,INTERNATIONAL TREASURY MANAGEMENT,345,PIVOT CONNECT,2,2,2,2,16,16,"2,0",2,"0,0000","0,0000","0,0000",0,609.845,0,255.049,"100,00%","100,00%","100,00%","100,00%","100,00%","0,1300","0,1300","0,2000","0,2700","0,2700","1,0000",100%,1,Level 3
may 25,COMMERCIAL CLIENT SOLUTIONS,VALUE PROPOSITION,INTERNATIONAL TREASURY MANAGEMENT,7135,Pivot Data,0,0,1,1,0,0,"0,0",0,"-99,0000","-99,0000","0,0000",0,0,0,0,-,"100,00%",-,-,-,-,"0,1300",-,-,-,"0,1300",100%,1,Level 3
may 25,COMMERCIAL CLIENT SOLUTIONS,VALUE PROPOSITION,LIQUIDITY MANAGEMENT,345,PIVOT CONNECT,2,2,2,2,12,12,"2,0",2,"0,0000","0,0000","0,0000",0,1.209.803,0,1.193.553,"100,00%","100,00%","100,00%","100,00%","100,00%","0,1300","0,1300","0,2000","0,2700","0,2700","1,0000",100%,1,Level 3
may 25,COMMERCIAL CLIENT SOLUTIONS,VALUE PROPOSITION,VAM SCF CARDS,346,PIVOT - COMMERCIAL CARD,1,1,1,1,2,2,"1,0",1,"0,0000","0,0000","0,0000",0,715.350,0,711.455,"100,00%","100,00%","100,00%","100,00%","100,00%","0,1300","0,1300","0,2000","0,2700","0,2700","1,0000",100%,1,Level 3
may 25,COMMERCIAL CLIENT SOLUTIONS,VALUE PROPOSITION,VAM SCF CARDS,347,PIVOT - GLOBAL SUPPLY CHAIN FINANCE,1,1,1,1,0,0,"1,0",1,"0,0000","0,0000","0,0000",0,9.125,0,9.125,"100,00%","100,00%",-,"100,00%","100,00%","0,1300","0,1300",-,"0,2700","0,2700","0,8000",100%,1,Level 3
may 25,COMMERCIAL CLIENT SOLUTIONS,VALUE PROPOSITION,VAM SCF CARDS,6141,PIVOT - VIRTUAL ACCOUNTS,1,1,1,1,2,2,"1,0",1,"0,0000","0,0000","0,0000",0,55.788,0,55.387,"100,00%","100,00%","100,00%","100,00%","100,00%","0,1300","0,1300","0,2000","0,2700","0,2700","1,0000",100%,1,Level 3
may 25,COMMERCIAL CLIENT SOLUTIONS,VALUE PROPOSITION,VAM SCF CARDS,7423,GLOBAL SCF (LOCAL MULTICOUNTRY),0,0,0,1,0,0,"1,0",1,"0,0000","-99,0000","0,0000",0,137,0,0,-,"0,00%",-,"100,00%","100,00%",-,"0,0000",-,"0,2700","0,2700","0,6700",81%,1,Level 2
may 25,COMMERCIAL CLIENT SOLUTIONS,VALUE PROPOSITION,VAM SCF CARDS,7424,BBVA CONNECTA,0,0,0,1,0,0,"0,0",1,"0,0000","0,0000","0,0000",0,1.102,0,378,-,"0,00%",-,"0,00%","100,00%",-,"0,0000",-,"0,0000","0,2700","0,6700",40%,0,Not certified
may 25,DATA ENGINEERING,DATA ENGINEERING,DATA HUB,400,CS INGESTAS,2,2,4,4,87,91,"2,0",4,"0,0000","0,0000","0,0000",0,32.061,0,38.595,"100,00%","100,00%","95,60%","50,00%","100,00%","0,1300","0,1300","0,1912","0,1350","0,2700","1,0000",86%,1,Level 2
may 25,DATA ENGINEERING,DATA ENGINEERING,DATA HUB,401,HERRAMIENTAS DATA,7,7,6,7,36,38,"5,0",7,"0,1113","0,1058","5,1940",432,3.880.660,520,4.913.783,"100,00%","85,71%","94,74%","71,43%","25,00%","0,1300","0,1114","0,1895","0,1929","0,0675","1,0000",69%,0,Not certified
may 25,DATA ENGINEERING,DATA ENGINEERING,DATA HUB,402,"T&C, CROSS Y ENGINEERING INGESTAS",1,1,1,1,23,23,"0,0",1,"0,0000","0,0000","0,0000",0,35.329,0,39.710,"100,00%","100,00%","100,00%","0,00%","100,00%","0,1300","0,1300","0,2000","0,0000","0,2700","1,0000",73%,1,Level 1
may 25,DATA ENGINEERING,DATA ENGINEERING,DATA HUB,403,VISUAL CLIENT,1,1,1,1,0,0,"0,0",0,"0,0000","0,0000","0,0000",0,135.612,0,135.612,"100,00%","100,00%",-,-,"100,00%","0,1300","0,1300",-,-,"0,2700","0,5300",100%,1,Level 3
may 25,DATA ENGINEERING,DATA ENGINEERING,DATA HUB,404,DE PLATAFORMA INFORMACIONAL HOLDING (HIS Y MAESTROS),1,1,1,1,0,0,"0,0",0,"0,0000","0,0000","0,0000",0,112.683,0,112.683,"100,00%","100,00%",-,-,"100,00%","0,1300","0,1300",-,-,"0,2700","0,5300",100%,1,Level 3
may 25,DATA ENGINEERING,DATA ENGINEERING,DATA HUB,405,DATAHUB R&F,3,3,1,3,77,79,"2,0",3,"0,0000","0,0000","0,0000",0,119.469,0,123.469,"100,00%","33,33%","97,47%","66,67%","100,00%","0,1300","0,0433","0,1949","0,1800","0,2700","1,0000",82%,1,Level 2
may 25,DATA ENGINEERING,DATA ENGINEERING,DATA HUB,406,GDH ALPHA,1,1,1,1,13,15,"0,0",1,"0,0000","0,0000","0,0000",0,758.855,0,752.889,"100,00%","100,00%","86,67%","0,00%","100,00%","0,1300","0,1300","0,1733","0,0000","0,2700","1,0000",70%,1,Level 1
may 25,DATA ENGINEERING,DATA ENGINEERING,DATA HUB,5504,DQ HOLDING,1,1,1,1,0,0,"0,0",1,"0,0000","0,0000","0,0000",0,2.955,0,2.955,"100,00%","100,00%",-,"0,00%","100,00%","0,1300","0,1300",-,"0,0000","0,2700","0,8000",66%,0,Not certified
may 25,DATA ENGINEERING,DATA ENGINEERING,DATA HUB,6136,DEVOPS - CI/CD,1,1,0,1,0,0,"0,0",1,"0,0000","0,0000","0,0000",0,718,0,651,"100,00%","0,00%",-,"0,00%","100,00%","0,1300","0,0000",-,"0,0000","0,2700","0,8000",50%,0,Not certified
may 25,ESPAÑA,DATA ENGINEERING,DATA HUB,392,TERADATA SYSTEMS,1,1,1,1,5,5,"0,0",1,"0,1395","0,1409","-0,9907",183,1.311.836,183,1.298.840,"100,00%","100,00%","100,00%","0,00%","75,00%","0,1300","0,1300","0,2000","0,0000","0,2025","1,0000",66%,0,Not certified
may 25,ESPAÑA,DATA ENGINEERING,DATA HUB,5709,Riesgos & Finanzas,3,3,2,3,77,81,"1,0",2,"0,0000","0,0000","0,0000",0,54.565,0,47.648,"100,00%","66,67%","95,06%","50,00%","100,00%","0,1300","0,0867","0,1901","0,1350","0,2700","1,0000",81%,1,Level 2
may 25,ESPAÑA,DATA ENGINEERING,DATA HUB,5710,Cs & Sostenibilidad,4,4,4,4,128,128,"3,0",4,"0,0000","0,0010","-100,0000",0,137.838,2,2.046.551,"100,00%","100,00%","100,00%","75,00%","100,00%","0,1300","0,1300","0,2000","0,2025","0,2700","1,0000",93%,1,Level 3
may 25,ESPAÑA,DATA ENGINEERING,DATA HUB,5711,Cross System,1,0,1,1,18,18,"0,0",1,"0,0000","0,0000","0,0000",0,105.154,0,106.207,"0,00%","100,00%","100,00%","0,00%","100,00%","0,0000","0,1300","0,2000","0,0000","0,2700","1,0000",60%,0,Not certified
may 25,ESPAÑA,DATA ENGINEERING,Data Modelling,5713,SDM,2,2,2,2,92,92,"0,0",2,"0,0000","0,0000","0,0000",0,12.549,0,10.051,"100,00%","100,00%","100,00%","0,00%","100,00%","0,1300","0,1300","0,2000","0,0000","0,2700","1,0000",73%,1,Level 1
may 25,ESPAÑA,SYSTEMS ENGINEERING,ALPHA,52,CLIENTS REGULATORY COMPLIANCE,3,3,3,3,3,3,"3,0",3,"0,0000","0,0000","0,0000",0,759.246,0,754.200,"100,00%","100,00%","100,00%","100,00%","100,00%","0,1300","0,1300","0,2000","0,2700","0,2700","1,0000",100%,1,Level 3
may 25,ESPAÑA,SYSTEMS ENGINEERING,ALPHA,71,BACKEND,3,3,3,3,15,15,"0,0",3,"0,0045","0,0088","-48,5396",7,1.553.012,13,1.484.202,"100,00%","100,00%","100,00%","0,00%","100,00%","0,1300","0,1300","0,2000","0,0000","0,2700","1,0000",73%,1,Level 1
may 25,ESPAÑA,SYSTEMS ENGINEERING,ALPHA,157,CLIENTS,3,2,2,3,5,5,"3,0",3,"0,0000","0,0000","0,0000",0,70.602,0,70.562,"66,67%","66,67%","100,00%","100,00%","100,00%","0,0867","0,0867","0,2000","0,2700","0,2700","1,0000",91%,1,Level 3
may 25,ESPAÑA,SYSTEMS ENGINEERING,ALPHA,431,ALPHA CORE PLATFORM,3,3,2,2,14,14,"2,0",3,"0,0000","0,0000","0,0000",0,44.852,0,39.125,"100,00%","100,00%","100,00%","66,67%","100,00%","0,1300","0,1300","0,2000","0,1800","0,2700","1,0000",91%,1,Level 3
may 25,ESPAÑA,SYSTEMS ENGINEERING,CONSUMER FINANCE SYSTEMS,53,CONSUMER FINANCE,1,1,1,1,3,6,"1,0",1,"0,1881","0,1846","1,9246",216,1.148.109,216,1.170.206,"100,00%","100,00%","50,00%","100,00%","25,00%","0,1300","0,1300","0,1000","0,2700","0,0675","1,0000",70%,0,Not certified
may 25,ESPAÑA,SYSTEMS ENGINEERING,CONSUMER FINANCE SYSTEMS,266,CONSUMER FINANCE CHANNEL,4,4,4,4,0,0,"2,0",4,"0,0624","0,0658","-5,2082",134,2.147.784,138,2.096.698,"100,00%","100,00%",-,"50,00%","75,00%","0,1300","0,1300",-,"0,1350","0,2025","0,8000",75%,1,Level 1
may 25,ESPAÑA,SYSTEMS ENGINEERING,CONSUMER FINANCE SYSTEMS,267,COBRANDED,4,4,2,4,6,7,"3,0",4,"0,0527","0,0723","-27,1486",97,1.841.534,133,1.839.491,"100,00%","50,00%","85,71%","75,00%","100,00%","0,1300","0,0650","0,1714","0,2025","0,2700","1,0000",84%,1,Level 2
may 25,ESPAÑA,SYSTEMS ENGINEERING,CONSUMER FINANCE SYSTEMS,268,RED DE AGENTES,1,1,1,1,2,2,"1,0",1,"0,0000","0,0000","0,0000",0,1.011.420,0,1.026.179,"100,00%","100,00%","100,00%","100,00%","100,00%","0,1300","0,1300","0,2000","0,2700","0,2700","1,0000",100%,1,Level 3
may 25,ESPAÑA,SYSTEMS ENGINEERING,CORE BANKING PRODUCTS,425,"VALORES, FONDOS INTERNACIONALES, DEPOSITARÍA Y ACCIONISTAS",13,12,12,12,34,34,"6,0",11,"0,0844","0,2699","-68,7397",269,3.188.267,1.140,4.223.767,"92,31%","100,00%","100,00%","54,55%","100,00%","0,1200","0,1300","0,2000","0,1473","0,2700","1,0000",87%,1,Level 2
may 25,ESPAÑA,SYSTEMS ENGINEERING,CORE BANKING PRODUCTS,428,VENTA DE CARTERAS,1,0,1,1,6,13,"1,0",1,"0,0000","0,0000","0,0000",0,243.112,0,237.153,"0,00%","100,00%","46,15%","100,00%","100,00%","0,0000","0,1300","0,0923","0,2700","0,2700","1,0000",76%,1,Level 1
may 25,ESPAÑA,SYSTEMS ENGINEERING,CORE BANKING PRODUCTS,430,FINANCIACIÓN,9,9,9,9,15,17,"8,0",9,"0,0007","0,0007","0,6710",1,1.334.867,1,1.343.824,"100,00%","100,00%","88,24%","88,89%","100,00%","0,1300","0,1300","0,1765","0,2400","0,2700","1,0000",95%,1,Level 3
may 25,ESPAÑA,SYSTEMS ENGINEERING,CORE CROSS SYSTEMS,128,CCS PRICING,4,2,4,4,2,3,"3,0",3,"0,0000","0,0000","0,0000",0,200.216,0,202.617,"50,00%","100,00%","66,67%","100,00%","100,00%","0,0650","0,1300","0,1333","0,2700","0,2700","1,0000",87%,1,Level 2
may 25,ESPAÑA,SYSTEMS ENGINEERING,CORE CROSS SYSTEMS,129,TRANSFORMACIÓN DE OPERACIONES,8,8,8,8,0,0,"4,5",7,"0,1205","0,1135","6,1419",482,3.999.764,404,3.558.406,"100,00%","100,00%",-,"64,29%","25,00%","0,1300","0,1300",-,"0,1736","0,0675","0,8000",63%,0,Not certified
may 25,ESPAÑA,SYSTEMS ENGINEERING,CORE CROSS SYSTEMS,130,INFRAESTRUCTURA OPERACIONAL,4,4,4,4,4,5,"2,0",4,"0,0000","0,0000","0,0000",0,301.437,0,300.416,"100,00%","100,00%","80,00%","50,00%","100,00%","0,1300","0,1300","0,1600","0,1350","0,2700","1,0000",83%,1,Level 2
may 25,ESPAÑA,SYSTEMS ENGINEERING,CORE CROSS SYSTEMS,131,CONTRATACIÓN,4,4,4,4,9,11,"4,0",4,"0,0595","0,0597","-0,2557",425,7.141.765,425,7.123.504,"100,00%","100,00%","81,82%","100,00%","75,00%","0,1300","0,1300","0,1636","0,2700","0,2025","1,0000",90%,1,Level 2
may 25,ESPAÑA,SYSTEMS ENGINEERING,CORE CROSS SYSTEMS,132,"DOC, TTGG, LIQUIDACIÓN",3,3,3,3,18,19,"2,0",3,"0,0000","0,0000","0,0000",0,339.395,0,231.989,"100,00%","100,00%","94,74%","66,67%","100,00%","0,1300","0,1300","0,1895","0,1800","0,2700","1,0000",90%,1,Level 2
may 25,ESPAÑA,SYSTEMS ENGINEERING,CORE CROSS SYSTEMS,133,MODELO DE DIRECCIÓN Y GESTIÓN,5,5,5,5,5,5,"4,0",4,"0,0000","0,0638","-100,0000",0,39.849,6,94.060,"100,00%","100,00%","100,00%","100,00%","100,00%","0,1300","0,1300","0,2000","0,2700","0,2700","1,0000",100%,1,Level 3
may 25,ESPAÑA,SYSTEMS ENGINEERING,CORPORATE FUNCTIONS SYSTEMS,4,RIESGOS DE CRÉDITO,8,8,6,6,27,27,"9,0",9,"0,0015","0,0019","-20,0719",4,2.637.364,4,2.107.994,"100,00%","100,00%","100,00%","100,00%","100,00%","0,1300","0,1300","0,2000","0,2700","0,2700","1,0000",100%,1,Level 3
may 25,ESPAÑA,SYSTEMS ENGINEERING,CORPORATE FUNCTIONS SYSTEMS,319,GESTIÓN RECUPERATORIA Y CONTROL INTERNO,3,3,3,3,8,8,"2,0",3,"0,0000","0,0000","0,0000",0,771.164,0,1.484.871,"100,00%","100,00%","100,00%","66,67%","100,00%","0,1300","0,1300","0,2000","0,1800","0,2700","1,0000",91%,1,Level 3
may 25,ESPAÑA,SYSTEMS ENGINEERING,CORPORATE FUNCTIONS SYSTEMS,320,T&C Y COMUNICACIONES,4,3,1,1,0,0,"4,0",4,"0,4718","0,4960","-4,8756",1.649,3.495.052,1.796,3.621.023,"75,00%","100,00%",-,"100,00%","0,00%","0,0975","0,1300",-,"0,2700","0,0000","0,8000",62%,0,Not certified
may 25,ESPAÑA,SYSTEMS ENGINEERING,CORPORATE FUNCTIONS SYSTEMS,321,REPORTING NORMATIVO,6,5,6,6,2,2,"4,0",5,"0,0000","0,1356","-100,0000",0,6.828.417,1.018,7.508.545,"83,33%","100,00%","100,00%","80,00%","100,00%","0,1083","0,1300","0,2000","0,2160","0,2700","1,0000",92%,1,Level 3
may 25,ESPAÑA,SYSTEMS ENGINEERING,CORPORATE FUNCTIONS SYSTEMS,322,IMPAGO Y COBERTURAS,8,8,7,7,13,13,"7,0",7,"0,0317","0,0354","-10,6846",50,1.579.250,50,1.410.514,"100,00%","100,00%","100,00%","100,00%","100,00%","0,1300","0,1300","0,2000","0,2700","0,2700","1,0000",100%,1,Level 3
may 25,ESPAÑA,SYSTEMS ENGINEERING,CORPORATE FUNCTIONS SYSTEMS,323,CONTABILIDAD Y REAL ESTATE,4,4,4,4,2,3,"4,0",4,"0,0687","0,0685","0,2866",82,1.193.252,82,1.196.672,"100,00%","100,00%","66,67%","100,00%","25,00%","0,1300","0,1300","0,1333","0,2700","0,0675","1,0000",73%,1,Level 1
may 25,ESPAÑA,SYSTEMS ENGINEERING,CORPORATE FUNCTIONS SYSTEMS,324,SSJJ Y OTROS,4,3,2,3,1,1,"2,0",2,"0,0000","0,0000","0,0000",0,259.317,0,265.168,"75,00%","66,67%","100,00%","100,00%","100,00%","0,0975","0,0867","0,2000","0,2700","0,2700","1,0000",92%,1,Level 3
may 25,ESPAÑA,SYSTEMS ENGINEERING,ENTERPRISE CLIENTS SYSTEMS,96,ENTERPRISE CLIENTS OPERATIONS,9,9,9,9,9,13,"5,0",8,"0,0252","0,0253","-0,1244",92,3.645.148,92,3.640.614,"100,00%","100,00%","69,23%","62,50%","75,00%","0,1300","0,1300","0,1385","0,1688","0,2025","1,0000",77%,1,Level 1
may 25,ESPAÑA,SYSTEMS ENGINEERING,ENTERPRISE CLIENTS SYSTEMS,98,FINANCIACIÓN ESPECIALIZADA,4,4,4,4,1,5,"2,5",4,"0,0467","0,0472","-1,0451",82,1.756.792,82,1.738.432,"100,00%","100,00%","20,00%","62,50%","75,00%","0,1300","0,1300","0,0400","0,1688","0,2025","1,0000",67%,0,Not certified
may 25,ESPAÑA,SYSTEMS ENGINEERING,ENTERPRISE CLIENTS SYSTEMS,100,ENTERPRISES CHANNEL,4,4,4,4,13,16,"3,0",4,"0,1185","0,1248","-5,0729",2.392,20.186.104,2.532,20.283.601,"100,00%","100,00%","81,25%","75,00%","75,00%","0,1300","0,1300","0,1625","0,2025","0,2025","1,0000",83%,1,Level 2
may 25,ESPAÑA,SYSTEMS ENGINEERING,ENTERPRISE CLIENTS SYSTEMS,4739,ENTERPRISE MXM,2,2,2,2,1,1,"2,0",2,"0,0029","0,0000","0,0000",1,344.481,0,344.357,"100,00%","100,00%","100,00%","100,00%","100,00%","0,1300","0,1300","0,2000","0,2700","0,2700","1,0000",100%,1,Level 3
may 25,ESPAÑA,SYSTEMS ENGINEERING,ENTERPRISE CLIENTS SYSTEMS,5938,COMEX,2,2,2,2,3,6,"0,5",2,"0,0261","0,0260","0,1398",51,1.957.764,51,1.960.500,"100,00%","100,00%","50,00%","25,00%","25,00%","0,1300","0,1300","0,1000","0,0675","0,0675","1,0000",50%,0,Not certified
may 25,ESPAÑA,SYSTEMS ENGINEERING,ENTERPRISE CLIENTS SYSTEMS,6169,ENTERPRISE MOBILE CHANNEL,2,2,2,2,6,6,"1,0",2,"0,0000","0,0011","-100,0000",0,4.405.671,5,4.532.155,"100,00%","100,00%","100,00%","50,00%","100,00%","0,1300","0,1300","0,2000","0,1350","0,2700","1,0000",87%,1,Level 2
may 25,ESPAÑA,SYSTEMS ENGINEERING,INSURANCE AND ASSET MANAGEMENT SYSTEMS,300,INSURANCE - POSTVENTA,2,2,2,2,2,2,"1,5",2,"0,0000","0,0000","0,0000",0,12.409,0,12.413,"100,00%","100,00%","100,00%","75,00%","100,00%","0,1300","0,1300","0,2000","0,2025","0,2700","1,0000",93%,1,Level 3
may 25,ESPAÑA,SYSTEMS ENGINEERING,INSURANCE AND ASSET MANAGEMENT SYSTEMS,301,INSURANCE - AHORRO Y PREVISIÓN,5,5,5,5,15,15,"4,0",4,"0,0000","0,0003","-100,0000",0,34.366.102,9,35.004.051,"100,00%","100,00%","100,00%","100,00%","100,00%","0,1300","0,1300","0,2000","0,2700","0,2700","1,0000",100%,1,Level 3
may 25,ESPAÑA,SYSTEMS ENGINEERING,INSURANCE AND ASSET MANAGEMENT SYSTEMS,302,INSURANCE - FINANCIERO ACTUARIAL,4,4,3,3,0,0,"4,0",4,"0,0000","0,0000","0,0000",0,28.958,0,27.803,"100,00%","100,00%",-,"100,00%","100,00%","0,1300","0,1300",-,"0,2700","0,2700","0,8000",100%,1,Level 3
may 25,ESPAÑA,SYSTEMS ENGINEERING,INSURANCE AND ASSET MANAGEMENT SYSTEMS,303,INSURANCE - DISTRIBUCIÓN,1,1,1,1,8,11,"1,0",1,"0,0000","0,0000","0,0000",0,8.178.948,0,8.177.406,"100,00%","100,00%","72,73%","100,00%","100,00%","0,1300","0,1300","0,1455","0,2700","0,2700","1,0000",95%,1,Level 3
may 25,ESPAÑA,SYSTEMS ENGINEERING,INSURANCE AND ASSET MANAGEMENT SYSTEMS,304,INSURANCE - BACKOFFICE Y DATA,3,3,3,3,6,6,"1,0",3,"0,0000","0,0000","0,0000",0,3.031.386,0,2.947.817,"100,00%","100,00%","100,00%","33,33%","100,00%","0,1300","0,1300","0,2000","0,0900","0,2700","1,0000",82%,1,Level 2
may 25,ESPAÑA,SYSTEMS ENGINEERING,INSURANCE AND ASSET MANAGEMENT SYSTEMS,307,ASSET MANAGEMENT - MIDDLE OFFICE,4,4,2,2,0,0,"1,0",3,"0,0000","0,0000","0,0000",0,314.373,0,314.373,"100,00%","100,00%",-,"33,33%","100,00%","0,1300","0,1300",-,"0,0900","0,2700","0,8000",78%,1,Level 1
may 25,ESPAÑA,SYSTEMS ENGINEERING,INSURANCE AND ASSET MANAGEMENT SYSTEMS,308,ASSET MANAGEMENT - INFORMACIONAL & WEBS,5,5,5,5,2,2,"3,0",5,"0,2421","0,2903","-16,5884",2.337,9.651.633,2.275,7.837.000,"100,00%","100,00%","100,00%","60,00%","0,00%","0,1300","0,1300","0,2000","0,1620","0,0000","1,0000",62%,0,Not certified
may 25,ESPAÑA,SYSTEMS ENGINEERING,INSURANCE AND ASSET MANAGEMENT SYSTEMS,310,ASSET MANAGEMENT - FRONT OFFICE,3,3,3,3,1,2,"1,0",3,"0,0037","0,0037","0,0000",8,2.175.055,8,2.175.055,"100,00%","100,00%","50,00%","33,33%","100,00%","0,1300","0,1300","0,1000","0,0900","0,2700","1,0000",72%,1,Level 1
may 25,ESPAÑA,SYSTEMS ENGINEERING,INSURANCE AND ASSET MANAGEMENT SYSTEMS,4154,ASSET MANAGEMENT - BACKOFFICE Y FONDOS DE INVERSIÓN,3,3,1,1,8,9,"0,5",1,"0,3038","0,3039","-0,0153",471,1.550.299,471,1.550.062,"100,00%","100,00%","88,89%","50,00%","0,00%","0,1300","0,1300","0,1778","0,1350","0,0000","1,0000",57%,0,Not certified
may 25,ESPAÑA,SYSTEMS ENGINEERING,INSURANCE AND ASSET MANAGEMENT SYSTEMS,4301,ASSET MANAGEMENT - FONDOS Y PLANES DE PENSIONES,1,1,1,1,2,2,"0,5",1,"0,0000","0,0000","0,0000",0,108.065,0,101.467,"100,00%","100,00%","100,00%","50,00%","100,00%","0,1300","0,1300","0,2000","0,1350","0,2700","1,0000",87%,1,Level 2
may 25,ESPAÑA,SYSTEMS ENGINEERING,PASIVO / PAYMENT SYSTEMS,426,MMPP,12,11,10,10,20,20,"6,5",10,"0,0588","0,0588","-0,0291",139,2.365.292,139,2.364.603,"91,67%","100,00%","100,00%","65,00%","75,00%","0,1192","0,1300","0,2000","0,1755","0,2025","1,0000",83%,1,Level 2
may 25,ESPAÑA,SYSTEMS ENGINEERING,PASIVO / PAYMENT SYSTEMS,427,PASIVO,10,10,10,10,5,6,"7,0",8,"0,0000","0,0000","0,0000",0,518.906,0,512.588,"100,00%","100,00%","83,33%","87,50%","100,00%","0,1300","0,1300","0,1667","0,2363","0,2700","1,0000",93%,1,Level 3
may 25,ESPAÑA,SYSTEMS ENGINEERING,PASIVO / PAYMENT SYSTEMS,429,SERVICIOS BANCARIOS (COBROS Y PAGOS),14,9,13,14,22,22,"9,5",14,"0,2413","0,2470","-2,3287",392,1.624.667,392,1.586.833,"64,29%","92,86%","100,00%","67,86%","0,00%","0,0836","0,1207","0,2000","0,1832","0,0000","1,0000",59%,0,Not certified
may 25,ESPAÑA,SYSTEMS ENGINEERING,RETAIL CUSTOMERS SYSTEMS,79,MOBILE CHANNEL,3,3,3,3,51,58,"2,0",3,"0,0000","0,0000","0,0000",0,1.340.521,0,1.719.787,"100,00%","100,00%","87,93%","66,67%","100,00%","0,1300","0,1300","0,1759","0,1800","0,2700","1,0000",89%,1,Level 2
may 25,ESPAÑA,SYSTEMS ENGINEERING,RETAIL CUSTOMERS SYSTEMS,89,ATM,2,2,2,2,0,0,"0,0",1,"0,0000","0,0000","0,0000",0,2.220.214,0,2.227.414,"100,00%","100,00%",-,"0,00%","100,00%","0,1300","0,1300",-,"0,0000","0,2700","0,8000",66%,0,Not certified
may 25,ESPAÑA,SYSTEMS ENGINEERING,RETAIL CUSTOMERS SYSTEMS,93,WEB CHANNEL,7,5,6,7,11,11,"5,0",7,"0,0914","0,1036","-11,7873",368,4.027.647,421,4.064.589,"71,43%","85,71%","100,00%","71,43%","100,00%","0,0929","0,1114","0,2000","0,1929","0,2700","1,0000",87%,1,Level 2
may 25,ESPAÑA,SYSTEMS ENGINEERING,RETAIL CUSTOMERS SYSTEMS,181,CONTACT CENTER,5,5,4,4,0,0,"5,0",5,"0,0261","0,0261","0,0254",90,3.447.895,90,3.448.771,"100,00%","100,00%",-,"100,00%","25,00%","0,1300","0,1300",-,"0,2700","0,0675","0,8000",75%,1,Level 1
may 25,ESPAÑA,SYSTEMS ENGINEERING,RETAIL CUSTOMERS SYSTEMS,281,PRIVATE BANKING,6,6,6,6,3,4,"4,0",6,"0,0000","0,0000","0,0000",0,207.763,0,202.563,"100,00%","100,00%","75,00%","66,67%","100,00%","0,1300","0,1300","0,1500","0,1800","0,2700","1,0000",86%,1,Level 2
may 25,ESPAÑA,SYSTEMS ENGINEERING,RETAIL CUSTOMERS SYSTEMS,327,RETAIL DIGITAL SERVICES,12,12,12,12,1,1,"11,0",11,"0,0000","0,0000","0,0000",0,942.606,0,946.051,"100,00%","100,00%","100,00%","100,00%","100,00%","0,1300","0,1300","0,2000","0,2700","0,2700","1,0000",100%,1,Level 3
may 25,ESPAÑA,SYSTEMS ENGINEERING,RETAIL CUSTOMERS SYSTEMS,328,BRANCH CHANNEL,7,7,4,4,10,10,"1,5",6,"0,0171","0,0531","-67,8287",420,24.596.382,1.428,26.904.102,"100,00%","100,00%","100,00%","25,00%","100,00%","0,1300","0,1300","0,2000","0,0675","0,2700","1,0000",80%,1,Level 1
may 25,ESPAÑA,SYSTEMS ENGINEERING,RETAIL CUSTOMERS SYSTEMS,329,OPEN BANKING,1,1,1,1,0,0,"1,0",1,"0,0000","0,0000","0,0000",0,6.843,0,6.243,"100,00%","100,00%",-,"100,00%","100,00%","0,1300","0,1300",-,"0,2700","0,2700","0,8000",100%,1,Level 3
may 25,ESPAÑA,SYSTEMS ENGINEERING,RETAIL CUSTOMERS SYSTEMS,330,OPERATIONAL CRM,6,6,4,4,7,7,"5,0",5,"0,0402","0,3364","-88,0537",32,796.204,416,1.236.523,"100,00%","100,00%","100,00%","100,00%","100,00%","0,1300","0,1300","0,2000","0,2700","0,2700","1,0000",100%,1,Level 3
may 25,ESPAÑA,SYSTEMS ENGINEERING,RETAIL CUSTOMERS SYSTEMS,331,DIGITAL MARKETING,2,2,0,0,0,0,"1,0",2,"0,0000","0,0030","-100,0000",0,114.279,2,677.415,"100,00%",-,-,"50,00%","100,00%","0,1300",-,-,"0,1350","0,2700","0,6700",80%,1,Level 1
may 25,GSD,GSD,ALPHA,4621,CATÁLOGOS,0,0,2,2,0,0,"1,5",2,"0,0000","0,0000","0,0000",0,234.968,0,231.043,-,"100,00%",-,"75,00%","100,00%",-,"0,1300",-,"0,2025","0,2700","0,6700",90%,1,Level 2
may 25,GSD,GSD,ALPHA,4622,FIRMA,0,0,1,1,0,0,"0,0",1,"0,0000","0,0000","0,0000",0,66.568,0,64.074,-,"100,00%",-,"0,00%","100,00%",-,"0,1300",-,"0,0000","0,2700","0,6700",60%,0,Not certified
may 25,GSD,GSD,ALPHA,4623,INFRAESTRUCTURA MULTICANAL,0,0,5,5,2,5,"1,5",5,"0,0000","0,0000","0,0000",0,528.480,0,523.315,-,"100,00%","40,00%","30,00%","100,00%",-,"0,1300","0,0800","0,0810","0,2700","0,8700",64%,0,Not certified
may 25,GSD,GSD,ALPHA,4625,OPERATIONAL DATA INFRASTRUCTURE,1,0,3,6,3,4,"2,0",4,"0,0000","0,0000","0,0000",0,168.160,0,159.212,"0,00%","50,00%","75,00%","50,00%","100,00%","0,0000","0,0650","0,1500","0,1350","0,2700","1,0000",62%,0,Not certified
may 25,GSD,GSD,ALPHA,4647,INFRAESTRUCTURA PERSONAS Y CONTRATOS,0,0,5,5,1,1,"1,5",4,"0,0000","0,0000","0,0000",0,584.756,0,570.920,-,"100,00%","100,00%","37,50%","100,00%",-,"0,1300","0,2000","0,1013","0,2700","0,8700",81%,1,Level 2
may 25,GSD,GSD,DEVOPS & SW DEV TOOLS,4308,SW DEVTOOLS SUITE,3,3,4,4,0,0,"3,0",3,"0,0620","0,0429","44,4138",147,2.372.536,148,3.449.577,"100,00%","100,00%",-,"100,00%","0,00%","0,1300","0,1300",-,"0,2700","0,0000","0,8000",66%,0,Not certified
may 25,GSD,GSD,DEVOPS & SW DEV TOOLS,6091,IAGEN SDLC,1,1,1,1,0,0,"1,0",2,"0,0000","0,0000","0,0000",0,8.873,0,8.794,"100,00%","100,00%",-,"50,00%","100,00%","0,1300","0,1300",-,"0,1350","0,2700","0,8000",83%,1,Level 2
may 25,GSD,GSD,DEVOPS & SW DEV TOOLS,6110,TESTING TOOLS,5,5,5,5,1,2,"5,0",5,"0,0271","0,0300","-9,8585",34,1.256.033,34,1.132.207,"100,00%","100,00%","50,00%","100,00%","75,00%","0,1300","0,1300","0,1000","0,2700","0,2025","1,0000",83%,1,Level 2
may 25,GSD,GSD,DEVOPS & SW DEV TOOLS,6124,UX & DESIGN,0,0,0,0,0,0,"0,0",1,"0,0000","0,0000","0,0000",0,171.794,0,168.619,-,-,-,"0,00%","100,00%",-,-,-,"0,0000","0,2700","0,5400",50%,0,Not certified
may 25,GSD,GSD,DEVOPS & SW DEV TOOLS,6136,DEVOPS - CI/CD,5,5,6,6,1,2,"7,0",8,"0,0034","0,0039","-12,0816",5,1.476.324,10,2.595.922,"100,00%","100,00%","50,00%","87,50%","100,00%","0,1300","0,1300","0,1000","0,2363","0,2700","1,0000",87%,1,Level 2
may 25,GSD,GSD,PAYMENT,427,PASIVO,0,0,1,1,2,2,"1,0",1,"0,0000","0,0000","0,0000",0,9.636,0,9.581,-,"100,00%","100,00%","100,00%","100,00%",-,"0,1300","0,2000","0,2700","0,2700","0,8700",100%,1,Level 3
may 25,GSD,GSD,PAYMENT,4357,PAYMENT AUTHORIZATION,1,1,3,3,1,1,"1,5",3,"0,0000","0,0000","0,0000",0,144.225,0,246.808,"100,00%","100,00%","100,00%","50,00%","100,00%","0,1300","0,1300","0,2000","0,1350","0,2700","1,0000",87%,1,Level 2
may 25,GSD,GSD,PAYMENT,4979,TRACKING PAYMENT,0,0,1,1,0,0,"1,0",1,"0,0000","0,0000","0,0000",0,5.532,0,5.673,-,"100,00%",-,"100,00%","100,00%",-,"0,1300",-,"0,2700","0,2700","0,6700",100%,1,Level 3
may 25,GSD,GSD,PAYMENT,5527,PAYMENT METHODS SYSTEM,0,0,1,1,6,6,"0,0",1,"0,0000","0,0000","0,0000",0,273.294,0,256.011,-,"100,00%","100,00%","0,00%","100,00%",-,"0,1300","0,2000","0,0000","0,2700","0,8700",69%,0,Not certified
may 25,GSD,GSD,SECURITY GSD,5222,S-SDLC PROCESSES GLOBAL,1,1,1,1,0,0,"1,0",1,"0,0000","0,0000","0,0000",0,127.867,0,127.787,"100,00%","100,00%",-,"100,00%","100,00%","0,1300","0,1300",-,"0,2700","0,2700","0,8000",100%,1,Level 3
may 25,GSD,GSD,SW DEV TRANSF,238,SDLC PROCESSES GLOBAL,1,1,1,1,0,0,"1,0",1,"0,0000","0,0918","-100,0000",0,232.291,23,250.457,"100,00%","100,00%",-,"100,00%","100,00%","0,1300","0,1300",-,"0,2700","0,2700","0,8000",100%,1,Level 3
may 25,GSD,GSD,SW DEV TRANSF,6198,SOPORTE HELIX,0,0,0,0,0,0,"0,0",0,"-99,0000","-99,0000","0,0000",0,0,0,0,-,-,-,-,-,-,-,-,-,-,"0,0000",No tiene el mínimo para calcular indicadores,-,-
may 25,GSD,GSD,SW DEV TRANSF,6290,TRAINING - SERVICE FOR PRACTICE,1,0,0,1,0,0,"0,0",1,"0,0000","0,0000","0,0000",0,1.821,0,1.821,"0,00%","0,00%",-,"0,00%","100,00%","0,0000","0,0000",-,"0,0000","0,2700","0,8000",34%,0,Not certified
may 25,I&O HUB AMÉRICA,R&IC,CFE,6151,SCREENING & TRANSACTION MONITORING AML,1,1,0,1,0,0,"0,0",1,"0,0000","0,0000","0,0000",0,12.605,0,12.605,"100,00%","0,00%",-,"0,00%","100,00%","0,1300","0,0000",-,"0,0000","0,2700","0,8000",50%,0,Not certified
may 25,MÉXICO,DATA TRANSFORMATION & ENGINEERING,DATAHUB EXTENDED,109,TRANSACTIONAL S&C,3,3,3,3,130,130,"0,0",2,"0,0000","0,0000","0,0000",0,2.950,0,2.950,"100,00%","100,00%","100,00%","0,00%","100,00%","0,1300","0,1300","0,2000","0,0000","0,2700","1,0000",73%,1,Level 1
may 25,MÉXICO,DATA TRANSFORMATION & ENGINEERING,DATAHUB EXTENDED,111,CLIENT SOLUTIONS,4,4,4,4,78,79,"1,0",4,"0,0000","0,0000","0,0000",0,15.569,0,15.569,"100,00%","100,00%","98,73%","25,00%","100,00%","0,1300","0,1300","0,1975","0,0675","0,2700","1,0000",79%,1,Level 1
may 25,MÉXICO,DATA TRANSFORMATION & ENGINEERING,DATAHUB EXTENDED,112,DATA BANKING,3,3,3,3,106,106,"3,0",3,"0,0000","0,0000","0,0000",0,963,0,963,"100,00%","100,00%","100,00%","100,00%","100,00%","0,1300","0,1300","0,2000","0,2700","0,2700","1,0000",100%,1,Level 3
may 25,MÉXICO,DATA TRANSFORMATION & ENGINEERING,DATAHUB EXTENDED,3560,OPERATIONAL ENTERPRISE,3,2,3,3,67,76,"1,5",3,"0,0000","0,0000","0,0000",0,3.280,0,3.280,"66,67%","100,00%","88,16%","50,00%","100,00%","0,0867","0,1300","0,1763","0,1350","0,2700","1,0000",80%,1,Level 1
may 25,MÉXICO,DATA TRANSFORMATION & ENGINEERING,DATAHUB EXTENDED,7514,DATA INSURANCE,2,2,2,2,10,10,"2,0",2,"-99,0000","-99,0000","0,0000",0,0,0,0,"100,00%","100,00%","100,00%","100,00%",-,"0,1300","0,1300","0,2000","0,2700",-,"0,7300",100%,1,Level 3
may 25,MÉXICO,DATA TRANSFORMATION & ENGINEERING,DATAHUB FINANZAS Y RIESGOS,113,DATA RISK,4,4,3,4,275,278,"1,0",4,"0,0000","0,0000","0,0000",0,865.591,0,844.665,"100,00%","75,00%","98,92%","25,00%","100,00%","0,1300","0,0975","0,1978","0,0675","0,2700","1,0000",76%,1,Level 1
may 25,MÉXICO,DATA TRANSFORMATION & ENGINEERING,DATAHUB FINANZAS Y RIESGOS,5552,DATA FINANCE,5,5,3,5,89,89,"2,0",5,"0,0000","0,0000","0,0000",0,6.413,0,299.211,"100,00%","60,00%","100,00%","40,00%","100,00%","0,1300","0,0780","0,2000","0,1080","0,2700","1,0000",79%,1,Level 1
may 25,MÉXICO,DATA TRANSFORMATION & ENGINEERING,SEGURIDAD Y OTRAS PI,5009,DATA LEGACY,3,3,0,3,1,1,"2,0",2,"0,2234","0,2234","0,0000",14,62.662,14,62.662,"100,00%","0,00%","100,00%","100,00%","0,00%","0,1300","0,0000","0,2000","0,2700","0,0000","1,0000",60%,0,Not certified
may 25,MÉXICO,SYSTEMS ENGINEERING,,4038,DIGITAL WORKPLACE & CRM,1,0,0,1,0,0,"0,0",0,"-99,0000","-99,0000","0,0000",0,0,0,0,"0,00%","0,00%",-,-,-,"0,0000","0,0000",-,-,-,"0,2600",0%,0,Not certified
may 25,MÉXICO,SYSTEMS ENGINEERING,C&IB,61,ASSET MANAGEMENT,1,1,1,1,0,0,"1,0",1,"0,3334","0,3482","-4,2655",494,1.481.828,516,1.481.798,"100,00%","100,00%",-,"100,00%","0,00%","0,1300","0,1300",-,"0,2700","0,0000","0,8000",66%,0,Not certified
may 25,MÉXICO,SYSTEMS ENGINEERING,C&IB,280,CROSS & LENDING,8,7,7,8,0,0,"5,0",7,"0,0020","0,0020","-0,0583",4,2.014.741,4,2.013.566,"87,50%","87,50%",-,"71,43%","100,00%","0,1138","0,1138",-,"0,1929","0,2700","0,8000",86%,1,Level 2
may 25,MÉXICO,SYSTEMS ENGINEERING,C&IB,281,PRIVATE BANKING,2,2,2,2,0,0,"2,0",2,"0,0000","0,0000","0,0000",0,241.464,0,241.086,"100,00%","100,00%",-,"100,00%","100,00%","0,1300","0,1300",-,"0,2700","0,2700","0,8000",100%,1,Level 3
may 25,MÉXICO,SYSTEMS ENGINEERING,C&IB,282,"FX, DERIVATIVES & CUSTODY",9,9,8,9,0,0,"3,0",7,"0,0287","0,0291","-1,4209",72,2.508.155,73,2.506.858,"100,00%","88,89%",-,"42,86%","75,00%","0,1300","0,1156",-,"0,1157","0,2025","0,8000",70%,1,Level 1
may 25,MÉXICO,SYSTEMS ENGINEERING,C&IB,283,OTC & RISK,4,4,4,4,0,0,"4,0",4,"0,1721","0,1725","-0,2201",178,1.034.373,178,1.032.096,"100,00%","100,00%",-,"100,00%","75,00%","0,1300","0,1300",-,"0,2700","0,2025","0,8000",92%,1,Level 3
may 25,MÉXICO,SYSTEMS ENGINEERING,C&IB,284,FI & REPORTING,7,7,6,7,0,0,"4,0",6,"0,8067","0,8096","-0,3582",2.548,3.158.442,2.557,3.158.246,"100,00%","85,71%",-,"66,67%","0,00%","0,1300","0,1114",-,"0,1800","0,0000","0,8000",53%,0,Not certified
may 25,MÉXICO,SYSTEMS ENGINEERING,C&IB,285,EQUITY,4,4,4,4,0,0,"3,0",4,"6,5558","8,2534","-20,5689",26.983,4.115.918,25.692,3.112.900,"100,00%","100,00%",-,"75,00%","0,00%","0,1300","0,1300",-,"0,2025","0,0000","0,8000",58%,0,Not certified
may 25,MÉXICO,SYSTEMS ENGINEERING,CORE BANKING PRODUCTS,55,LOANS,7,5,6,7,3,3,"4,0",6,"0,0000","0,0000","0,0000",0,5.684.069,0,5.648.356,"71,43%","85,71%","100,00%","66,67%","100,00%","0,0929","0,1114","0,2000","0,1800","0,2700","1,0000",85%,1,Level 2
may 25,MÉXICO,SYSTEMS ENGINEERING,CORE BANKING PRODUCTS,157,CLIENTS,5,5,5,5,3,3,"5,0",6,"0,0000","0,0000","0,0000",0,4.872.305,0,4.864.911,"100,00%","100,00%","100,00%","83,33%","100,00%","0,1300","0,1300","0,2000","0,2250","0,2700","1,0000",96%,1,Level 3
may 25,MÉXICO,SYSTEMS ENGINEERING,CORE BANKING PRODUCTS,167,PAYROLLS AND TRANSFERS,4,2,4,4,2,2,"2,0",4,"0,0000","0,0000","0,0000",0,1.412.685,0,1.410.917,"50,00%","100,00%","100,00%","50,00%","100,00%","0,0650","0,1300","0,2000","0,1350","0,2700","1,0000",80%,1,Level 2
may 25,MÉXICO,SYSTEMS ENGINEERING,CORE BANKING PRODUCTS,169,ACCOUNTS,7,5,6,7,4,4,"6,0",7,"0,0003","0,0003","-8,6071",1,3.513.878,1,3.211.435,"71,43%","85,71%","100,00%","85,71%","100,00%","0,0929","0,1114","0,2000","0,2314","0,2700","1,0000",91%,1,Level 3
may 25,MÉXICO,SYSTEMS ENGINEERING,CORE BANKING PRODUCTS,5228,CUSTOMER OPERATION DATA LAYER,4,4,4,4,0,0,"4,0",4,"0,6328","0,6595","-4,0517",420,663.689,420,636.798,"100,00%","100,00%",-,"100,00%","0,00%","0,1300","0,1300",-,"0,2700","0,0000","0,8000",66%,0,Not certified
may 25,MÉXICO,SYSTEMS ENGINEERING,CORE BANKING PRODUCTS,7744,CONTRACTING METHODS AND DIGITAL DOCUMENTATION,2,2,2,2,4,4,"2,0",2,"0,0000","0,0000","0,0000",0,1.892.243,0,1.871.256,"100,00%","100,00%","100,00%","100,00%","100,00%","0,1300","0,1300","0,2000","0,2700","0,2700","1,0000",100%,1,Level 3
may 25,MÉXICO,SYSTEMS ENGINEERING,CORE CROSS SYSTEMS,362,ACCOUNT STATEMENTS & TAX STAMPS,2,2,2,2,4,4,"1,0",1,"0,1046","0,1046","-0,0173",76,726.619,76,726.493,"100,00%","100,00%","100,00%","100,00%","75,00%","0,1300","0,1300","0,2000","0,2700","0,2025","1,0000",93%,1,Level 3
may 25,MÉXICO,SYSTEMS ENGINEERING,CORE CROSS SYSTEMS,363,APPLICATION SECURITY,1,1,1,1,0,0,"0,5",1,"0,0000","0,0000","0,0000",0,1.594.459,0,1.594.217,"100,00%","100,00%",-,"50,00%","100,00%","0,1300","0,1300",-,"0,1350","0,2700","0,8000",83%,1,Level 2
may 25,MÉXICO,SYSTEMS ENGINEERING,CORE CROSS SYSTEMS,364,DIGITAL CONTACTABILITY,2,1,2,2,22,22,"1,0",2,"0,0007","0,0018","-59,4441",1,1.337.932,1,542.610,"50,00%","100,00%","100,00%","50,00%","100,00%","0,0650","0,1300","0,2000","0,1350","0,2700","1,0000",80%,1,Level 2
may 25,MÉXICO,SYSTEMS ENGINEERING,CORE CROSS SYSTEMS,365,ATMS & INFRASTRUCTURE,2,2,2,2,2,2,"0,0",2,"0,0000","0,0000","0,0000",0,800.519,0,784.930,"100,00%","100,00%","100,00%","0,00%","100,00%","0,1300","0,1300","0,2000","0,0000","0,2700","1,0000",73%,1,Level 1
may 25,MÉXICO,SYSTEMS ENGINEERING,CORE CROSS SYSTEMS,5469,SYSTEMS CONTACT CENTER,6,5,6,6,3,3,"3,5",6,"0,9780","1,0644","-8,1200",22.473,22.978.614,23.374,21.959.218,"83,33%","100,00%","100,00%","58,33%","0,00%","0,1083","0,1300","0,2000","0,1575","0,0000","1,0000",60%,0,Not certified
may 25,MÉXICO,SYSTEMS ENGINEERING,CORPORATE FUNCTIONS,200,TALENT & CULTURE,3,3,3,3,13,13,"2,0",3,"0,7421","0,7520","-1,3123",13.733,18.505.869,13.848,18.415.947,"100,00%","100,00%","100,00%","66,67%","0,00%","0,1300","0,1300","0,2000","0,1800","0,0000","1,0000",64%,0,Not certified
may 25,MÉXICO,SYSTEMS ENGINEERING,CORPORATE FUNCTIONS,298,RISK,7,7,6,6,4,4,"2,5",5,"0,1444","0,1510","-4,3651",738,5.110.132,772,5.112.217,"100,00%","100,00%","100,00%","50,00%","75,00%","0,1300","0,1300","0,2000","0,1350","0,2025","1,0000",80%,1,Level 1
may 25,MÉXICO,SYSTEMS ENGINEERING,CORPORATE FUNCTIONS,351,AACC,2,2,2,2,5,5,"2,0",2,"0,1077","0,1227","-12,2772",802,7.448.603,912,7.430.322,"100,00%","100,00%","100,00%","100,00%","100,00%","0,1300","0,1300","0,2000","0,2700","0,2700","1,0000",100%,1,Level 3
may 25,MÉXICO,SYSTEMS ENGINEERING,CORPORATE FUNCTIONS,354,FINANCE & PROCUREMENT,3,3,3,3,2,2,"0,0",3,"1,2109","1,2598","-3,8816",4.505,3.720.465,4.672,3.708.617,"100,00%","100,00%","100,00%","0,00%","0,00%","0,1300","0,1300","0,2000","0,0000","0,0000","1,0000",46%,0,Not certified
may 25,MÉXICO,SYSTEMS ENGINEERING,CORPORATE FUNCTIONS,355,COMPLIANCE & LEGAL,2,2,2,2,1,1,"0,0",2,"0,7588","0,7605","-0,2226",1.187,1.564.347,1.187,1.560.864,"100,00%","100,00%","100,00%","0,00%","0,00%","0,1300","0,1300","0,2000","0,0000","0,0000","1,0000",46%,0,Not certified
may 25,MÉXICO,SYSTEMS ENGINEERING,CORPORATE FUNCTIONS,356,CREDIT ACQUISITION & AUTOMATION,3,3,3,3,12,12,"2,0",3,"0,0488","0,0488","-0,0526",109,2.233.191,109,2.232.016,"100,00%","100,00%","100,00%","66,67%","75,00%","0,1300","0,1300","0,2000","0,1800","0,2025","1,0000",84%,1,Level 2
may 25,MÉXICO,SYSTEMS ENGINEERING,CORPORATE FUNCTIONS,3613,LOCAL SERVICES,1,1,1,1,10,10,"1,0",1,"0,0105","0,0105","0,0000",5,474.726,5,474.726,"100,00%","100,00%","100,00%","100,00%","50,00%","0,1300","0,1300","0,2000","0,2700","0,1350","1,0000",87%,1,Level 2
may 25,MÉXICO,SYSTEMS ENGINEERING,ENTERPRISE,53,CONSUMER FINANCE,3,2,3,3,1,1,"2,0",3,"0,0000","0,0000","0,0000",0,209.244,0,204.257,"66,67%","100,00%","100,00%","66,67%","100,00%","0,0867","0,1300","0,2000","0,1800","0,2700","1,0000",87%,1,Level 2
may 25,MÉXICO,SYSTEMS ENGINEERING,ENTERPRISE,210,API CHANNEL,4,4,3,4,0,0,"3,0",4,"0,1963","0,1981","-0,9328",155,789.736,155,782.369,"100,00%","75,00%",-,"75,00%","75,00%","0,1300","0,0975",-,"0,2025","0,2025","0,8000",79%,1,Level 1
may 25,MÉXICO,SYSTEMS ENGINEERING,ENTERPRISE,211,ENTERPRISE WEB,7,7,7,7,6,6,"4,0",7,"0,0523","0,0587","-10,8451",1.571,30.016.241,1.750,29.810.109,"100,00%","100,00%","100,00%","57,14%","100,00%","0,1300","0,1300","0,2000","0,1543","0,2700","1,0000",88%,1,Level 2
may 25,MÉXICO,SYSTEMS ENGINEERING,ENTERPRISE,212,SPECIALIZED PRODUCTS,4,3,4,4,5,6,"3,0",4,"7,3937","8,0760","-8,4481",38.979,5.271.892,42.562,5.270.177,"75,00%","100,00%","83,33%","75,00%","0,00%","0,0975","0,1300","0,1667","0,2025","0,0000","1,0000",60%,0,Not certified
may 25,MÉXICO,SYSTEMS ENGINEERING,ENTERPRISE,3604,MOBILE ENTERPRISE,1,1,1,1,0,1,"1,0",1,"-99,0000","-99,0000","0,0000",0,0,0,0,"100,00%","100,00%","0,00%","100,00%",-,"0,1300","0,1300","0,0000","0,2700",-,"0,7300",73%,1,Level 1
may 25,MÉXICO,SYSTEMS ENGINEERING,ENTERPRISE,4038,DIGITAL WORKPLACE & CRM,6,4,5,6,1,2,"5,0",5,"0,0030","0,0285","-89,5463",23,7.714.789,244,8.555.713,"66,67%","83,33%","50,00%","100,00%","100,00%","0,0867","0,1083","0,1000","0,2700","0,2700","1,0000",84%,1,Level 2
may 25,MÉXICO,SYSTEMS ENGINEERING,ENTERPRISE,6123,DIGITAL SMEs,2,2,2,2,1,2,"2,0",2,"0,0000","0,0000","0,0000",0,8.538,0,8.535,"100,00%","100,00%","50,00%","100,00%","100,00%","0,1300","0,1300","0,1000","0,2700","0,2700","1,0000",90%,1,Level 3
may 25,MÉXICO,SYSTEMS ENGINEERING,INSURANCE,223,INFORMATIONAL,1,1,1,1,0,0,"0,0",1,"0,0000","0,0000","0,0000",0,410,0,410,"100,00%","100,00%",-,"0,00%","100,00%","0,1300","0,1300",-,"0,0000","0,2700","0,8000",66%,0,Not certified
may 25,MÉXICO,SYSTEMS ENGINEERING,INSURANCE,224,CHANNELS,4,3,4,4,9,9,"3,0",4,"0,0586","0,0618","-5,0971",519,8.850.717,548,8.868.931,"75,00%","100,00%","100,00%","75,00%","75,00%","0,0975","0,1300","0,2000","0,2025","0,2025","1,0000",83%,1,Level 2
may 25,MÉXICO,SYSTEMS ENGINEERING,INSURANCE,225,CORE CROSS,4,3,4,4,11,11,"2,5",4,"0,0049","0,0049","0,3111",25,5.077.292,25,5.093.086,"75,00%","100,00%","100,00%","62,50%","25,00%","0,0975","0,1300","0,2000","0,1688","0,0675","1,0000",66%,0,Not certified
may 25,MÉXICO,SYSTEMS ENGINEERING,INSURANCE,4036,MULTIASISTENCIA,2,0,2,2,29,29,"2,0",2,"0,0018","0,0363","-95,0773",11,6.158.758,239,6.587.192,"0,00%","100,00%","100,00%","100,00%","100,00%","0,0000","0,1300","0,2000","0,2700","0,2700","1,0000",87%,1,Level 2
may 25,MÉXICO,SYSTEMS ENGINEERING,PAYMENTS SYSTEMS,213,METHODS,4,3,3,4,2,2,"4,0",4,"0,0000","0,0000","0,0000",0,14.142,0,14.188,"75,00%","75,00%","100,00%","100,00%","100,00%","0,0975","0,0975","0,2000","0,2700","0,2700","1,0000",94%,1,Level 3
may 25,MÉXICO,SYSTEMS ENGINEERING,PAYMENTS SYSTEMS,215,TRANSACTIONS ENGINE,2,2,2,2,1,1,"1,5",2,"0,0000","0,0000","0,0000",0,48.440,0,48.768,"100,00%","100,00%","100,00%","75,00%","100,00%","0,1300","0,1300","0,2000","0,2025","0,2700","1,0000",93%,1,Level 3
may 25,MÉXICO,SYSTEMS ENGINEERING,PAYMENTS SYSTEMS,217,CREDITS,5,5,5,5,3,4,"4,0",5,"0,0000","0,0000","0,0000",0,3.783.280,0,3.782.246,"100,00%","100,00%","75,00%","80,00%","100,00%","0,1300","0,1300","0,1500","0,2160","0,2700","1,0000",90%,1,Level 2
may 25,MÉXICO,SYSTEMS ENGINEERING,PAYMENTS SYSTEMS,218,MERCHANTS,2,2,2,2,0,0,"0,0",2,"0,0111","0,0111","-0,0249",13,1.172.799,13,1.172.507,"100,00%","100,00%",-,"0,00%","75,00%","0,1300","0,1300",-,"0,0000","0,2025","0,8000",58%,0,Not certified
may 25,MÉXICO,SYSTEMS ENGINEERING,PAYMENTS SYSTEMS,219,BANXICO,1,1,1,1,1,1,"0,0",1,"0,0011","0,0011","-0,5355",2,1.771.228,2,1.761.743,"100,00%","100,00%","100,00%","0,00%","100,00%","0,1300","0,1300","0,2000","0,0000","0,2700","1,0000",73%,1,Level 1
may 25,MÉXICO,SYSTEMS ENGINEERING,PAYMENTS SYSTEMS,221,SUBSCRIPTIONS AND SERVICES,2,2,2,2,2,2,"0,5",2,"0,0000","0,0000","0,0000",0,1.709.159,0,1.707.336,"100,00%","100,00%","100,00%","25,00%","100,00%","0,1300","0,1300","0,2000","0,0675","0,2700","1,0000",80%,1,Level 1
may 25,MÉXICO,SYSTEMS ENGINEERING,RETAIL,81,WEB,3,3,3,3,2,2,"1,5",4,"0,0003","0,0184","-98,5415",1,3.732.644,71,3.865.398,"100,00%","100,00%","100,00%","37,50%","100,00%","0,1300","0,1300","0,2000","0,1013","0,2700","1,0000",83%,1,Level 2
may 25,MÉXICO,SYSTEMS ENGINEERING,RETAIL,83,BRANCHES,7,7,7,7,0,0,"2,5",6,"0,0281","0,0256","9,6350",259,9.228.946,259,10.118.157,"100,00%","100,00%",-,"41,67%","25,00%","0,1300","0,1300",-,"0,1125","0,0675","0,8000",55%,0,Not certified
may 25,MÉXICO,SYSTEMS ENGINEERING,RETAIL,84,CRM,5,4,5,5,13,13,"5,0",6,"0,0075","0,0075","-0,1982",19,2.522.088,19,2.517.089,"80,00%","100,00%","100,00%","83,33%","75,00%","0,1040","0,1300","0,2000","0,2250","0,2025","1,0000",86%,1,Level 2
may 25,MÉXICO,SYSTEMS ENGINEERING,RETAIL,85,OPEN MARKET,1,1,1,1,14,14,"0,0",1,"0,0528","0,0552","-4,3339",101,1.911.308,105,1.900.889,"100,00%","100,00%","100,00%","0,00%","75,00%","0,1300","0,1300","0,2000","0,0000","0,2025","1,0000",66%,0,Not certified
may 25,MÉXICO,SYSTEMS ENGINEERING,RETAIL,3592,MOBILE RETAIL,2,1,1,2,1,1,"1,0",2,"0,0012","0,0012","-0,0021",6,4.813.526,6,4.813.426,"50,00%","50,00%","100,00%","50,00%","100,00%","0,0650","0,0650","0,2000","0,1350","0,2700","1,0000",74%,1,Level 1
may 25,MÉXICO,SYSTEMS ENGINEERING,RETAIL,6538,MULTICHANNEL RETAIL,2,1,2,2,1,1,"1,0",1,"-99,0000","-99,0000","0,0000",0,0,0,0,"50,00%","100,00%","100,00%","100,00%",-,"0,0650","0,1300","0,2000","0,2700",-,"0,7300",91%,1,Level 3
may 25,MÉXICO,SYSTEMS ENGINEERING,Systems Strategy & Transformation,7168,DEVOPS & SW DEVELOPMENT TOOLS,1,1,1,1,0,0,"1,0",1,"-99,0000","-99,0000","0,0000",0,0,0,0,"100,00%","100,00%",-,"100,00%",-,"0,1300","0,1300",-,"0,2700",-,"0,5300",100%,1,Level 3
may 25,PERÚ,DATA,DATAHUB,3730,DATIO CLIENT SOLUTIONS,5,5,5,5,39,39,"2,0",5,"0,0000","0,0000","0,0000",0,19.495,0,16.158,"100,00%","100,00%","100,00%","40,00%","100,00%","0,1300","0,1300","0,2000","0,1080","0,2700","1,0000",84%,1,Level 2
may 25,PERÚ,DATA,DATAHUB,3756,DATIO ENGINEERING,5,5,5,5,55,56,"3,0",3,"0,0022","0,0023","-2,4862",1,451.767,1,440.535,"100,00%","100,00%","98,21%","100,00%","100,00%","0,1300","0,1300","0,1964","0,2700","0,2700","1,0000",100%,1,Level 3
may 25,PERÚ,DATA,DATAHUB,3842,DATIO CIB/T&C/RIC,3,3,3,3,12,12,"3,0",3,"0,0000","0,0000","0,0000",0,1.585,0,1.435,"100,00%","100,00%","100,00%","100,00%","100,00%","0,1300","0,1300","0,2000","0,2700","0,2700","1,0000",100%,1,Level 3
may 25,PERÚ,DATA,DATAHUB,6094,DATIO RIESGOS,4,4,4,4,102,103,"3,0",4,"0,0000","0,0000","0,0000",0,73.162,0,71.970,"100,00%","100,00%","99,03%","75,00%","100,00%","0,1300","0,1300","0,1981","0,2025","0,2700","1,0000",93%,1,Level 3
may 25,PERÚ,DATA,DATAHUB,6097,DATIO FINANZAS,6,6,6,6,73,73,"2,5",6,"0,0000","0,0000","0,0000",0,37.247,0,31.369,"100,00%","100,00%","100,00%","41,67%","100,00%","0,1300","0,1300","0,2000","0,1125","0,2700","1,0000",84%,1,Level 2
may 25,PERÚ,SYSTEMS,CIB SYSTEMS,61,ASSET MANAGEMENT,10,0,9,10,0,0,"1,0",2,"0,1096","0,1100","-0,2963",76,693.266,76,691.212,"0,00%","90,00%",-,"50,00%","75,00%","0,0000","0,1170",-,"0,1350","0,2025","0,8000",57%,0,Not certified
may 25,PERÚ,SYSTEMS,CIB SYSTEMS,5729,CIB PRODUCTS,23,0,17,23,0,0,"11,5",14,"0,4646","0,5358","-13,2856",807,1.736.964,995,1.857.084,"0,00%","73,91%",-,"82,14%","0,00%","0,0000","0,0961",-,"0,2218","0,0000","0,8000",40%,0,Not certified
may 25,PERÚ,SYSTEMS,CORE CLIENTS,54,INTERBANK PAYMENTS,13,8,13,13,21,21,"5,5",8,"0,0000","0,0000","0,0000",0,1.036.005,0,1.033.743,"61,54%","100,00%","100,00%","68,75%","100,00%","0,0800","0,1300","0,2000","0,1856","0,2700","1,0000",87%,1,Level 2
may 25,PERÚ,SYSTEMS,CORE CLIENTS,376,PEOPLE,7,7,7,7,0,0,"3,0",4,"0,0000","0,0013","-100,0000",0,762.775,1,765.171,"100,00%","100,00%",-,"75,00%","100,00%","0,1300","0,1300",-,"0,2025","0,2700","0,8000",92%,1,Level 3
may 25,PERÚ,SYSTEMS,CORE CLIENTS,377,ACCOUNTS & DEPOSITS,6,6,6,6,18,18,"1,0",3,"0,0747","0,0748","-0,1379",91,1.217.682,91,1.216.003,"100,00%","100,00%","100,00%","33,33%","75,00%","0,1300","0,1300","0,2000","0,0900","0,2025","1,0000",75%,1,Level 1
may 25,PERÚ,SYSTEMS,CORPORATE,30,COMPLIANCE,11,11,11,11,6,6,"8,0",8,"0,0137","0,0930","-85,2952",11,803.971,113,1.214.465,"100,00%","100,00%","100,00%","100,00%","100,00%","0,1300","0,1300","0,2000","0,2700","0,2700","1,0000",100%,1,Level 3
may 25,PERÚ,SYSTEMS,CORPORATE,198,LEGAL,3,3,3,3,0,0,"1,0",3,"0,1496","0,2168","-30,9998",151,1.009.577,353,1.628.499,"100,00%","100,00%",-,"33,33%","100,00%","0,1300","0,1300",-,"0,0900","0,2700","0,8000",78%,1,Level 1
may 25,PERÚ,SYSTEMS,CORPORATE,199,ENGINEERING,11,11,11,11,0,0,"4,5",5,"0,0927","2,2180","-95,8189",16,172.533,622,280.433,"100,00%","100,00%",-,"90,00%","100,00%","0,1300","0,1300",-,"0,2430","0,2700","0,8000",97%,1,Level 3
may 25,PERÚ,SYSTEMS,CORPORATE,200,TALENT & CULTURE,13,13,12,12,0,0,"3,0",6,"0,0556","0,0516","7,6474",96,1.726.962,181,3.505.044,"100,00%","100,00%",-,"50,00%","25,00%","0,1300","0,1300",-,"0,1350","0,0675","0,8000",58%,0,Not certified
may 25,PERÚ,SYSTEMS,CROSS SYSTEMS,62,INSURANCE DISTRIBUTION,2,2,2,2,22,22,"0,0",1,"0,0000","0,0000","0,0000",0,1.541.622,0,1.461.331,"100,00%","100,00%","100,00%","0,00%","100,00%","0,1300","0,1300","0,2000","0,0000","0,2700","1,0000",73%,1,Level 1
may 25,PERÚ,SYSTEMS,CROSS SYSTEMS,5311,OTHER CROSS PRODUCTS,7,7,7,7,28,28,"1,5",5,"0,0023","0,0153","-85,2055",6,2.645.099,41,2.674.087,"100,00%","100,00%","100,00%","30,00%","100,00%","0,1300","0,1300","0,2000","0,0810","0,2700","1,0000",81%,1,Level 2
may 25,PERÚ,SYSTEMS,CROSS SYSTEMS,5360,COMMERCIAL SUPPORT,7,5,6,7,15,16,"3,5",6,"0,1744","0,1307","33,4112",392,2.247.279,338,2.585.115,"71,43%","85,71%","93,75%","58,33%","0,00%","0,0929","0,1114","0,1875","0,1575","0,0000","1,0000",55%,0,Not certified
may 25,PERÚ,SYSTEMS,ENTERPRISE,58,ENTERPRISE BANKING CANALES WEB & MOBILE,12,9,12,12,14,14,"5,5",9,"0,6188","0,6188","0,0076",3.324,5.371.266,3.324,5.371.676,"75,00%","100,00%","100,00%","61,11%","0,00%","0,0975","0,1300","0,2000","0,1650","0,0000","1,0000",59%,0,Not certified
may 25,PERÚ,SYSTEMS,ENTERPRISE,60,ENTERPRISE BRANCH,2,2,2,2,16,16,"0,0",1,"0,0772","0,0836","-7,6182",51,660.328,55,657.868,"100,00%","100,00%","100,00%","0,00%","75,00%","0,1300","0,1300","0,2000","0,0000","0,2025","1,0000",66%,0,Not certified
may 25,PERÚ,SYSTEMS,ENTERPRISE,329,OPEN BANKING,5,5,5,5,2,2,"1,0",2,"0,0000","0,0000","0,0000",0,2.324,0,2.450,"100,00%","100,00%","100,00%","50,00%","100,00%","0,1300","0,1300","0,2000","0,1350","0,2700","1,0000",87%,1,Level 2
may 25,PERÚ,SYSTEMS,FINANCE,80,FINANCE,16,16,16,16,17,18,"4,5",7,"0,0479","0,2166","-77,8755",136,2.837.730,683,3.153.017,"100,00%","100,00%","94,44%","64,29%","100,00%","0,1300","0,1300","0,1889","0,1736","0,2700","1,0000",89%,1,Level 2
may 25,PERÚ,SYSTEMS,FINANCE,378,ACCOUNTING,7,7,7,7,21,21,"5,0",7,"0,2617","0,2921","-10,3956",154,588.384,168,575.147,"100,00%","100,00%","100,00%","71,43%","0,00%","0,1300","0,1300","0,2000","0,1929","0,0000","1,0000",65%,0,Not certified
may 25,PERÚ,SYSTEMS,LOANS,53,CONSUMER FINANCE,5,1,4,4,11,11,"2,5",3,"0,0000","0,0000","0,0000",0,1.419.801,0,1.420.446,"20,00%","100,00%","100,00%","83,33%","100,00%","0,0260","0,1300","0,2000","0,2250","0,2700","1,0000",85%,1,Level 2
may 25,PERÚ,SYSTEMS,LOANS,55,LOANS,7,5,5,7,2,2,"2,0",2,"0,0000","0,0000","0,0000",0,25.191,0,5.290,"71,43%","71,43%","100,00%","100,00%","100,00%","0,0929","0,0929","0,2000","0,2700","0,2700","1,0000",93%,1,Level 3
may 25,PERÚ,SYSTEMS,LOANS,6190,LOANS OTHER PRODUCTS,14,0,14,14,8,8,"5,0",6,"0,4224","0,7189","-41,2485",635,1.503.405,1.236,1.719.254,"0,00%","100,00%","100,00%","83,33%","0,00%","0,0000","0,1300","0,2000","0,2250","0,0000","1,0000",56%,0,Not certified
may 25,PERÚ,SYSTEMS,PAYMENT METHODS,263,ADQUIRENCIA,2,0,2,2,14,14,"1,0",2,"0,0000","0,0000","0,0000",0,239.433,0,229.996,"0,00%","100,00%","100,00%","50,00%","100,00%","0,0000","0,1300","0,2000","0,1350","0,2700","1,0000",74%,1,Level 1
may 25,PERÚ,SYSTEMS,PAYMENT METHODS,264,OTHER PAYMENT PRODUCTS & SERVICES,4,2,4,4,8,8,"2,5",4,"0,0000","0,0000","0,0000",0,326.480,0,331.318,"50,00%","100,00%","100,00%","62,50%","100,00%","0,0650","0,1300","0,2000","0,1688","0,2700","1,0000",83%,1,Level 2
may 25,PERÚ,SYSTEMS,PAYMENT METHODS,265,ISSUING,4,3,2,4,10,10,"1,5",3,"0,0000","0,0000","0,0000",0,1.974.818,0,1.967.083,"75,00%","50,00%","100,00%","50,00%","100,00%","0,0975","0,0650","0,2000","0,1350","0,2700","1,0000",77%,1,Level 1
may 25,PERÚ,SYSTEMS,PAYMENT METHODS,7282,NEW PAYMENT RAILS,1,1,1,1,28,30,"0,0",1,"0,0000","0,0000","0,0000",0,247.795,0,247.045,"100,00%","100,00%","93,33%","0,00%","100,00%","0,1300","0,1300","0,1867","0,0000","0,2700","1,0000",72%,1,Level 1
may 25,PERÚ,SYSTEMS,RETAIL,94,CRM & DIGITAL MARKETING,2,2,2,2,1,1,"1,5",2,"0,0066","0,0066","0,0000",1,151.188,1,151.188,"100,00%","100,00%","100,00%","75,00%","50,00%","0,1300","0,1300","0,2000","0,2025","0,1350","1,0000",80%,1,Level 1
may 25,PERÚ,SYSTEMS,RETAIL,180,MOBILE CHANNELS,9,9,9,9,45,46,"2,0",4,"0,0000","0,0022","-100,0000",0,1.280.334,3,1.389.856,"100,00%","100,00%","97,83%","50,00%","100,00%","0,1300","0,1300","0,1957","0,1350","0,2700","1,0000",86%,1,Level 2
may 25,PERÚ,SYSTEMS,RETAIL,181,CONTACT CENTER,3,3,1,1,0,0,"1,5",3,"0,0371","0,0374","-0,7897",24,647.063,24,641.953,"100,00%","100,00%",-,"50,00%","75,00%","0,1300","0,1300",-,"0,1350","0,2025","0,8000",75%,1,Level 1
may 25,PERÚ,SYSTEMS,RETAIL,182,AGENTES CORRESPONSALES,3,3,3,3,0,0,"0,0",1,"1,0259","0,5652","81,4942",1.262,1.230.161,876,1.549.778,"100,00%","100,00%",-,"0,00%","0,00%","0,1300","0,1300",-,"0,0000","0,0000","0,8000",33%,0,Not certified
may 25,PERÚ,SYSTEMS,RETAIL,183,ATMS Y AUTOSERVICIOS,6,6,6,6,2,2,"2,0",3,"0,0000","0,0000","0,0000",0,1.605.180,0,1.597.571,"100,00%","100,00%","100,00%","66,67%","100,00%","0,1300","0,1300","0,2000","0,1800","0,2700","1,0000",91%,1,Level 3
may 25,PERÚ,SYSTEMS,RETAIL,184,BRANCHES & SALES ADVISORY,14,13,13,14,1,1,"5,0",8,"0,0902","0,0892","1,1222",75,831.211,74,829.332,"92,86%","92,86%","100,00%","62,50%","25,00%","0,1207","0,1207","0,2000","0,1688","0,0675","1,0000",68%,0,Not certified
may 25,PERÚ,SYSTEMS,RETAIL,185,WEB Y PORTALES,6,6,6,6,5,5,"2,0",4,"0,0089","0,0129","-31,0510",14,1.576.835,20,1.553.159,"100,00%","100,00%","100,00%","50,00%","100,00%","0,1300","0,1300","0,2000","0,1350","0,2700","1,0000",87%,1,Level 2
may 25,PERÚ,SYSTEMS,RISK,39,RISKS,20,14,6,20,12,12,"9,0",15,"0,2518","0,3455","-27,1011",885,3.514.242,1.756,5.083.162,"70,00%","30,00%","100,00%","60,00%","0,00%","0,0910","0,0390","0,2000","0,1620","0,0000","1,0000",49%,0,Not certified
may 25,PERÚ,SYSTEMS,RISK,393,COLLECTIONS,6,6,5,5,17,17,"3,0",5,"0,0000","0,0000","0,0000",0,222.740,0,217.934,"100,00%","100,00%","100,00%","60,00%","100,00%","0,1300","0,1300","0,2000","0,1620","0,2700","1,0000",89%,1,Level 2
may 25,PERÚ,SYSTEMS,SYSTEM OFFICE MIRST,6110,TESTING TOOLS,0,0,0,0,0,0,"0,0",0,"-99,0000","-99,0000","0,0000",0,0,0,0,-,-,-,-,-,-,-,-,-,-,"0,0000",No tiene el mínimo para calcular indicadores,-,-
may 25,PERÚ,SYSTEMS,SYSTEM OFFICE MIRST,6136,DEVOPS - CI/CD,0,0,0,0,0,0,"0,0",0,"-99,0000","-99,0000","0,0000",0,0,0,0,-,-,-,-,-,-,-,-,-,-,"0,0000",No tiene el mínimo para calcular indicadores,-,-
may 25,PERÚ,SYSTEMS,SYSTEM OFFICE MIRST,7150,Z PERU,0,0,0,0,0,0,"0,0",0,"-99,0000","-99,0000","0,0000",0,0,0,0,-,-,-,-,-,-,-,-,-,-,"0,0000",No tiene el mínimo para calcular indicadores,-,-
may 25,RETAIL CLIENT SOLUTIONS,CROSS,CONTENT MANAGEMENT,288,CONTENT MANAGEMENT,7,7,7,7,1,1,"3,5",6,"0,0593","0,0161","267,3135",292,4.927.555,92,5.702.606,"100,00%","100,00%","100,00%","58,33%","0,00%","0,1300","0,1300","0,2000","0,1575","0,0000","1,0000",62%,0,Not certified
may 25,RETAIL CLIENT SOLUTIONS,CROSS,DATA & ANALYTICS,170,DATA & ANALYTICS,3,3,4,4,12,12,"2,0",5,"0,0059","0,0059","0,2093",1,168.141,1,168.493,"100,00%","100,00%","100,00%","40,00%","25,00%","0,1300","0,1300","0,2000","0,1080","0,0675","1,0000",64%,0,Not certified
may 25,RETAIL CLIENT SOLUTIONS,CROSS,DIGITAL ASSETS,6576,DIGITAL ASSETS,0,0,1,1,0,0,"2,0",2,"0,0000","0,0000","0,0000",0,195.636,0,189.152,-,"100,00%",-,"100,00%","100,00%",-,"0,1300",-,"0,2700","0,2700","0,6700",100%,1,Level 3
may 25,RETAIL CLIENT SOLUTIONS,CROSS,OPTIMIZATION & FUNNEL HEALTH,32,OPTIMIZATION & FUNNEL HEALTH,10,8,4,5,0,0,"5,0",7,"0,0075","0,0095","-21,5332",2,267.145,2,209.620,"80,00%","80,00%",-,"71,43%","100,00%","0,1040","0,1040",-,"0,1929","0,2700","0,8000",84%,1,Level 2
may 25,RETAIL CLIENT SOLUTIONS,CROSS,TRAFFIC GENERATION & MARKETING AUTOMATION,339,TRAFFIC GENERATION & MARKETING AUTOMATION,0,0,2,2,0,0,"2,0",3,"0,0000","0,0000","0,0000",0,39.321,0,39.321,-,"100,00%",-,"66,67%","100,00%",-,"0,1300",-,"0,1800","0,2700","0,6700",87%,1,Level 2
may 25,RETAIL CLIENT SOLUTIONS,RETAIL,,7028,US GWA,3,0,0,3,0,0,"0,0",0,"-99,0000","-99,0000","0,0000",0,0,0,0,"0,00%","0,00%",-,-,-,"0,0000","0,0000",-,-,-,"0,2600",0%,0,Not certified
may 25,RETAIL CLIENT SOLUTIONS,RETAIL,AM&GW,6250,AM&GW,1,1,1,1,3,3,"0,0",1,"0,0165","0,0165","0,0000",48,2.916.881,48,2.916.881,"100,00%","100,00%","100,00%","0,00%","50,00%","0,1300","0,1300","0,2000","0,0000","0,1350","1,0000",60%,0,Not certified
may 25,RETAIL CLIENT SOLUTIONS,RETAIL,RETAIL - INFRA MULTICANAL,292,INFRAESTRUCTURA MULTICANAL - RETAIL,0,0,1,1,3,3,"1,0",1,"0,0000","0,0000","0,0000",0,995.648,0,984.049,-,"100,00%","100,00%","100,00%","100,00%",-,"0,1300","0,2000","0,2700","0,2700","0,8700",100%,1,Level 3
may 25,RETAIL CLIENT SOLUTIONS,RETAIL,RETAIL - MOBILE,287,PLATAFORMA RETAIL - MOBILE,4,2,8,10,83,96,"5,0",9,"0,0014","0,0012","14,7674",16,11.243.958,16,12.904.398,"50,00%","80,00%","86,46%","55,56%","100,00%","0,0650","0,1040","0,1729","0,1500","0,2700","1,0000",76%,1,Level 1
may 25,RETAIL CLIENT SOLUTIONS,RETAIL,RETAIL - MOBILE,7721,SUSTAINABILITY - COMMERCIAL,0,0,1,1,6,7,"1,0",1,"0,0000","0,0000","0,0000",0,166.505,0,166.393,-,"100,00%","85,71%","100,00%","100,00%",-,"0,1300","0,1714","0,2700","0,2700","0,8700",97%,1,Level 3
may 25,RETAIL CLIENT SOLUTIONS,RETAIL,RETAIL - PAYMENTS,439,GP2 - HORUS,1,1,1,1,0,0,"0,0",0,"0,0000","0,0000","0,0000",0,4.827,0,4.827,"100,00%","100,00%",-,-,"100,00%","0,1300","0,1300",-,-,"0,2700","0,5300",100%,1,Level 3
may 25,RETAIL CLIENT SOLUTIONS,RETAIL,RETAIL - PAYMENTS,440,GP2 - TOHU,2,1,2,2,0,0,"0,0",2,"0,0000","0,0000","0,0000",0,32.961,0,29.887,"50,00%","100,00%",-,"0,00%","100,00%","0,0650","0,1300",-,"0,0000","0,2700","0,8000",58%,0,Not certified
may 25,RETAIL CLIENT SOLUTIONS,RETAIL,RETAIL - PAYMENTS,441,GP2 - BCEA,1,1,1,1,0,0,"0,0",0,"-99,0000","-99,0000","0,0000",0,0,0,0,"100,00%","100,00%",-,-,-,"0,1300","0,1300",-,-,-,"0,2600",100%,1,Level 3
may 25,RETAIL CLIENT SOLUTIONS,RETAIL,RETAIL - PAYMENTS,4964,PLATAFORMA ADQUIRENCIA,0,0,1,3,0,0,"3,0",3,"0,0000","0,0000","0,0000",0,163.924,0,155.638,-,"33,33%",-,"100,00%","100,00%",-,"0,0433",-,"0,2700","0,2700","0,6700",87%,1,Level 2
may 25,RETAIL CLIENT SOLUTIONS,RETAIL,RETAIL - PAYMENTS,7165,PLATAFORMA EMISION,0,0,1,2,0,0,"2,0",2,"0,0000","0,0000","0,0000",0,31.681,0,26.487,-,"50,00%",-,"100,00%","100,00%",-,"0,0650",-,"0,2700","0,2700","0,6700",90%,1,Level 3
may 25,RETAIL CLIENT SOLUTIONS,RETAIL,RETAIL-PRESCRIPTION BUSINESS,53,CONSUMER FINANCE,0,0,1,3,0,0,"2,0",3,"0,0000","0,0000","0,0000",0,2.996,0,2.996,-,"33,33%",-,"66,67%","100,00%",-,"0,0433",-,"0,1800","0,2700","0,6700",74%,1,Level 1
may 25,RETAIL CLIENT SOLUTIONS,RETAIL,SMES,7434,SMES,0,0,1,2,16,16,"1,0",1,"0,0000","0,0000","0,0000",0,106.702,0,87.635,-,"50,00%","100,00%","100,00%","100,00%",-,"0,0650","0,2000","0,2700","0,2700","0,8700",93%,1,Level 3
may 25,URUGUAY,Engineering & Data,DE #ONE Datahub Uruguay,5685,Engineering & Data,1,1,1,1,0,0,"0,0",1,"0,0000","0,0000","0,0000",0,0,0,3.086,"100,00%","100,00%",-,"0,00%",-,"0,1300","0,1300",-,"0,0000",-,"0,5300",49%,0,Not certified
may 25,URUGUAY,SYSTEMS ENGINEERING,,224,CHANNELS,17,0,2,17,5,6,"4,0",12,"0,3577","0,3560","0,4905",3.024,8.453.581,3.104,8.719.779,"0,00%","11,76%","83,33%","33,33%","0,00%","0,0000","0,0153","0,1667","0,0900","0,0000","1,0000",27%,0,Not certified
may 25,URUGUAY,SYSTEMS ENGINEERING,,350,CROSS SYSTEMS,3,0,1,3,0,0,"2,0",3,"0,0000","0,0000","0,0000",0,14.641,0,14.641,"0,00%","33,33%",-,"66,67%","100,00%","0,0000","0,0433",-,"0,1800","0,2700","0,8000",62%,0,Not certified
may 25,URUGUAY,SYSTEMS ENGINEERING,,4801,CFE,11,1,0,11,0,0,"1,0",3,"0,0000","0,0000","0,0000",0,14.696,0,14.696,"9,09%","0,00%",-,"33,33%","100,00%","0,0118","0,0000",-,"0,0900","0,2700","0,8000",46%,0,Not certified
may 25,URUGUAY,SYSTEMS ENGINEERING,,5117,CORE BANKING,19,0,0,19,6,7,"5,0",8,"0,0000","0,0000","0,0000",0,1.132.270,0,951.568,"0,00%","0,00%","85,71%","62,50%","100,00%","0,0000","0,0000","0,1714","0,1688","0,2700","1,0000",61%,0,Not certified
may 25,VENEZUELA,SYSTEMS,BANKING SYSTEMS,61,ASSET MANAGEMENT,10,10,10,10,1,1,"1,0",1,"-99,0000","-99,0000","0,0000",0,0,0,0,"100,00%","100,00%","100,00%","100,00%",-,"0,1300","0,1300","0,2000","0,2700",-,"0,7300",100%,1,Level 3
may 25,VENEZUELA,SYSTEMS,BANKING SYSTEMS,298,RISK,15,15,16,16,1,1,"10,0",10,"-99,0000","-99,0000","0,0000",0,0,0,0,"100,00%","100,00%","100,00%","100,00%",-,"0,1300","0,1300","0,2000","0,2700",-,"0,7300",100%,1,Level 3
may 25,VENEZUELA,SYSTEMS,BANKING SYSTEMS,299,BANKING CREDIT PRODUCTS,6,6,6,6,1,1,"1,0",1,"-99,0000","-99,0000","0,0000",0,0,0,0,"100,00%","100,00%","100,00%","100,00%",-,"0,1300","0,1300","0,2000","0,2700",-,"0,7300",100%,1,Level 3
may 25,VENEZUELA,SYSTEMS,CHANNELS,153,BRANCH,6,6,6,6,2,2,"3,0",3,"0,0000","0,0000","0,0000",0,1.694.158,0,1.694.158,"100,00%","100,00%","100,00%","100,00%","100,00%","0,1300","0,1300","0,2000","0,2700","0,2700","1,0000",100%,1,Level 3
may 25,VENEZUELA,SYSTEMS,CHANNELS,269,OTHER WEB & CC,18,15,14,15,2,2,"4,0",10,"0,0138","0,0139","-0,7841",44,3.179.198,44,3.154.271,"83,33%","93,33%","100,00%","40,00%","75,00%","0,1083","0,1213","0,2000","0,1080","0,2025","1,0000",74%,1,Level 1
may 25,VENEZUELA,SYSTEMS,CHANNELS,270,ENTERPRISE WEB & MOBILE,13,13,13,13,0,0,"3,0",4,"0,2012","0,2225","-9,6027",415,2.062.962,415,1.864.862,"100,00%","100,00%",-,"75,00%","0,00%","0,1300","0,1300",-,"0,2025","0,0000","0,8000",58%,0,Not certified
may 25,VENEZUELA,SYSTEMS,CHANNELS,271,RETAIL WEB & MOBILE,8,8,8,8,4,11,"1,0",2,"0,0610","0,0615","-0,8149",132,2.164.368,132,2.146.730,"100,00%","100,00%","36,36%","50,00%","75,00%","0,1300","0,1300","0,0727","0,1350","0,2025","1,0000",67%,0,Not certified
may 25,VENEZUELA,SYSTEMS,CORPORATE FUNCTIONS,80,FINANCE,17,17,17,17,1,1,"0,0",1,"-99,0000","-99,0000","0,0000",0,0,0,0,"100,00%","100,00%","100,00%","0,00%",-,"0,1300","0,1300","0,2000","0,0000",-,"0,7300",63%,0,Not certified
may 25,VENEZUELA,SYSTEMS,CORPORATE FUNCTIONS,200,TALENT & CULTURE,9,9,9,9,0,0,"0,0",0,"-99,0000","-99,0000","0,0000",0,0,0,0,"100,00%","100,00%",-,-,-,"0,1300","0,1300",-,-,-,"0,2600",100%,1,Level 3
may 25,VENEZUELA,SYSTEMS,CORPORATE FUNCTIONS,290,COMPLIANCE & DATA,11,11,10,10,1,1,"2,0",3,"0,0000","0,0000","0,0000",0,1.593,0,464,"100,00%","100,00%","100,00%","66,67%","100,00%","0,1300","0,1300","0,2000","0,1800","0,2700","1,0000",91%,1,Level 3
may 25,VENEZUELA,SYSTEMS,CORPORATE FUNCTIONS,291,INTRANET,7,7,7,7,4,4,"3,0",3,"0,0000","0,0000","0,0000",0,14.484.607,0,14.459.693,"100,00%","100,00%","100,00%","100,00%","100,00%","0,1300","0,1300","0,2000","0,2700","0,2700","1,0000",100%,1,Level 3
may 25,VENEZUELA,SYSTEMS,CROSS SERVICES,54,INTERBANK PAYMENTS,8,8,8,8,0,0,"3,0",4,"0,0000","0,0000","0,0000",0,686.690,0,686.690,"100,00%","100,00%",-,"75,00%","100,00%","0,1300","0,1300",-,"0,2025","0,2700","0,8000",92%,1,Level 3
may 25,VENEZUELA,SYSTEMS,CROSS SERVICES,169,ACCOUNTS,5,5,5,5,3,3,"1,5",2,"0,0000","0,0000","0,0000",0,10.414,0,2.716,"100,00%","100,00%","100,00%","75,00%","100,00%","0,1300","0,1300","0,2000","0,2025","0,2700","1,0000",93%,1,Level 3
may 25,VENEZUELA,SYSTEMS,CROSS SERVICES,350,CROSS SYSTEMS,13,13,13,13,3,3,"6,0",6,"0,0000","0,0000","0,0000",0,126,0,126,"100,00%","100,00%","100,00%","100,00%","100,00%","0,1300","0,1300","0,2000","0,2700","0,2700","1,0000",100%,1,Level 3
may 25,VENEZUELA,SYSTEMS,PAYMENT,201,ISSUING(EMISOR/AUTORIZADOR),4,4,4,4,1,1,"1,0",2,"0,0000","0,0000","0,0000",0,15.915,0,4.667,"100,00%","100,00%","100,00%","50,00%","100,00%","0,1300","0,1300","0,2000","0,1350","0,2700","1,0000",87%,1,Level 2
may 25,VENEZUELA,SYSTEMS,PAYMENT,202,MERCHANTS ACQUIARING,4,4,4,4,0,0,"2,0",2,"-99,0000","-99,0000","0,0000",0,0,0,0,"100,00%","100,00%",-,"100,00%",-,"0,1300","0,1300",-,"0,2700",-,"0,5300",100%,1,Level 3
may 25,VENEZUELA,SYSTEMS,PAYMENT,203,OTHERS PAYMENTS,6,6,6,6,5,5,"4,0",4,"-99,0000","-99,0000","0,0000",0,0,0,0,"100,00%","100,00%","100,00%","100,00%",-,"0,1300","0,1300","0,2000","0,2700",-,"0,7300",100%,1,Level 3
jun 25,ARGENTINA,INGENIERÍA & DATA,ALPHA ARCHITECTURE,3572,ALPHA,1,1,1,1,67,71,"1,0",1,"0,0000","0,0000","0,0000",0,59.381,0,28.857,"100,00%","100,00%","94,37%","100,00%","100,00%","0,1300","0,1300","0,1887","0,2700","0,2700","1,0000",99%,1,Level 3
jun 25,ARGENTINA,INGENIERÍA & DATA,DATAHUB ARGENTINA,4343,DATIO-AR RIESGOS Y FINANZAS,1,1,1,1,43,47,"1,0",1,"0,0000","0,0000","0,0000",0,26.056,0,1.120,"100,00%","100,00%","91,49%","100,00%","100,00%","0,1300","0,1300","0,1830","0,2700","0,2700","1,0000",98%,1,Level 3
jun 25,ARGENTINA,INGENIERÍA & DATA,DATAHUB ARGENTINA,4344,DATIO-AR MODELOS LOCALES,1,1,1,1,26,26,"1,0",1,"0,0000","0,0000","0,0000",0,35.829,0,17.405,"100,00%","100,00%","100,00%","100,00%","100,00%","0,1300","0,1300","0,2000","0,2700","0,2700","1,0000",100%,1,Level 3
jun 25,ARGENTINA,INGENIERÍA & DATA,DATAHUB ARGENTINA,4345,DATIO-AR MODELOS GLOBALES,1,1,1,1,126,134,"1,0",1,"0,0000","0,0000","0,0000",0,55.972,0,4.478,"100,00%","100,00%","94,03%","100,00%","100,00%","0,1300","0,1300","0,1881","0,2700","0,2700","1,0000",99%,1,Level 3
jun 25,ARGENTINA,SYSTEMS ENGINEERING,ADQUIRENCIA,416,PA02 MERCHANTS-ACQUIRING / COMERCIOS-ADQUIRENCIA,4,4,4,4,16,16,"3,0",4,"-99,0000","-99,0000","0,0000",0,0,0,0,"100,00%","100,00%","100,00%","75,00%",-,"0,1300","0,1300","0,2000","0,2025",-,"0,7300",91%,1,Level 3
jun 25,ARGENTINA,SYSTEMS ENGINEERING,ADQUIRENCIA,4851,PA04 BBVA ADQUIRENTE - CICLO DE VIDA COMERCIOS,3,3,3,3,18,18,"0,5",1,"0,0000","0,0000","0,0000",0,32.376,0,31.688,"100,00%","100,00%","100,00%","50,00%","100,00%","0,1300","0,1300","0,2000","0,1350","0,2700","1,0000",87%,1,Level 2
jun 25,ARGENTINA,SYSTEMS ENGINEERING,ADQUIRENCIA,4853,PA03 PSP - MERCURIO,1,1,1,1,1,1,"0,0",1,"0,0000","0,0000","0,0000",0,34.694,0,32.950,"100,00%","100,00%","100,00%","0,00%","100,00%","0,1300","0,1300","0,2000","0,0000","0,2700","1,0000",73%,1,Level 1
jun 25,ARGENTINA,SYSTEMS ENGINEERING,ADQUIRENCIA,5297,PA05 BBVA ADQUIRENTE - TRANSACCIONALIDAD,0,0,0,0,4,4,"1,0",2,"0,0000","0,0000","0,0000",0,9.030,0,8.742,-,-,"100,00%","50,00%","100,00%",-,-,"0,2000","0,1350","0,2700","0,7400",82%,1,Level 2
jun 25,ARGENTINA,SYSTEMS ENGINEERING,ADQUIRENCIA,7836,PA06 BBVA ADQUIRENTE - ULTIMA MILLA,0,0,0,0,0,0,"0,0",0,"-99,0000","-99,0000","0,0000",0,0,0,0,-,-,-,-,-,-,-,-,-,-,"0,0000",No tiene el mínimo para calcular indicadores,-,-
jun 25,ARGENTINA,SYSTEMS ENGINEERING,CANALES EMPRESAS,379,AR02 ENTERPRISE WEB CORE,2,2,2,2,0,0,"0,0",0,"-99,0000","-99,0000","0,0000",0,0,0,0,"100,00%","100,00%",-,-,-,"0,1300","0,1300",-,-,-,"0,2600",100%,1,Level 3
jun 25,ARGENTINA,SYSTEMS ENGINEERING,CANALES EMPRESAS,381,EB02 ENTERPRISE MOBILE / MOVILES EMPRESAS,1,1,0,1,0,0,"0,0",0,"0,0472","0,0000","0,0000",17,360.221,0,360.221,"100,00%","0,00%",-,-,"0,00%","0,1300","0,0000",-,-,"0,0000","0,5300",25%,0,Not certified
jun 25,ARGENTINA,SYSTEMS ENGINEERING,CANALES EMPRESAS,382,EB01 ENTERPRISE WEB / WEB EMPRESAS,4,4,1,4,17,17,"0,0",1,"0,0048","0,0057","-14,9640",6,1.238.756,7,1.228.953,"100,00%","25,00%","100,00%","0,00%","100,00%","0,1300","0,0325","0,2000","0,0000","0,2700","1,0000",63%,0,Not certified
jun 25,ARGENTINA,SYSTEMS ENGINEERING,CANALES EMPRESAS,4264,AR37 WEB PUBLICA EMPRESAS,2,2,0,2,1,1,"0,0",0,"0,0000","0,0000","0,0000",0,26.630,0,26.630,"100,00%","0,00%","100,00%",-,"100,00%","0,1300","0,0000","0,2000",-,"0,2700","0,7300",82%,1,Level 2
jun 25,ARGENTINA,SYSTEMS ENGINEERING,CANALES EMPRESAS,4651,EB03 Canales Empresas,5,5,2,5,0,0,"2,0",3,"0,0000","-99,0000","0,0000",0,16.363,0,0,"100,00%","40,00%",-,"66,67%","100,00%","0,1300","0,0520",-,"0,1800","0,2700","0,8000",79%,1,Level 1
jun 25,ARGENTINA,SYSTEMS ENGINEERING,CANALES EMPRESAS,5963,AR43 OPEN BANKING EMPRESAS,1,1,1,1,3,3,"1,0",1,"0,0000","0,0000","0,0000",0,568,0,568,"100,00%","100,00%","100,00%","100,00%","100,00%","0,1300","0,1300","0,2000","0,2700","0,2700","1,0000",100%,1,Level 3
jun 25,ARGENTINA,SYSTEMS ENGINEERING,CANALES EMPRESAS,5964,AR42 ETPB,1,1,1,1,1,1,"0,5",1,"0,0000","0,0000","0,0000",0,2.129,0,1.933,"100,00%","100,00%","100,00%","50,00%","100,00%","0,1300","0,1300","0,2000","0,1350","0,2700","1,0000",87%,1,Level 2
jun 25,ARGENTINA,SYSTEMS ENGINEERING,CANALES EMPRESAS,6478,AR44 PLATAFORMA SENDA ARG,5,5,3,5,11,12,"0,0",1,"0,0000","0,0000","0,0000",0,40.240,0,40.227,"100,00%","60,00%","91,67%","0,00%","100,00%","0,1300","0,0780","0,1833","0,0000","0,2700","1,0000",66%,0,Not certified
jun 25,ARGENTINA,SYSTEMS ENGINEERING,CANALES EMPRESAS,6479,AR45 HELP DESK ARG,1,1,0,1,0,0,"0,0",0,"-99,0000","-99,0000","0,0000",0,0,0,0,"100,00%","0,00%",-,-,-,"0,1300","0,0000",-,-,-,"0,2600",50%,0,Not certified
jun 25,ARGENTINA,SYSTEMS ENGINEERING,CANALES EMPRESAS,6696,AR46 GEMA ARG,1,1,0,1,10,10,"0,0",0,"0,0000","0,0000","0,0000",0,50.326,0,50.326,"100,00%","0,00%","100,00%",-,"100,00%","0,1300","0,0000","0,2000",-,"0,2700","0,7300",82%,1,Level 2
jun 25,ARGENTINA,SYSTEMS ENGINEERING,CASH MANAGEMENT,140,AR28 PAGOS Y COBROS,10,10,6,10,9,10,"7,0",9,"0,9335","0,0000","0,0000",31,33.208,0,33.208,"100,00%","60,00%","90,00%","77,78%","0,00%","0,1300","0,0780","0,1800","0,2100","0,0000","1,0000",60%,0,Not certified
jun 25,ARGENTINA,SYSTEMS ENGINEERING,CASH MANAGEMENT,141,AR27 GESTIÓN DE CHEQUES,1,1,1,1,1,1,"1,0",1,"-99,0000","-99,0000","0,0000",0,0,0,0,"100,00%","100,00%","100,00%","100,00%",-,"0,1300","0,1300","0,2000","0,2700",-,"0,7300",100%,1,Level 3
jun 25,ARGENTINA,SYSTEMS ENGINEERING,CASH MANAGEMENT,142,PE01 PENSIONS,9,9,9,9,6,8,"5,0",5,"0,0000","0,0000","0,0000",0,107.761,0,105.907,"100,00%","100,00%","75,00%","100,00%","100,00%","0,1300","0,1300","0,1500","0,2700","0,2700","1,0000",95%,1,Level 3
jun 25,ARGENTINA,SYSTEMS ENGINEERING,CASH MANAGEMENT,7624,AR53 PAGOS NOMINAS / CONVENIOS,5,5,5,5,13,13,"3,0",4,"-99,0000","-99,0000","0,0000",0,0,0,0,"100,00%","100,00%","100,00%","75,00%",-,"0,1300","0,1300","0,2000","0,2025",-,"0,7300",91%,1,Level 3
jun 25,ARGENTINA,SYSTEMS ENGINEERING,CASH MANAGEMENT,7625,AR50 EFECTOS,1,1,1,1,17,17,"1,0",1,"-99,0000","-99,0000","0,0000",0,0,0,0,"100,00%","100,00%","100,00%","100,00%",-,"0,1300","0,1300","0,2000","0,2700",-,"0,7300",100%,1,Level 3
jun 25,ARGENTINA,SYSTEMS ENGINEERING,CASH MANAGEMENT,7626,AR51 ECHEQ / FCEM,2,2,2,2,8,8,"1,5",2,"0,0000","0,0000","0,0000",0,42.224,0,42.224,"100,00%","100,00%","100,00%","75,00%","100,00%","0,1300","0,1300","0,2000","0,2025","0,2700","1,0000",93%,1,Level 3
jun 25,ARGENTINA,SYSTEMS ENGINEERING,COMEX,435,AR16 COMERCIO EXTERIOR,8,7,7,8,8,8,"4,0",6,"0,0000","0,0000","0,0000",0,6.139,0,6.139,"87,50%","87,50%","100,00%","66,67%","100,00%","0,1138","0,1138","0,2000","0,1800","0,2700","1,0000",88%,1,Level 2
jun 25,ARGENTINA,SYSTEMS ENGINEERING,COMEX,7623,AR49 EXTRANJERO,6,6,6,6,13,13,"4,0",4,"0,0000","0,0000","0,0000",0,4.713,0,3.867,"100,00%","100,00%","100,00%","100,00%","100,00%","0,1300","0,1300","0,2000","0,2700","0,2700","1,0000",100%,1,Level 3
jun 25,ARGENTINA,SYSTEMS ENGINEERING,CORE PRODUCTS,332,AR21 SERVICIOS CORE FINANCIEROS,4,4,4,4,14,14,"4,0",4,"0,0000","0,0000","0,0000",0,769,0,769,"100,00%","100,00%","100,00%","100,00%","100,00%","0,1300","0,1300","0,2000","0,2700","0,2700","1,0000",100%,1,Level 3
jun 25,ARGENTINA,SYSTEMS ENGINEERING,CORE PRODUCTS,333,AR20 LOANS / PRÉSTAMOS,3,3,3,3,2,2,"3,0",3,"0,0000","0,0000","0,0000",0,3.038,0,3.038,"100,00%","100,00%","100,00%","100,00%","100,00%","0,1300","0,1300","0,2000","0,2700","0,2700","1,0000",100%,1,Level 3
jun 25,ARGENTINA,SYSTEMS ENGINEERING,CORE PRODUCTS,334,AR25 PEOPLE NEXTGEN,2,2,2,2,16,16,"0,5",1,"0,0000","0,0000","0,0000",0,85.615,0,84.515,"100,00%","100,00%","100,00%","50,00%","100,00%","0,1300","0,1300","0,2000","0,1350","0,2700","1,0000",87%,1,Level 2
jun 25,ARGENTINA,SYSTEMS ENGINEERING,CORE PRODUCTS,335,AR24 PEOPLE LEGACY,4,4,4,4,5,5,"1,0",3,"0,0000","0,0000","0,0000",0,246.378,0,246.378,"100,00%","100,00%","100,00%","33,33%","100,00%","0,1300","0,1300","0,2000","0,0900","0,2700","1,0000",82%,1,Level 2
jun 25,ARGENTINA,SYSTEMS ENGINEERING,CORE PRODUCTS,336,AR22 ACCOUNTS & DEPOSITS / CUENTAS,10,10,10,10,7,7,"6,0",9,"0,0000","0,0000","0,0000",0,121.876,0,121.876,"100,00%","100,00%","100,00%","66,67%","100,00%","0,1300","0,1300","0,2000","0,1800","0,2700","1,0000",91%,1,Level 3
jun 25,ARGENTINA,SYSTEMS ENGINEERING,CORE PRODUCTS,337,AR23 PEOPLE SERVICING,5,5,5,5,18,18,"3,0",3,"0,0000","0,0000","0,0000",0,197.080,0,197.080,"100,00%","100,00%","100,00%","100,00%","100,00%","0,1300","0,1300","0,2000","0,2700","0,2700","1,0000",100%,1,Level 3
jun 25,ARGENTINA,SYSTEMS ENGINEERING,CORE PRODUCTS,338,AR26 SERVICIOS PASIVOS,6,6,6,6,10,10,"5,0",6,"-99,0000","-99,0000","0,0000",0,0,0,0,"100,00%","100,00%","100,00%","83,33%",-,"0,1300","0,1300","0,2000","0,2250",-,"0,7300",94%,1,Level 3
jun 25,ARGENTINA,SYSTEMS ENGINEERING,CORPORATE FUNCTIONS,186,CF06 FINANCE / FINANZAS,13,13,13,13,8,8,"7,0",7,"-99,0000","-99,0000","0,0000",0,0,0,0,"100,00%","100,00%","100,00%","100,00%",-,"0,1300","0,1300","0,2000","0,2700",-,"0,7300",100%,1,Level 3
jun 25,ARGENTINA,SYSTEMS ENGINEERING,CORPORATE FUNCTIONS,187,CF07 PROCUREMENT,6,6,6,6,8,8,"2,0",3,"0,0000","0,0000","0,0000",0,85.530,0,85.385,"100,00%","100,00%","100,00%","66,67%","100,00%","0,1300","0,1300","0,2000","0,1800","0,2700","1,0000",91%,1,Level 3
jun 25,ARGENTINA,SYSTEMS ENGINEERING,CORPORATE FUNCTIONS,189,AR36 LOCAL SERVICES,9,9,8,9,4,4,"2,0",5,"0,0050","0,0149","-66,6692",3,603.116,9,603.070,"100,00%","88,89%","100,00%","40,00%","100,00%","0,1300","0,1156","0,2000","0,1080","0,2700","1,0000",82%,1,Level 2
jun 25,ARGENTINA,SYSTEMS ENGINEERING,CORPORATE FUNCTIONS,190,CF02 COMPLIANCE,7,7,7,7,9,9,"1,0",1,"0,2383","0,2383","0,0000",81,339.933,81,339.933,"100,00%","100,00%","100,00%","100,00%","0,00%","0,1300","0,1300","0,2000","0,2700","0,0000","1,0000",73%,1,Level 1
jun 25,ARGENTINA,SYSTEMS ENGINEERING,CORPORATE FUNCTIONS,191,CF03 LEGAL,1,1,1,1,5,5,"1,0",1,"-99,0000","-99,0000","0,0000",0,0,0,0,"100,00%","100,00%","100,00%","100,00%",-,"0,1300","0,1300","0,2000","0,2700",-,"0,7300",100%,1,Level 3
jun 25,ARGENTINA,SYSTEMS ENGINEERING,CORPORATE FUNCTIONS,192,AR19 DIGITALIZACIÓN DE IMAGENES,3,3,2,3,2,2,"1,0",2,"0,1141","0,0000","0,0000",17,148.970,0,148.964,"100,00%","66,67%","100,00%","50,00%","0,00%","0,1300","0,0867","0,2000","0,1350","0,0000","1,0000",55%,0,Not certified
jun 25,ARGENTINA,SYSTEMS ENGINEERING,CORPORATE FUNCTIONS,193,AR18 AUTOMATIZACIÓN DE PROCESOS,1,1,1,1,13,13,"0,0",0,"-99,0000","-99,0000","0,0000",0,0,0,0,"100,00%","100,00%","100,00%",-,-,"0,1300","0,1300","0,2000",-,-,"0,4600",100%,1,Level 3
jun 25,ARGENTINA,SYSTEMS ENGINEERING,CORPORATE FUNCTIONS,194,AR17 ENGINEERING SERVICES,11,11,10,11,4,4,"2,0",4,"0,0000","0,0140","-100,0000",0,312.092,4,285.431,"100,00%","90,91%","100,00%","50,00%","100,00%","0,1300","0,1182","0,2000","0,1350","0,2700","1,0000",85%,1,Level 2
jun 25,ARGENTINA,SYSTEMS ENGINEERING,CORPORATE FUNCTIONS,195,CF01 TALENT & CULTURA,17,17,13,13,8,8,"3,0",8,"0,0802","0,0802","-0,0027",75,935.258,75,935.233,"100,00%","100,00%","100,00%","37,50%","75,00%","0,1300","0,1300","0,2000","0,1013","0,2025","1,0000",76%,1,Level 1
jun 25,ARGENTINA,SYSTEMS ENGINEERING,CORPORATE FUNCTIONS,4265,AR38 SALUD FINANCIERA,2,2,1,2,0,0,"0,0",0,"0,0000","0,0000","0,0000",0,18.168,0,18.168,"100,00%","50,00%",-,-,"100,00%","0,1300","0,0650",-,-,"0,2700","0,5300",88%,1,Level 2
jun 25,ARGENTINA,SYSTEMS ENGINEERING,MEDIOS DE PAGO,409,AR06 COBRANZAS EMISIÓN TC,4,4,4,4,5,5,"3,0",4,"-99,0000","-99,0000","0,0000",0,0,0,0,"100,00%","100,00%","100,00%","75,00%",-,"0,1300","0,1300","0,2000","0,2025",-,"0,7300",91%,1,Level 3
jun 25,ARGENTINA,SYSTEMS ENGINEERING,MEDIOS DE PAGO,410,AR11 ABM,2,2,1,2,18,18,"1,0",1,"0,0000","0,0000","0,0000",0,12.067,0,12.039,"100,00%","50,00%","100,00%","100,00%","100,00%","0,1300","0,0650","0,2000","0,2700","0,2700","1,0000",94%,1,Level 3
jun 25,ARGENTINA,SYSTEMS ENGINEERING,MEDIOS DE PAGO,412,RB04 ATM /CAJEROS AUTOMATICOS,1,1,1,1,0,0,"1,0",1,"-99,0000","-99,0000","0,0000",0,0,0,0,"100,00%","100,00%",-,"100,00%",-,"0,1300","0,1300",-,"0,2700",-,"0,5300",100%,1,Level 3
jun 25,ARGENTINA,SYSTEMS ENGINEERING,MEDIOS DE PAGO,413,AR07 TARJETA DE DÉBITO,1,1,1,1,4,5,"1,0",1,"-99,0000","-99,0000","0,0000",0,0,0,0,"100,00%","100,00%","80,00%","100,00%",-,"0,1300","0,1300","0,1600","0,2700",-,"0,7300",95%,1,Level 3
jun 25,ARGENTINA,SYSTEMS ENGINEERING,MEDIOS DE PAGO,414,AR12 CONTABILIDAD TC,3,3,1,3,9,9,"3,0",3,"-99,0000","-99,0000","0,0000",0,0,0,0,"100,00%","33,33%","100,00%","100,00%",-,"0,1300","0,0433","0,2000","0,2700",-,"0,7300",88%,1,Level 2
jun 25,ARGENTINA,SYSTEMS ENGINEERING,MEDIOS DE PAGO,418,AR10 IMPUESTOS TC,2,2,2,2,3,3,"2,0",2,"-99,0000","-99,0000","0,0000",0,0,0,0,"100,00%","100,00%","100,00%","100,00%",-,"0,1300","0,1300","0,2000","0,2700",-,"0,7300",100%,1,Level 3
jun 25,ARGENTINA,SYSTEMS ENGINEERING,MEDIOS DE PAGO,7622,AR48 DISTRIBUCIÓN DE PRODUCTOS,2,2,1,2,3,3,"1,0",2,"0,0000","0,0000","0,0000",0,7.215,0,6.918,"100,00%","50,00%","100,00%","50,00%","100,00%","0,1300","0,0650","0,2000","0,1350","0,2700","1,0000",80%,1,Level 2
jun 25,ARGENTINA,SYSTEMS ENGINEERING,MERCADOS Y CUSTODIAS,433,CIB04 GLOBAL MARKET,6,4,4,6,58,58,"2,0",3,"0,0000","0,0000","0,0000",0,14.800,0,14.798,"66,67%","66,67%","100,00%","66,67%","100,00%","0,0867","0,0867","0,2000","0,1800","0,2700","1,0000",82%,1,Level 2
jun 25,ARGENTINA,SYSTEMS ENGINEERING,MERCADOS Y CUSTODIAS,7605,CIB07 ASSET MANAGEMENT,3,3,3,3,0,0,"2,0",2,"-99,0000","-99,0000","0,0000",0,0,0,0,"100,00%","100,00%",-,"100,00%",-,"0,1300","0,1300",-,"0,2700",-,"0,5300",100%,1,Level 3
jun 25,ARGENTINA,SYSTEMS ENGINEERING,MERCADOS Y CUSTODIAS,7608,CIB05 OPERATION DATA,1,1,1,1,0,0,"1,0",2,"0,0000","0,0000","0,0000",0,38.669,0,33.437,"100,00%","100,00%",-,"50,00%","100,00%","0,1300","0,1300",-,"0,1350","0,2700","0,8000",83%,1,Level 2
jun 25,ARGENTINA,SYSTEMS ENGINEERING,MERCADOS Y CUSTODIAS,7610,CIB06 ALYC,0,0,0,0,0,0,"1,0",2,"-99,0000","-99,0000","0,0000",0,0,0,0,-,-,-,"50,00%",-,-,-,-,"0,1350",-,"0,2700",50%,0,Not certified
jun 25,ARGENTINA,SYSTEMS ENGINEERING,MODELOS DE ATENCIÓN,136,RB05 RETAIL CONTACT CENTER / CONTACT CENTER PARTICULARES,7,7,6,7,12,13,"3,0",5,"5,7841","5,7849","-0,0153",792,136.928,792,136.907,"100,00%","85,71%","92,31%","60,00%","0,00%","0,1300","0,1114","0,1846","0,1620","0,0000","1,0000",59%,0,Not certified
jun 25,ARGENTINA,SYSTEMS ENGINEERING,MODELOS DE ATENCIÓN,137,AR34 GESTION SUCURSALES y RECLAMOS,2,2,2,2,33,33,"0,5",2,"0,2153","0,0000","0,0000",24,111.461,0,106.328,"100,00%","100,00%","100,00%","25,00%","0,00%","0,1300","0,1300","0,2000","0,0675","0,0000","1,0000",53%,0,Not certified
jun 25,ARGENTINA,SYSTEMS ENGINEERING,MODELOS DE ATENCIÓN,139,AR01 AUTOSERVICIOS SUCURSALES,4,4,3,4,5,5,"1,0",4,"0,0043","0,0000","0,0000",1,231.082,0,230.668,"100,00%","75,00%","100,00%","25,00%","0,00%","0,1300","0,0975","0,2000","0,0675","0,0000","1,0000",50%,0,Not certified
jun 25,ARGENTINA,SYSTEMS ENGINEERING,MODELOS DE ATENCIÓN,4263,RB07 CONTACT CENTER / GESTION DE MORA,4,4,4,4,13,14,"1,0",3,"-99,0000","-99,0000","0,0000",0,0,0,0,"100,00%","100,00%","92,86%","33,33%",-,"0,1300","0,1300","0,1857","0,0900",-,"0,7300",73%,1,Level 1
jun 25,ARGENTINA,SYSTEMS ENGINEERING,MODELOS DE ATENCIÓN,5854,AR41 TRAFFIC GENERATION & MARKETING AUTOMATION,1,1,1,1,0,0,"1,0",1,"0,1476","0,1476","0,0000",2,13.547,2,13.547,"100,00%","100,00%",-,"100,00%","50,00%","0,1300","0,1300",-,"0,2700","0,1350","0,8000",83%,1,Level 2
jun 25,ARGENTINA,SYSTEMS ENGINEERING,MODELOS DE ATENCIÓN,7602,AR30 TESORO y CAJA,2,2,1,2,0,0,"1,0",2,"0,0107","0,0000","0,0000",3,280.048,0,279.069,"100,00%","50,00%",-,"50,00%","0,00%","0,1300","0,0650",-,"0,1350","0,0000","0,8000",41%,0,Not certified
jun 25,ARGENTINA,SYSTEMS ENGINEERING,RIESGOS MAYORISTAS,188,CF05 RISKS / RIESGOS MAYORISTA,14,14,5,14,30,31,"10,0",11,"0,0000","0,0000","0,0000",0,85.880,0,73.191,"100,00%","35,71%","96,77%","90,91%","100,00%","0,1300","0,0464","0,1935","0,2455","0,2700","1,0000",89%,1,Level 2
jun 25,ARGENTINA,SYSTEMS ENGINEERING,STAFFING Y METODOLOGÍA,149,AR35 BRANCHES / OFICINAS OPERATORIA,3,3,3,3,0,0,"1,0",1,"0,3847","0,0046","8344,3076",1.520,3.950.677,18,3.950.613,"100,00%","100,00%",-,"100,00%","0,00%","0,1300","0,1300",-,"0,2700","0,0000","0,8000",66%,0,Not certified
jun 25,ARGENTINA,SYSTEMS ENGINEERING,SWF SEGUROS,72,IN01 INSURANCE DISTRIBUTION/CHANNELS WEB,6,6,0,6,0,0,"1,0",1,"0,0000","0,0000","0,0000",0,94.443,0,94.443,"100,00%","0,00%",-,"100,00%","100,00%","0,1300","0,0000",-,"0,2700","0,2700","0,8000",84%,1,Level 2
jun 25,ARGENTINA,SYSTEMS ENGINEERING,SWF SEGUROS,73,AR14 INSURANCE SERVICES,3,3,3,3,1,1,"2,0",2,"-99,0000","-99,0000","0,0000",0,0,0,0,"100,00%","100,00%","100,00%","100,00%",-,"0,1300","0,1300","0,2000","0,2700",-,"0,7300",100%,1,Level 3
jun 25,ARGENTINA,SYSTEMS ENGINEERING,SWF SEGUROS,74,AR13 INSURANCE DISTRIBUTION/CHANNELS CORE,5,5,2,5,0,0,"1,0",1,"-99,0000","-99,0000","0,0000",0,0,0,0,"100,00%","40,00%",-,"100,00%",-,"0,1300","0,0520",-,"0,2700",-,"0,5300",85%,1,Level 2
jun 25,ARGENTINA,SYSTEMS ENGINEERING,SWF VINCULADAS,5473,AM02 CONSUMER FINANCE,3,3,3,3,4,4,"3,0",3,"0,0000","0,0000","0,0000",0,101.752,0,102.965,"100,00%","100,00%","100,00%","100,00%","100,00%","0,1300","0,1300","0,2000","0,2700","0,2700","1,0000",100%,1,Level 3
jun 25,ARGENTINA,SYSTEMS ENGINEERING,SWF VINCULADAS,7632,AM05 CONSUMER FINANCE,12,12,10,12,5,5,"8,5",10,"0,0000","0,0000","0,0000",0,323.598,0,323.298,"100,00%","83,33%","100,00%","85,00%","100,00%","0,1300","0,1083","0,2000","0,2295","0,2700","1,0000",94%,1,Level 3
jun 25,ARGENTINA,SYSTEMS ENGINEERING,SWF VINCULADAS,7633,AM03 CONSUMER FINANCE,5,5,5,5,0,0,"0,5",1,"0,6890","0,6894","-0,0545",187,271.402,187,271.254,"100,00%","100,00%",-,"50,00%","0,00%","0,1300","0,1300",-,"0,1350","0,0000","0,8000",49%,0,Not certified
jun 25,ARGENTINA,SYSTEMS ENGINEERING,SWF VINCULADAS,7634,AM04 CONSUMER FINANCE,5,5,5,5,0,0,"0,0",1,"0,0000","0,0000","0,0000",0,277.836,0,277.836,"100,00%","100,00%",-,"0,00%","100,00%","0,1300","0,1300",-,"0,0000","0,2700","0,8000",66%,0,Not certified
jun 25,ARGENTINA,SYSTEMS ENGINEERING,TRANSFORMACION Y CALIDAD OPERATIVA,6213,TRANSFORMACIÓN NEXTGEN,1,1,0,1,0,0,"0,0",1,"0,0000","0,0000","0,0000",0,228.487,0,100.318,"100,00%","0,00%",-,"0,00%","100,00%","0,1300","0,0000",-,"0,0000","0,2700","0,8000",50%,0,Not certified
jun 25,ARGENTINA,SYSTEMS ENGINEERING,TRANSFORMACION Y CALIDAD OPERATIVA,6778,PROCESS SYSTEMS ARG,0,0,0,0,0,0,"2,0",2,"-99,0000","-99,0000","0,0000",0,0,0,0,-,-,-,"100,00%",-,-,-,-,"0,2700",-,"0,2700",100%,1,Level 3
jun 25,ARGENTINA,SYSTEMS ENGINEERING,TRANSFORMACION Y CALIDAD OPERATIVA,6860,DEVOPS AR,2,2,0,2,0,0,"0,0",2,"0,0247","0,0000","0,0000",28,1.134.320,0,1.160.534,"100,00%","0,00%",-,"0,00%","0,00%","0,1300","0,0000",-,"0,0000","0,0000","0,8000",16%,0,Not certified
jun 25,ARGENTINA,SYSTEMS ENGINEERING,VENTAS,5193,"AR39 PRÉSTAMOS, ADELANTOS E INVERSIONES",4,4,4,4,0,0,"1,0",1,"-99,0000","-99,0000","0,0000",0,0,0,0,"100,00%","100,00%",-,"100,00%",-,"0,1300","0,1300",-,"0,2700",-,"0,5300",100%,1,Level 3
jun 25,ARGENTINA,SYSTEMS ENGINEERING,VENTAS,5194,RB06 NECESIDADES DIGITALES,2,2,2,2,11,11,"1,0",1,"0,0000","0,0000","0,0000",0,323.840,0,323.840,"100,00%","100,00%","100,00%","100,00%","100,00%","0,1300","0,1300","0,2000","0,2700","0,2700","1,0000",100%,1,Level 3
jun 25,ARGENTINA,SYSTEMS ENGINEERING,VENTAS,5195,AR31 PAQUETES Y TARJETAS,5,5,5,5,4,5,"1,0",1,"-99,0000","-99,0000","0,0000",0,0,0,0,"100,00%","100,00%","80,00%","100,00%",-,"0,1300","0,1300","0,1600","0,2700",-,"0,7300",95%,1,Level 3
jun 25,ARGENTINA,SYSTEMS ENGINEERING,VENTAS,5196,AR33 PRODUCTOS NO CREDITICIOS,4,4,4,4,4,4,"0,0",1,"0,0000","0,0023","-100,0000",0,1.663.090,4,1.726.064,"100,00%","100,00%","100,00%","0,00%","100,00%","0,1300","0,1300","0,2000","0,0000","0,2700","1,0000",73%,1,Level 1
jun 25,ARGENTINA,SYSTEMS ENGINEERING,VENTAS,5197,AR40 PRODUCTIVIDAD,1,1,1,1,0,0,"0,0",0,"0,0000","0,0000","0,0000",0,230,0,230,"100,00%","100,00%",-,-,"100,00%","0,1300","0,1300",-,-,"0,2700","0,5300",100%,1,Level 3
jun 25,ARGENTINA,SYSTEMS ENGINEERING,VENTAS,5198,AR32 MOTOR DE RIESGOS,2,2,2,2,6,6,"0,0",1,"0,0000","0,0000","0,0000",0,119.567,0,115.847,"100,00%","100,00%","100,00%","0,00%","100,00%","0,1300","0,1300","0,2000","0,0000","0,2700","1,0000",73%,1,Level 1
jun 25,ARGENTINA,SYSTEMS ENGINEERING,VENTAS,6161,AR47 FORMULARIOS Y CONTRATOS DIGITALES,2,2,1,2,18,18,"3,0",4,"0,0000","0,0000","0,0000",0,38.689,0,37.118,"100,00%","50,00%","100,00%","75,00%","100,00%","0,1300","0,0650","0,2000","0,2025","0,2700","1,0000",87%,1,Level 2
jun 25,ARGENTINA,SYSTEMS ENGINEERING,VENTAS,7145,AR03 PRESTAMOS HIPOTECARIOS CANALES INTERNOS,4,4,1,4,8,8,"4,0",4,"-99,0000","-99,0000","0,0000",0,0,0,0,"100,00%","25,00%","100,00%","100,00%",-,"0,1300","0,0325","0,2000","0,2700",-,"0,7300",87%,1,Level 2
jun 25,ARGENTINA,SYSTEMS ENGINEERING,WALLET & DIGITAL CHANNELS,229,RB02 RETAIL MOBILE / MOVILES PARTICULARES,17,17,1,17,15,16,"13,5",19,"0,0000","0,0000","0,0000",0,3.065,0,2.939,"100,00%","5,88%","93,75%","71,05%","100,00%","0,1300","0,0076","0,1875","0,1918","0,2700","1,0000",79%,1,Level 1
jun 25,ARGENTINA,SYSTEMS ENGINEERING,WALLET & DIGITAL CHANNELS,230,RB01 RETAIL WEB / WEBS PARTICULARES,23,23,6,23,39,45,"13,0",20,"0,0000","0,0000","0,0000",0,313.401,0,313.415,"100,00%","26,09%","86,67%","65,00%","100,00%","0,1300","0,0339","0,1733","0,1755","0,2700","1,0000",78%,1,Level 1
jun 25,ARGENTINA,SYSTEMS ENGINEERING,WALLET & DIGITAL CHANNELS,411,AR09 BENEFICIOS,3,3,0,3,0,0,"1,5",3,"0,0016","0,0016","0,2457",2,1.265.986,2,1.269.096,"100,00%","0,00%",-,"50,00%","100,00%","0,1300","0,0000",-,"0,1350","0,2700","0,8000",67%,0,Not certified
jun 25,ARGENTINA,SYSTEMS ENGINEERING,WALLET & DIGITAL CHANNELS,415,AR04 MEDIOS ELECTRONICOS DE PAGOS - MOBILE,2,2,0,2,0,0,"0,5",1,"0,1490","0,1486","0,2871",11,73.837,11,74.049,"100,00%","0,00%",-,"50,00%","25,00%","0,1300","0,0000",-,"0,1350","0,0675","0,8000",42%,0,Not certified
jun 25,ARGENTINA,SYSTEMS ENGINEERING,WALLET & DIGITAL CHANNELS,417,AR05 LOYALTY,2,2,2,2,1,1,"0,0",1,"0,0000","0,0197","-100,0000",0,103.077,2,101.625,"100,00%","100,00%","100,00%","0,00%","100,00%","0,1300","0,1300","0,2000","0,0000","0,2700","1,0000",73%,1,Level 1
jun 25,ARGENTINA,SYSTEMS ENGINEERING,WALLET & DIGITAL CHANNELS,6716,AR15 EVOLUCION DIGITAL DE GESTION DE TARJETAS,1,1,0,1,0,0,"0,0",1,"0,0000","0,0000","0,0000",0,45.947,0,61.213,"100,00%","0,00%",-,"0,00%","100,00%","0,1300","0,0000",-,"0,0000","0,2700","0,8000",50%,0,Not certified
jun 25,CFE,AUD.LEGAL&CHAIRMAN UNITS,,12,"LEGAL, FUNDACIÓN BBVA….",22,21,15,16,21,24,"10,5",16,"0,0326","0,0328","-0,5568",78,2.393.655,78,2.380.326,"95,45%","93,75%","87,50%","65,63%","75,00%","0,1241","0,1219","0,1750","0,1772","0,2025","1,0000",80%,1,Level 2
jun 25,CFE,AUD.LEGAL&CHAIRMAN UNITS,,13,AUDIT,6,6,5,5,4,4,"3,0",5,"0,0100","0,0091","9,7684",6,601.971,6,660.774,"100,00%","100,00%","100,00%","60,00%","25,00%","0,1300","0,1300","0,2000","0,1620","0,0675","1,0000",69%,0,Not certified
jun 25,CFE,AUD.LEGAL&CHAIRMAN UNITS,,16,OTHERS NO CFE,3,3,3,3,0,1,"1,0",3,"0,0457","0,0454","0,5790",39,853.533,39,858.475,"100,00%","100,00%","0,00%","33,33%","25,00%","0,1300","0,1300","0,0000","0,0900","0,0675","1,0000",42%,0,Not certified
jun 25,CFE,AUD.LEGAL&CHAIRMAN UNITS,,17,COMMS,16,16,10,11,3,3,"11,0",13,"0,0113","0,0116","-2,7527",19,1.681.337,19,1.635.055,"100,00%","90,91%","100,00%","84,62%","75,00%","0,1300","0,1182","0,2000","0,2285","0,2025","1,0000",88%,1,Level 2
jun 25,CFE,AUD.LEGAL&CHAIRMAN UNITS,,18,ENGINEERING FOR ENGINEERING,14,14,14,14,15,16,"9,5",11,"0,0006","0,0006","-3,7424",1,1.796.687,1,1.729.447,"100,00%","100,00%","93,75%","86,36%","100,00%","0,1300","0,1300","0,1875","0,2332","0,2700","1,0000",95%,1,Level 3
jun 25,CFE,AUD.LEGAL&CHAIRMAN UNITS,,37,M&A,8,8,2,2,7,12,"6,0",7,"0,0000","0,0000","0,0000",0,64.684,0,12.649,"100,00%","100,00%","58,33%","85,71%","100,00%","0,1300","0,1300","0,1167","0,2314","0,2700","1,0000",88%,1,Level 2
jun 25,CFE,FINANCE,,27,REPORTING REGULATORIO,10,10,11,11,37,37,"9,0",12,"0,0000","0,0000","0,0000",0,785.860,0,668.419,"100,00%","100,00%","100,00%","75,00%","100,00%","0,1300","0,1300","0,2000","0,2025","0,2700","1,0000",93%,1,Level 3
jun 25,CFE,FINANCE,,34,CONSOLIDACIÓN REPORTING Y FISCAL,12,10,10,10,41,41,"8,0",13,"0,0000","0,0000","0,0000",0,6.865.948,0,6.918.563,"83,33%","100,00%","100,00%","61,54%","100,00%","0,1083","0,1300","0,2000","0,1662","0,2700","1,0000",87%,1,Level 2
jun 25,CFE,FINANCE,,42,PROCUREMENT,6,6,5,5,3,3,"3,0",6,"0,1985","0,3127","-36,5172",140,705.211,384,1.227.943,"100,00%","100,00%","100,00%","50,00%","100,00%","0,1300","0,1300","0,2000","0,1350","0,2700","1,0000",87%,1,Level 2
jun 25,CFE,FINANCE,,43,INVEST & COST MANAGEMENT,5,5,5,5,33,33,"1,0",5,"0,0000","0,0000","0,0000",0,1.507.931,0,1.503.069,"100,00%","100,00%","100,00%","20,00%","100,00%","0,1300","0,1300","0,2000","0,0540","0,2700","1,0000",78%,1,Level 1
jun 25,CFE,FINANCE,,45,RENTABILIDAD & PERFORMANCE MANAGEMENT,3,3,4,4,66,66,"2,0",3,"0,0799","0,0000","0,0000",8,100.160,0,53.039,"100,00%","100,00%","100,00%","66,67%","0,00%","0,1300","0,1300","0,2000","0,1800","0,0000","1,0000",64%,0,Not certified
jun 25,CFE,R&IC,,9,NFR,5,5,4,4,31,31,"2,0",4,"0,0000","0,0000","0,0000",0,669.940,0,637.201,"100,00%","100,00%","100,00%","50,00%","100,00%","0,1300","0,1300","0,2000","0,1350","0,2700","1,0000",87%,1,Level 2
jun 25,CFE,R&IC,,29,CONTROL INTERNO DE RIESGOS,4,4,4,4,11,11,"3,0",5,"0,0815","0,0832","-2,0463",49,601.431,49,589.124,"100,00%","100,00%","100,00%","60,00%","75,00%","0,1300","0,1300","0,2000","0,1620","0,2025","1,0000",82%,1,Level 2
jun 25,CFE,R&IC,,30,COMPLIANCE,13,12,10,12,11,11,"6,5",14,"0,0023","0,0067","-66,1657",7,3.083.941,21,3.130.288,"92,31%","83,33%","100,00%","46,43%","100,00%","0,1200","0,1083","0,2000","0,1254","0,2700","1,0000",82%,1,Level 2
jun 25,CFE,R&IC,,4911,CROSS DATA & AML,0,0,1,1,1,1,"1,0",1,"0,0000","0,0000","0,0000",0,120.145,0,119.092,-,"100,00%","100,00%","100,00%","100,00%",-,"0,1300","0,2000","0,2700","0,2700","0,8700",100%,1,Level 3
jun 25,CFE,R&IC,,6151,SCREENING & TRANSACTION MONITORING AML,5,4,0,6,21,21,"4,0",5,"0,0000","0,0000","0,0000",0,76.346,0,76.346,"80,00%","0,00%","100,00%","80,00%","100,00%","0,1040","0,0000","0,2000","0,2160","0,2700","1,0000",79%,1,Level 1
jun 25,CFE,R&IC,,7051,REPORTING FRAUDE,1,1,0,1,0,0,"0,0",0,"0,0000","0,0000","0,0000",0,367.477,0,367.477,"100,00%","0,00%",-,-,"100,00%","0,1300","0,0000",-,-,"0,2700","0,5300",75%,1,Level 1
jun 25,CFE,RISK,,6,RETAIL CREDIT RISK,0,0,3,3,59,59,"1,5",3,"0,0000","0,0000","0,0000",0,355.903,0,336.122,-,"100,00%","100,00%","50,00%","100,00%",-,"0,1300","0,2000","0,1350","0,2700","0,8700",84%,1,Level 2
jun 25,CFE,RISK,,7,PROVISIONES,3,3,3,3,25,25,"2,0",3,"0,0000","0,0000","0,0000",0,599.789,0,596.238,"100,00%","100,00%","100,00%","66,67%","100,00%","0,1300","0,1300","0,2000","0,1800","0,2700","1,0000",91%,1,Level 3
jun 25,CFE,RISK,,28,OTHER RISKS,15,15,11,15,14,16,"12,5",13,"0,0000","0,0000","0,0000",0,1.504.146,0,1.505.074,"100,00%","73,33%","87,50%","96,15%","100,00%","0,1300","0,0953","0,1750","0,2596","0,2700","1,0000",93%,1,Level 3
jun 25,CFE,RISK,,31,WHOLESALE CREDIT RISK,10,10,9,9,108,116,"9,0",11,"0,0000","0,0000","0,0000",0,1.825.992,0,1.762.253,"100,00%","100,00%","93,10%","81,82%","100,00%","0,1300","0,1300","0,1862","0,2209","0,2700","1,0000",94%,1,Level 3
jun 25,CFE,RISK,,38,ESG & REPORTING & ANALYTICS,8,7,9,9,62,62,"5,0",10,"0,0000","0,0000","0,0000",0,1.082.578,0,809.126,"87,50%","100,00%","100,00%","50,00%","100,00%","0,1138","0,1300","0,2000","0,1350","0,2700","1,0000",85%,1,Level 2
jun 25,CFE,RISK,,46,CAPITAL,10,10,5,10,59,60,"6,0",8,"0,0000","0,0000","0,0000",0,622.315,0,517.078,"100,00%","50,00%","98,33%","75,00%","100,00%","0,1300","0,0650","0,1967","0,2025","0,2700","1,0000",86%,1,Level 2
jun 25,CFE,T&C,,11,TALENT MANAGEMENT,23,23,14,15,35,35,"15,0",20,"0,0014","0,0019","-25,5974",3,2.117.471,4,2.100.606,"100,00%","93,33%","100,00%","75,00%","100,00%","0,1300","0,1213","0,2000","0,2025","0,2700","1,0000",92%,1,Level 3
jun 25,CFE,T&C,,41,PREMISES & SERVICES,21,21,17,18,19,19,"15,0",18,"0,0936","0,0828","13,0082",142,1.517.268,151,1.823.311,"100,00%","94,44%","100,00%","83,33%","0,00%","0,1300","0,1228","0,2000","0,2250","0,0000","1,0000",68%,0,Not certified
jun 25,CFE,T&C,,47,WORKFORCE ADMINISTRATION,2,2,1,1,13,15,"1,0",2,"0,0087","0,0087","0,0000",4,457.563,4,457.563,"100,00%","100,00%","86,67%","50,00%","50,00%","0,1300","0,1300","0,1733","0,1350","0,1350","1,0000",70%,1,Level 1
jun 25,CFE,T&C,,5028,WORKFORCE RECRUITING-TALENT,2,2,0,0,0,0,"2,0",3,"0,0000","0,0000","0,0000",0,6.158,0,4.341,"100,00%",-,-,"66,67%","100,00%","0,1300",-,-,"0,1800","0,2700","0,6700",87%,1,Level 2
jun 25,CIB,DATA ENGINEERING,ANALYTICS,7557,GTB ANALYTICS,2,2,2,2,0,0,"2,0",2,"0,0000","0,0000","0,0000",0,33.258,0,33.259,"100,00%","100,00%",-,"100,00%","100,00%","0,1300","0,1300",-,"0,2700","0,2700","0,8000",100%,1,Level 3
jun 25,CIB,DATA ENGINEERING,ANALYTICS,7558,POST-TRADE SOLUTIONS,10,8,9,10,25,27,"3,0",7,"0,2194","0,2551","-13,9845",3.123,14.232.826,3.941,15.449.073,"80,00%","90,00%","92,59%","42,86%","0,00%","0,1040","0,1170","0,1852","0,1157","0,0000","1,0000",52%,0,Not certified
jun 25,CIB,DATA ENGINEERING,ANALYTICS,7559,SUSTAINABILITY SOLUTIONS,4,3,4,4,6,7,"3,0",4,"0,0000","0,0000","0,0000",0,272.795,0,263.278,"75,00%","100,00%","85,71%","75,00%","100,00%","0,0975","0,1300","0,1714","0,2025","0,2700","1,0000",87%,1,Level 2
jun 25,CIB,DATA ENGINEERING,DATA HUB,4921,CIB DATAHUB & EXECUTION,1,1,1,1,309,319,"0,0",1,"0,0000","0,0000","0,0000",0,149.524,0,43.439,"100,00%","100,00%","96,87%","0,00%","100,00%","0,1300","0,1300","0,1937","0,0000","0,2700","1,0000",72%,1,Level 1
jun 25,CIB,DATA ENGINEERING,FINANCE DATA,7549,DATAWAREHOUSE & DATAMARTS,2,2,2,2,3,3,"1,0",2,"0,0000","0,0000","0,0000",0,2.097.320,0,2.093.276,"100,00%","100,00%","100,00%","50,00%","100,00%","0,1300","0,1300","0,2000","0,1350","0,2700","1,0000",87%,1,Level 2
jun 25,CIB,DATA ENGINEERING,RISK DATA,7551,GM RISK DATA,1,1,1,1,25,25,"0,0",1,"0,4356","0,8029","-45,7515",326,748.451,583,726.110,"100,00%","100,00%","100,00%","0,00%","0,00%","0,1300","0,1300","0,2000","0,0000","0,0000","1,0000",46%,0,Not certified
jun 25,CIB,DATA ENGINEERING,RISK DATA,7552,GMRU ANALYTICS,1,1,1,1,15,16,"0,0",1,"0,0000","0,0000","0,0000",0,190.280,0,190.162,"100,00%","100,00%","93,75%","0,00%","100,00%","0,1300","0,1300","0,1875","0,0000","0,2700","1,0000",72%,1,Level 1
jun 25,CIB,DATA ENGINEERING,UNDERWRITING & COMMERCIAL PROCESS,7554,COMMERCIAL MANAGEMENT - CRM,2,2,1,1,5,5,"0,0",1,"0,0000","0,0000","0,0000",0,1.453.278,0,1.304.938,"100,00%","100,00%","100,00%","0,00%","100,00%","0,1300","0,1300","0,2000","0,0000","0,2700","1,0000",73%,1,Level 1
jun 25,CIB,DATA ENGINEERING,UNDERWRITING & COMMERCIAL PROCESS,7556,UNDERWRITING SERVICE,5,4,3,5,0,0,"2,0",4,"0,0000","0,0000","0,0000",0,1.667.411,0,1.646.491,"80,00%","60,00%",-,"50,00%","100,00%","0,1040","0,0780",-,"0,1350","0,2700","0,8000",73%,1,Level 1
jun 25,CIB,SW DELIVERY,ACCOUNTING & CORE BANKING,378,ACCOUNTING,4,4,4,4,12,15,"1,0",3,"0,0005","0,0005","-17,8199",1,2.216.731,1,1.821.712,"100,00%","100,00%","80,00%","33,33%","100,00%","0,1300","0,1300","0,1600","0,0900","0,2700","1,0000",78%,1,Level 1
jun 25,CIB,SW DELIVERY,ACCOUNTING & CORE BANKING,5117,CORE BANKING,3,3,3,3,20,22,"1,0",2,"1,6251","1,6251","-0,0007",240,147.680,240,147.679,"100,00%","100,00%","90,91%","50,00%","0,00%","0,1300","0,1300","0,1818","0,1350","0,0000","1,0000",58%,0,Not certified
jun 25,CIB,SW DELIVERY,DIGITAL ASSETS,6576,DIGITAL ASSETS,1,1,1,1,4,4,"0,0",1,"-99,0000","-99,0000","0,0000",0,0,0,0,"100,00%","100,00%","100,00%","0,00%",-,"0,1300","0,1300","0,2000","0,0000",-,"0,7300",63%,0,Not certified
jun 25,CIB,SW DELIVERY,EQUITIES,7566,DIGITAL DERIVATIVES: X-ASSET NOTES,12,12,10,10,13,14,"2,0",7,"0,1774","0,1371","29,3402",1.702,9.595.567,996,7.262.799,"100,00%","100,00%","92,86%","28,57%","0,00%","0,1300","0,1300","0,1857","0,0771","0,0000","1,0000",52%,0,Not certified
jun 25,CIB,SW DELIVERY,EQUITIES,7567,CASH EQUITY & MMOO,9,8,5,5,4,4,"6,0",8,"0,0000","0,0000","0,0000",0,533.895,0,623.598,"88,89%","100,00%","100,00%","75,00%","100,00%","0,1156","0,1300","0,2000","0,2025","0,2700","1,0000",92%,1,Level 3
jun 25,CIB,SW DELIVERY,EQUITIES,7568,QIS EQUITY FINANCE & CROSS,9,9,5,5,39,42,"7,0",8,"0,2267","0,2472","-8,2688",349,1.539.340,380,1.537.481,"100,00%","100,00%","92,86%","87,50%","0,00%","0,1300","0,1300","0,1857","0,2363","0,0000","1,0000",68%,0,Not certified
jun 25,CIB,SW DELIVERY,FIXED INCOME,7578,FI BOOKING & PORTFOLIO MANAGEMENT,1,1,1,1,9,10,"0,0",1,"0,0033","0,0034","-3,5781",1,306.836,1,295.857,"100,00%","100,00%","90,00%","0,00%","100,00%","0,1300","0,1300","0,1800","0,0000","0,2700","1,0000",71%,1,Level 1
jun 25,CIB,SW DELIVERY,FIXED INCOME,7579,FI PREDEAL & EXECUTION,7,7,5,6,18,23,"2,0",4,"0,0000","0,0000","0,0000",0,2.271.366,0,2.307.093,"100,00%","83,33%","78,26%","50,00%","100,00%","0,1300","0,1083","0,1565","0,1350","0,2700","1,0000",80%,1,Level 1
jun 25,CIB,SW DELIVERY,FIXED INCOME,7580,FI POSTDEAL & REPORTING,5,5,4,4,11,13,"2,0",3,"0,0095","0,0000","0,0000",8,839.088,0,747.597,"100,00%","100,00%","84,62%","66,67%","0,00%","0,1300","0,1300","0,1692","0,1800","0,0000","1,0000",61%,0,Not certified
jun 25,CIB,SW DELIVERY,FOREIGN EXCHANGE,7572,PRICE DISTRIBUTION AND ORDER MANAGEMENT,3,3,0,0,0,0,"1,0",2,"0,0000","0,0000","0,0000",0,255.093,0,255.093,"100,00%",-,-,"50,00%","100,00%","0,1300",-,-,"0,1350","0,2700","0,6700",80%,1,Level 1
jun 25,CIB,SW DELIVERY,FOREIGN EXCHANGE,7573,BOOKING & SETTLEMENT,12,11,6,10,15,26,"0,0",4,"0,0011","0,0011","0,5669",2,1.829.630,2,1.840.002,"91,67%","60,00%","57,69%","0,00%","100,00%","0,1192","0,0780","0,1154","0,0000","0,2700","1,0000",58%,0,Not certified
jun 25,CIB,SW DELIVERY,FOREIGN EXCHANGE,7574,PRICE CONSTRUCTION ACCEPTANCE ARM & SOR,4,2,1,2,0,0,"2,0",3,"0,0000","0,0000","0,0000",0,70,0,70,"50,00%","50,00%",-,"66,67%","100,00%","0,0650","0,0650",-,"0,1800","0,2700","0,8000",73%,1,Level 1
jun 25,CIB,SW DELIVERY,GLOBAL MARKETS FRONT OFFICE,7231,CIB ONLINE INTEGRATION,2,2,2,2,27,36,"0,0",2,"0,2524","0,2524","0,0000",60,237.737,60,237.737,"100,00%","100,00%","75,00%","0,00%","0,00%","0,1300","0,1300","0,1500","0,0000","0,0000","1,0000",41%,0,Not certified
jun 25,CIB,SW DELIVERY,GLOBAL MARKETS FRONT OFFICE,7576,POSITION KEEPING & RISK MANAGEMENT,2,2,2,2,49,53,"0,0",2,"1,8842","1,8026","4,5276",34,18.045,34,18.862,"100,00%","100,00%","92,45%","0,00%","0,00%","0,1300","0,1300","0,1849","0,0000","0,0000","1,0000",44%,0,Not certified
jun 25,CIB,SW DELIVERY,GLOBAL MARKETS FRONT OFFICE,7577,POSITION KEEPING & RISK MANAGEMENT (LEGACY),2,2,2,2,7,7,"1,0",1,"0,0000","0,0000","0,0000",0,109,0,109,"100,00%","100,00%","100,00%","100,00%","100,00%","0,1300","0,1300","0,2000","0,2700","0,2700","1,0000",100%,1,Level 3
jun 25,CIB,SW DELIVERY,GTB & IB&F,7581,GTB,4,4,4,4,4,4,"2,0",3,"0,0000","0,0000","0,0000",0,3.967,0,3.967,"100,00%","100,00%","100,00%","66,67%","100,00%","0,1300","0,1300","0,2000","0,1800","0,2700","1,0000",91%,1,Level 3
jun 25,CIB,SW DELIVERY,GTB & IB&F,7582,IB&F,9,9,7,7,10,10,"4,0",5,"0,1708","0,1708","-0,0022",748,4.380.516,748,4.380.419,"100,00%","100,00%","100,00%","80,00%","75,00%","0,1300","0,1300","0,2000","0,2160","0,2025","1,0000",88%,1,Level 2
jun 25,CIB,SW DELIVERY,REPOSITORIES AND SUPERVISORY FUNCTIONS,448,REGULATORY & ONBOARDING,1,1,1,1,0,0,"0,0",0,"-99,0000","-99,0000","0,0000",0,0,0,0,"100,00%","100,00%",-,-,-,"0,1300","0,1300",-,-,-,"0,2600",100%,1,Level 3
jun 25,CIB,SW DELIVERY,REPOSITORIES AND SUPERVISORY FUNCTIONS,7583,TRANSACTION REPORTING & RECONCILIATIONS,5,5,3,3,46,55,"3,0",5,"0,0000","0,0000","0,0000",0,124.050,0,122.804,"100,00%","100,00%","83,64%","60,00%","100,00%","0,1300","0,1300","0,1673","0,1620","0,2700","1,0000",86%,1,Level 2
jun 25,CIB,SW DELIVERY,REPOSITORIES AND SUPERVISORY FUNCTIONS,7584,SUPERVISORY FUNCTIONS,6,5,3,3,13,15,"8,0",9,"0,0000","0,0000","0,0000",0,1.137.187,0,1.137.187,"83,33%","100,00%","86,67%","88,89%","100,00%","0,1083","0,1300","0,1733","0,2400","0,2700","1,0000",92%,1,Level 3
jun 25,CIB,SW DELIVERY,REPOSITORIES AND SUPERVISORY FUNCTIONS,7585,REPOSITORIES,8,8,8,8,12,12,"3,0",5,"0,0000","0,0000","0,0000",0,1.215.961,0,1.215.961,"100,00%","100,00%","100,00%","60,00%","100,00%","0,1300","0,1300","0,2000","0,1620","0,2700","1,0000",89%,1,Level 2
jun 25,CIB,SW DELIVERY,RISK,7569,MARKET & COUNTERPARTY RISK,10,10,9,10,40,43,"2,0",8,"1,4044","1,4054","-0,0678",377,268.440,377,268.258,"100,00%","90,00%","93,02%","25,00%","0,00%","0,1300","0,1170","0,1860","0,0675","0,0000","1,0000",50%,0,Not certified
jun 25,CIB,SW DELIVERY,RISK,7570,RISK MEASUREMENT 2.0,1,1,0,1,0,0,"0,0",0,"-99,0000","-99,0000","0,0000",0,0,0,0,"100,00%","0,00%",-,-,-,"0,1300","0,0000",-,-,-,"0,2600",50%,0,Not certified
jun 25,CIB,SW DELIVERY,RISK,7571,MARKET DATA & RISK SOLUTIONS,12,12,9,10,37,40,"4,0",7,"0,0041","0,0328","-87,4429",8,1.942.348,218,6.646.321,"100,00%","90,00%","92,50%","57,14%","100,00%","0,1300","0,1170","0,1850","0,1543","0,2700","1,0000",86%,1,Level 2
jun 25,CIB,SW DELIVERY,RISK,7736,XVA,4,3,4,4,4,8,"1,0",3,"0,0353","0,0000","0,0000",10,283.318,0,282.764,"75,00%","100,00%","50,00%","33,33%","0,00%","0,0975","0,1300","0,1000","0,0900","0,0000","1,0000",42%,0,Not certified
jun 25,COLOMBIA,DATA TRANSFORMATION & ENGINEERING,DATA TRANSFORMATION,6018,CLIENT SOLUTIONS - DATA,6,6,6,6,57,57,"2,5",4,"0,0000","0,0000","0,0000",0,195.152,0,186.657,"100,00%","100,00%","100,00%","62,50%","100,00%","0,1300","0,1300","0,2000","0,1688","0,2700","1,0000",90%,1,Level 2
jun 25,COLOMBIA,DATA TRANSFORMATION & ENGINEERING,DATAHUB,4502,FINANZAS - DATA,3,3,3,3,80,83,"1,0",3,"0,0000","0,0000","0,0000",0,142.355,0,34.286,"100,00%","100,00%","96,39%","33,33%","100,00%","0,1300","0,1300","0,1928","0,0900","0,2700","1,0000",81%,1,Level 2
jun 25,COLOMBIA,DATA TRANSFORMATION & ENGINEERING,DATAHUB,4503,RIESGOS - DATA,5,5,5,5,90,90,"4,0",5,"0,0000","0,0000","0,0000",0,114.798,0,3.867,"100,00%","100,00%","100,00%","80,00%","100,00%","0,1300","0,1300","0,2000","0,2160","0,2700","1,0000",95%,1,Level 3
jun 25,COLOMBIA,DATA TRANSFORMATION & ENGINEERING,DATAHUB,4506,DATA MODELING & DEVELOPMENT,11,11,11,11,31,31,"8,0",10,"0,0000","0,0000","0,0000",0,71.742,0,18.095,"100,00%","100,00%","100,00%","80,00%","100,00%","0,1300","0,1300","0,2000","0,2160","0,2700","1,0000",95%,1,Level 3
jun 25,COLOMBIA,DATA TRANSFORMATION & ENGINEERING,DATAHUB,4914,ENGINEERING - DATA,4,4,4,4,2,3,"3,0",4,"0,0000","0,0000","0,0000",0,551.298,0,465.656,"100,00%","100,00%","66,67%","75,00%","100,00%","0,1300","0,1300","0,1333","0,2025","0,2700","1,0000",87%,1,Level 2
jun 25,COLOMBIA,DATA TRANSFORMATION & ENGINEERING,SALESFORCE,4495,SALESFORCE - DATA,3,3,3,3,6,6,"1,5",3,"0,0248","0,0253","-1,6936",78,3.142.095,78,3.088.882,"100,00%","100,00%","100,00%","50,00%","75,00%","0,1300","0,1300","0,2000","0,1350","0,2025","1,0000",80%,1,Level 1
jun 25,COLOMBIA,SYSTEMS ENGINEERING,CFS-FINANZAS-T&C-R&IC,293,T&C,11,9,9,9,4,4,"3,5",4,"0,0610","0,0610","0,0000",15,245.780,15,245.780,"81,82%","100,00%","100,00%","87,50%","50,00%","0,1064","0,1300","0,2000","0,2363","0,1350","1,0000",81%,1,Level 2
jun 25,COLOMBIA,SYSTEMS ENGINEERING,CFS-FINANZAS-T&C-R&IC,294,FINANZAS,16,16,16,16,40,40,"7,5",8,"0,0000","0,0000","0,0000",0,150.735,0,139.856,"100,00%","100,00%","100,00%","93,75%","100,00%","0,1300","0,1300","0,2000","0,2531","0,2700","1,0000",98%,1,Level 3
jun 25,COLOMBIA,SYSTEMS ENGINEERING,CFS-FINANZAS-T&C-R&IC,295,CUMPLIMIENTO & AUDITORÍA,13,13,13,13,7,7,"3,0",4,"0,0000","0,0000","0,0000",0,2.965,0,696,"100,00%","100,00%","100,00%","75,00%","100,00%","0,1300","0,1300","0,2000","0,2025","0,2700","1,0000",93%,1,Level 3
jun 25,COLOMBIA,SYSTEMS ENGINEERING,CFS-RIESGOS,5127,RIESGOS PARTICULARES,6,6,6,6,12,12,"6,0",6,"0,0000","0,0000","0,0000",0,713.315,0,711.991,"100,00%","100,00%","100,00%","100,00%","100,00%","0,1300","0,1300","0,2000","0,2700","0,2700","1,0000",100%,1,Level 3
jun 25,COLOMBIA,SYSTEMS ENGINEERING,CFS-RIESGOS,5130,RIESGOS COBRANZA,2,2,2,2,20,20,"1,0",1,"0,0000","-99,0000","0,0000",0,0,0,0,"100,00%","100,00%","100,00%","100,00%",-,"0,1300","0,1300","0,2000","0,2700",-,"0,7300",100%,1,Level 3
jun 25,COLOMBIA,SYSTEMS ENGINEERING,CFS-RIESGOS,5131,"RIESGOS REPORTING, NORMATIVOS",6,6,6,6,12,12,"3,0",4,"0,0000","0,0000","0,0000",0,52.365,0,51.831,"100,00%","100,00%","100,00%","75,00%","100,00%","0,1300","0,1300","0,2000","0,2025","0,2700","1,0000",93%,1,Level 3
jun 25,COLOMBIA,SYSTEMS ENGINEERING,CFS-RIESGOS,6209,RIESGOS PYMES Y MAYORISTAS,6,6,6,6,18,18,"4,0",4,"0,0000","0,0000","0,0000",0,62.932,0,56.900,"100,00%","100,00%","100,00%","100,00%","100,00%","0,1300","0,1300","0,2000","0,2700","0,2700","1,0000",100%,1,Level 3
jun 25,COLOMBIA,SYSTEMS ENGINEERING,CIB & COMEX - FIDUCIARIA - VALORES,175,PAYMENTS,9,8,9,9,86,87,"7,0",8,"0,0000","0,0000","0,0000",0,1.494.188,0,807.191,"88,89%","100,00%","98,85%","87,50%","100,00%","0,1156","0,1300","0,1977","0,2363","0,2700","1,0000",95%,1,Level 3
jun 25,COLOMBIA,SYSTEMS ENGINEERING,CIB & COMEX - FIDUCIARIA - VALORES,456,BACKOFFICE,7,5,5,7,9,9,"1,0",2,"0,0000","0,0000","0,0000",0,813,0,793,"71,43%","71,43%","100,00%","50,00%","100,00%","0,0929","0,0929","0,2000","0,1350","0,2700","1,0000",79%,1,Level 1
jun 25,COLOMBIA,SYSTEMS ENGINEERING,CIB & COMEX - FIDUCIARIA - VALORES,457,FIDUCIARIA,6,6,6,6,0,0,"4,5",6,"0,0160","0,0159","0,5204",73,4.559.129,73,4.582.854,"100,00%","100,00%",-,"75,00%","25,00%","0,1300","0,1300",-,"0,2025","0,0675","0,8000",66%,0,Not certified
jun 25,COLOMBIA,SYSTEMS ENGINEERING,CIB & COMEX - FIDUCIARIA - VALORES,458,GLOBAL MARKET & COMEX,16,15,15,16,24,25,"8,5",10,"0,0548","0,0115","377,7040",43,784.047,9,783.926,"93,75%","93,75%","96,00%","85,00%","0,00%","0,1219","0,1219","0,1920","0,2295","0,0000","1,0000",67%,0,Not certified
jun 25,COLOMBIA,SYSTEMS ENGINEERING,CIB & COMEX - FIDUCIARIA - VALORES,459,VALORES,4,4,3,3,1,3,"0,0",0,"0,0000","0,0000","0,0000",0,38.691,0,38.691,"100,00%","100,00%","33,33%",-,"100,00%","0,1300","0,1300","0,0667",-,"0,2700","0,7300",82%,1,Level 2
jun 25,COLOMBIA,SYSTEMS ENGINEERING,CORE,55,LOANS,9,9,9,9,87,87,"5,5",7,"0,0013","0,0013","-0,3470",4,3.056.093,4,3.045.487,"100,00%","100,00%","100,00%","78,57%","100,00%","0,1300","0,1300","0,2000","0,2121","0,2700","1,0000",94%,1,Level 3
jun 25,COLOMBIA,SYSTEMS ENGINEERING,CORE,169,ACCOUNTS,7,7,7,7,47,47,"3,0",4,"0,0000","0,0000","0,0000",0,572.240,0,567.289,"100,00%","100,00%","100,00%","75,00%","100,00%","0,1300","0,1300","0,2000","0,2025","0,2700","1,0000",93%,1,Level 3
jun 25,COLOMBIA,SYSTEMS ENGINEERING,CORE,172,PERSONAS Y ARQ. HOST,4,4,4,4,22,23,"2,0",3,"0,0000","0,0000","0,0000",0,233.490,0,231.872,"100,00%","100,00%","95,65%","66,67%","100,00%","0,1300","0,1300","0,1913","0,1800","0,2700","1,0000",90%,1,Level 3
jun 25,COLOMBIA,SYSTEMS ENGINEERING,CORE,173,VENTAS ASISTIDAS CAP,2,2,1,2,13,14,"2,0",2,"0,1375","0,1375","0,0021",90,654.338,90,654.352,"100,00%","50,00%","92,86%","100,00%","25,00%","0,1300","0,0650","0,1857","0,2700","0,0675","1,0000",72%,1,Level 1
jun 25,COLOMBIA,SYSTEMS ENGINEERING,CORE,174,PROCESS AUTOMATION,18,18,10,17,3,3,"8,0",10,"0,0861","0,0008","10745,4863",307,3.565.016,2,2.518.849,"100,00%","58,82%","100,00%","80,00%","0,00%","0,1300","0,0765","0,2000","0,2160","0,0000","1,0000",62%,0,Not certified
jun 25,COLOMBIA,SYSTEMS ENGINEERING,CORE,7283,GESTIÓN REMOTA RETAIL,1,1,1,1,86,86,"0,0",1,"0,0000","0,0000","0,0000",0,140.654,0,119.447,"100,00%","100,00%","100,00%","0,00%","100,00%","0,1300","0,1300","0,2000","0,0000","0,2700","1,0000",73%,1,Level 1
jun 25,COLOMBIA,SYSTEMS ENGINEERING,CORE,7437,GESTIÓN REMOTA PYMES,0,0,0,0,44,44,"1,0",1,"0,0000","0,0000","0,0000",0,74.037,0,50.699,-,-,"100,00%","100,00%","100,00%",-,-,"0,2000","0,2700","0,2700","0,7400",100%,1,Level 3
jun 25,COLOMBIA,SYSTEMS ENGINEERING,DATA TRANSFORMATION,111,CLIENT SOLUTIONS,1,1,1,1,0,0,"1,0",1,"-99,0000","-99,0000","0,0000",0,0,0,0,"100,00%","100,00%",-,"100,00%",-,"0,1300","0,1300",-,"0,2700",-,"0,5300",100%,1,Level 3
jun 25,COLOMBIA,SYSTEMS ENGINEERING,DevOps,6110,TESTING TOOLS,0,0,0,0,0,0,"0,0",0,"-99,0000","-99,0000","0,0000",0,0,0,0,-,-,-,-,-,-,-,-,-,-,"0,0000",No tiene el mínimo para calcular indicadores,-,-
jun 25,COLOMBIA,SYSTEMS ENGINEERING,DevOps,6136,DEVOPS - CI/CD,0,0,0,0,0,0,"0,0",0,"-99,0000","-99,0000","0,0000",0,0,0,0,-,-,-,-,-,-,-,-,-,-,"0,0000",No tiene el mínimo para calcular indicadores,-,-
jun 25,COLOMBIA,SYSTEMS ENGINEERING,DevOps,7207,Z COLOMBIA,0,0,0,0,0,0,"0,0",0,"-99,0000","-99,0000","0,0000",0,0,0,0,-,-,-,-,-,-,-,-,-,-,"0,0000",No tiene el mínimo para calcular indicadores,-,-
jun 25,COLOMBIA,SYSTEMS ENGINEERING,ENTERPRISE,395,ENTERPRISE WEB CHANNEL,7,6,7,7,27,30,"4,0",6,"0,0601","0,0601","-0,0438",324,5.392.787,324,5.390.424,"85,71%","100,00%","90,00%","66,67%","75,00%","0,1114","0,1300","0,1800","0,1800","0,2025","1,0000",80%,1,Level 2
jun 25,COLOMBIA,SYSTEMS ENGINEERING,ENTERPRISE,396,TRANSACCIONALIDAD,6,6,6,6,27,27,"5,0",5,"0,0081","0,0084","-4,0250",9,1.111.880,9,1.067.127,"100,00%","100,00%","100,00%","100,00%","75,00%","0,1300","0,1300","0,2000","0,2700","0,2025","1,0000",93%,1,Level 3
jun 25,COLOMBIA,SYSTEMS ENGINEERING,ENTERPRISE,5209,ENTERPRISE MOBILE (GEMA),2,2,2,2,32,32,"1,0",1,"0,0000","0,0000","0,0000",0,70.150,0,70.150,"100,00%","100,00%","100,00%","100,00%","100,00%","0,1300","0,1300","0,2000","0,2700","0,2700","1,0000",100%,1,Level 3
jun 25,COLOMBIA,SYSTEMS ENGINEERING,ENTERPRISE,6667,SOLUCIONES FINANCIERAS,3,3,2,3,8,8,"1,0",2,"0,0000","0,0000","0,0000",0,28.755,0,28.755,"100,00%","66,67%","100,00%","50,00%","100,00%","0,1300","0,0867","0,2000","0,1350","0,2700","1,0000",82%,1,Level 2
jun 25,COLOMBIA,SYSTEMS ENGINEERING,RETAIL,85,OPEN MARKET,6,6,6,6,28,29,"2,0",4,"0,0142","0,0145","-1,7649",35,2.459.279,35,2.415.876,"100,00%","100,00%","96,55%","50,00%","75,00%","0,1300","0,1300","0,1931","0,1350","0,2025","1,0000",79%,1,Level 1
jun 25,COLOMBIA,SYSTEMS ENGINEERING,RETAIL,340,NET,3,3,3,3,5,5,"2,0",3,"0,0000","0,0000","0,0000",0,2.301.178,0,3.346.569,"100,00%","100,00%","100,00%","66,67%","100,00%","0,1300","0,1300","0,2000","0,1800","0,2700","1,0000",91%,1,Level 3
jun 25,COLOMBIA,SYSTEMS ENGINEERING,RETAIL,341,OFICINA,10,10,10,10,35,35,"7,0",8,"0,0000","0,0000","0,0000",0,964.419,0,958.738,"100,00%","100,00%","100,00%","87,50%","100,00%","0,1300","0,1300","0,2000","0,2363","0,2700","1,0000",97%,1,Level 3
jun 25,COLOMBIA,SYSTEMS ENGINEERING,RETAIL,343,MÓVIL RETAIL,1,1,1,1,147,149,"1,0",1,"0,0000","0,0000","0,0000",0,87.772,0,87.772,"100,00%","100,00%","98,66%","100,00%","100,00%","0,1300","0,1300","0,1973","0,2700","0,2700","1,0000",100%,1,Level 3
jun 25,COLOMBIA,SYSTEMS ENGINEERING,RETAIL,4065,CANALES ASISTIDOS IVR/CBs,2,2,2,2,16,16,"0,5",2,"0,0000","0,0000","0,0000",0,129.664,0,126.857,"100,00%","100,00%","100,00%","25,00%","100,00%","0,1300","0,1300","0,2000","0,0675","0,2700","1,0000",80%,1,Level 1
jun 25,COLOMBIA,SYSTEMS ENGINEERING,RETAIL,4066,CANALES ASISTIDOS ATMs/RPA,2,2,2,2,2,2,"1,5",2,"0,0000","0,0000","0,0000",0,12.225,0,12.140,"100,00%","100,00%","100,00%","75,00%","100,00%","0,1300","0,1300","0,2000","0,2025","0,2700","1,0000",93%,1,Level 3
jun 25,COLOMBIA,SYSTEMS ENGINEERING,RETAIL,5088,ANTIFRAUDE,6,6,6,6,7,7,"6,0",6,"0,0341","0,0342","-0,2941",30,879.351,30,876.765,"100,00%","100,00%","100,00%","100,00%","75,00%","0,1300","0,1300","0,2000","0,2700","0,2025","1,0000",93%,1,Level 3
jun 25,COLOMBIA,SYSTEMS ENGINEERING,SALESFORCE,6371,SALESFORCE,6,4,6,6,2,2,"1,0",2,"0,0000","0,0000","0,0000",0,37.686,0,19.677,"66,67%","100,00%","100,00%","50,00%","100,00%","0,0867","0,1300","0,2000","0,1350","0,2700","1,0000",82%,1,Level 2
jun 25,COLOMBIA,SYSTEMS ENGINEERING,SEGUROS,4061,SEGUROS SISTEMAS ESPECIALIZADOS,3,3,3,3,0,0,"1,5",2,"0,0000","0,0000","0,0000",0,218.212,0,144.967,"100,00%","100,00%",-,"75,00%","100,00%","0,1300","0,1300",-,"0,2025","0,2700","0,8000",92%,1,Level 3
jun 25,COLOMBIA,SYSTEMS ENGINEERING,SEGUROS,4063,SEGUROS AUTOMATION,7,7,7,7,0,0,"1,0",6,"0,0000","0,0000","0,0000",0,23.099,0,146,"100,00%","100,00%",-,"16,67%","100,00%","0,1300","0,1300",-,"0,0450","0,2700","0,8000",72%,1,Level 1
jun 25,COLOMBIA,SYSTEMS ENGINEERING,SEGUROS,6650,SEGUROS PROCESOS,6,6,6,6,0,0,"3,5",4,"0,0000","0,0000","0,0000",0,12.777,0,10.697,"100,00%","100,00%",-,"87,50%","100,00%","0,1300","0,1300",-,"0,2363","0,2700","0,8000",96%,1,Level 3
jun 25,COLOMBIA,SYSTEMS ENGINEERING,SEGUROS,6651,SEGUROS FINANCIERO,4,4,4,4,0,0,"0,0",0,"0,0000","0,0000","0,0000",0,5.896,0,5.896,"100,00%","100,00%",-,-,"100,00%","0,1300","0,1300",-,-,"0,2700","0,5300",100%,1,Level 3
jun 25,COLOMBIA,SYSTEMS ENGINEERING,SEGUROS,6652,BUSINESS CORE,3,3,3,3,0,0,"1,5",3,"0,2337","0,5253","-55,5192",436,1.865.948,982,1.869.379,"100,00%","100,00%",-,"50,00%","0,00%","0,1300","0,1300",-,"0,1350","0,0000","0,8000",49%,0,Not certified
jun 25,COMMERCIAL CLIENT SOLUTIONS,CHANNELS & PROCESSES,COREX & BANKING PLATFORM EVOLUTION,134,INFRA MULTICANAL EMPRESAS,0,0,5,5,3,3,"3,0",6,"0,0931","0,0915","1,7873",300,3.221.585,263,2.874.734,-,"100,00%","100,00%","50,00%","25,00%",-,"0,1300","0,2000","0,1350","0,0675","0,8700",61%,0,Not certified
jun 25,COMMERCIAL CLIENT SOLUTIONS,CHANNELS & PROCESSES,COREX & BANKING PLATFORM EVOLUTION,260,DIGITAL SIGNING,1,1,1,1,5,8,"1,0",1,"0,0000","0,0000","0,0000",0,72.061,0,66.419,"100,00%","100,00%","62,50%","100,00%","100,00%","0,1300","0,1300","0,1250","0,2700","0,2700","1,0000",93%,1,Level 3
jun 25,COMMERCIAL CLIENT SOLUTIONS,CHANNELS & PROCESSES,COREX & BANKING PLATFORM EVOLUTION,261,ALERTAS FX,1,1,1,1,0,0,"0,0",0,"0,0000","0,0000","0,0000",0,12.942,0,12.942,"100,00%","100,00%",-,-,"100,00%","0,1300","0,1300",-,-,"0,2700","0,5300",100%,1,Level 3
jun 25,COMMERCIAL CLIENT SOLUTIONS,CHANNELS & PROCESSES,COREX & BANKING PLATFORM EVOLUTION,4958,FACTORÍA ENTERPRISE CLIENTS AMERICA,0,0,1,1,14,14,"0,0",1,"0,0000","0,0000","0,0000",0,29.882,0,29.145,-,"100,00%","100,00%","0,00%","100,00%",-,"0,1300","0,2000","0,0000","0,2700","0,8700",69%,0,Not certified
jun 25,COMMERCIAL CLIENT SOLUTIONS,CHANNELS & PROCESSES,COREX & BANKING PLATFORM EVOLUTION,6762,FX SMART HEDGING,0,0,1,1,0,0,"0,0",0,"0,0000","0,0000","0,0000",0,105.320,0,105.320,-,"100,00%",-,-,"100,00%",-,"0,1300",-,-,"0,2700","0,4000",100%,1,Level 3
jun 25,COMMERCIAL CLIENT SOLUTIONS,CHANNELS & PROCESSES,COREX & BANKING PLATFORM EVOLUTION,7184,PROCESOS ONBOARDING & CONTRATACIÓN,0,0,1,1,9,9,"1,0",1,"0,0000","-99,0000","0,0000",0,4.403,0,0,-,"100,00%","100,00%","100,00%","100,00%",-,"0,1300","0,2000","0,2700","0,2700","0,8700",100%,1,Level 3
jun 25,COMMERCIAL CLIENT SOLUTIONS,CHANNELS & PROCESSES,COREX & BANKING PLATFORM EVOLUTION,7395,CREDIT EXPERIENCE,0,0,2,2,6,6,"1,0",1,"0,0000","0,0000","0,0000",0,9.318,0,2.939,-,"100,00%","100,00%","100,00%","100,00%",-,"0,1300","0,2000","0,2700","0,2700","0,8700",100%,1,Level 3
jun 25,COMMERCIAL CLIENT SOLUTIONS,CHANNELS & PROCESSES,DIGITAL CHANNELS,388,PLATAFORMA SENDA,0,0,5,5,47,47,"4,0",5,"0,0006","0,0007","-2,2028",2,3.108.508,2,3.040.035,-,"100,00%","100,00%","80,00%","100,00%",-,"0,1300","0,2000","0,2160","0,2700","0,8700",94%,1,Level 3
jun 25,COMMERCIAL CLIENT SOLUTIONS,CHANNELS & PROCESSES,DIGITAL CHANNELS,389,PLATAFORMA GEMA,0,0,1,1,45,45,"1,0",1,"0,0000","0,0000","0,0000",0,1.418.986,0,1.415.831,-,"100,00%","100,00%","100,00%","100,00%",-,"0,1300","0,2000","0,2700","0,2700","0,8700",100%,1,Level 3
jun 25,COMMERCIAL CLIENT SOLUTIONS,CHANNELS & PROCESSES,EMBEDDED FINANCE,390,PLATAFORMA API CHANNEL,0,0,1,1,24,24,"0,0",1,"0,0000","0,0000","0,0000",0,252.309,0,251.392,-,"100,00%","100,00%","0,00%","100,00%",-,"0,1300","0,2000","0,0000","0,2700","0,8700",69%,0,Not certified
jun 25,COMMERCIAL CLIENT SOLUTIONS,CHANNELS & PROCESSES,GLOBAL CHANNELS,344,PIVOT NET,6,6,6,6,34,34,"4,0",5,"0,6462","0,1969","228,2089",797,1.233.286,731,3.712.558,"100,00%","100,00%","100,00%","80,00%","0,00%","0,1300","0,1300","0,2000","0,2160","0,0000","1,0000",68%,0,Not certified
jun 25,COMMERCIAL CLIENT SOLUTIONS,CHANNELS & PROCESSES,GLOBAL CHANNELS,348,INFRAESTRUCTURA MULTICANAL ALPHA,20,20,20,20,13,13,"5,0",5,"0,0000","0,0000","0,0000",0,132.223,0,130.964,"100,00%","100,00%","100,00%","100,00%","100,00%","0,1300","0,1300","0,2000","0,2700","0,2700","1,0000",100%,1,Level 3
jun 25,COMMERCIAL CLIENT SOLUTIONS,CHANNELS & PROCESSES,GLOBAL CHANNELS,4779,GLOBAL CHANNELS,2,2,1,1,25,26,"2,0",2,"0,0000","0,0000","0,0000",0,18.169,0,14.576,"100,00%","100,00%","96,15%","100,00%","100,00%","0,1300","0,1300","0,1923","0,2700","0,2700","1,0000",99%,1,Level 3
jun 25,COMMERCIAL CLIENT SOLUTIONS,CHANNELS & PROCESSES,SERVICING & CLIENT EXPERIENCE TRANSFORMATION,4358,PIVOT IMPLEMENTATION,1,1,1,1,13,13,"1,0",1,"0,0000","0,0000","0,0000",0,244.177,0,223.709,"100,00%","100,00%","100,00%","100,00%","100,00%","0,1300","0,1300","0,2000","0,2700","0,2700","1,0000",100%,1,Level 3
jun 25,COMMERCIAL CLIENT SOLUTIONS,CHANNELS & PROCESSES,SERVICING & CLIENT EXPERIENCE TRANSFORMATION,7210,PRODUCTIVIDAD Y DEVOPS,0,0,1,1,0,0,"0,0",1,"0,0000","0,0000","0,0000",0,33.206,0,56.261,-,"100,00%",-,"0,00%","100,00%",-,"0,1300",-,"0,0000","0,2700","0,6700",60%,0,Not certified
jun 25,COMMERCIAL CLIENT SOLUTIONS,SUSTAINABILITY RELATIONSHIP MODELS & SPARK,BBVA SPARK,7429,HERRAMIENTAS SPARK,0,0,2,2,18,18,"2,0",2,"0,0000","0,0000","0,0000",0,44.630,0,40.971,-,"100,00%","100,00%","100,00%","100,00%",-,"0,1300","0,2000","0,2700","0,2700","0,8700",100%,1,Level 3
jun 25,COMMERCIAL CLIENT SOLUTIONS,SUSTAINABILITY RELATIONSHIP MODELS & SPARK,RELATIONSHIP MODELS,259,SERVICE BANKERS'S TOOLS - DWP,1,1,1,1,3,3,"0,0",2,"0,0019","0,0019","0,0000",2,1.033.734,2,1.033.734,"100,00%","100,00%","100,00%","0,00%","100,00%","0,1300","0,1300","0,2000","0,0000","0,2700","1,0000",73%,1,Level 1
jun 25,COMMERCIAL CLIENT SOLUTIONS,SUSTAINABILITY RELATIONSHIP MODELS & SPARK,RELATIONSHIP MODELS,4961,GESTOR DE INTERVINIENTES,1,1,1,1,0,0,"1,0",1,"-99,0000","-99,0000","0,0000",0,0,0,0,"100,00%","100,00%",-,"100,00%",-,"0,1300","0,1300",-,"0,2700",-,"0,5300",100%,1,Level 3
jun 25,COMMERCIAL CLIENT SOLUTIONS,SUSTAINABILITY RELATIONSHIP MODELS & SPARK,RELATIONSHIP MODELS,6335,INTERNATIONAL CROSSBORDER COORDINATION TOOL,1,1,1,1,1,1,"0,0",1,"1,4629","1,4634","-0,0311",484,330.840,484,330.737,"100,00%","100,00%","100,00%","0,00%","0,00%","0,1300","0,1300","0,2000","0,0000","0,0000","1,0000",46%,0,Not certified
jun 25,COMMERCIAL CLIENT SOLUTIONS,SUSTAINABILITY RELATIONSHIP MODELS & SPARK,RELATIONSHIP MODELS,7875,SALES SALESFORCE - CCS,0,0,1,1,0,0,"0,0",0,"-99,0000","-99,0000","0,0000",0,0,0,0,-,"100,00%",-,-,-,-,"0,1300",-,-,-,"0,1300",100%,1,Level 3
jun 25,COMMERCIAL CLIENT SOLUTIONS,SUSTAINABILITY RELATIONSHIP MODELS & SPARK,SUSTAINABILITY,7721,SUSTAINABILITY - COMMERCIAL,0,0,1,1,19,19,"2,0",2,"0,0000","0,0000","0,0000",0,260.721,0,253.250,-,"100,00%","100,00%","100,00%","100,00%",-,"0,1300","0,2000","0,2700","0,2700","0,8700",100%,1,Level 3
jun 25,COMMERCIAL CLIENT SOLUTIONS,VALUE PROPOSITION,DOMESTIC TREASURY MANAGEMENT,349,PLATAFORMA ETPB,0,0,1,1,84,85,"1,0",1,"0,0000","0,0000","0,0000",0,1.093.897,0,1.065.266,-,"100,00%","98,82%","100,00%","100,00%",-,"0,1300","0,1976","0,2700","0,2700","0,8700",100%,1,Level 3
jun 25,COMMERCIAL CLIENT SOLUTIONS,VALUE PROPOSITION,HIGH VALUE SOLUTIONS,98,FINANCIACIÓN ESPECIALIZADA,0,0,1,1,0,0,"0,0",1,"0,0000","0,0000","0,0000",0,2.154,0,2.157,-,"100,00%",-,"0,00%","100,00%",-,"0,1300",-,"0,0000","0,2700","0,6700",60%,0,Not certified
jun 25,COMMERCIAL CLIENT SOLUTIONS,VALUE PROPOSITION,HIGH VALUE SOLUTIONS,7699,TRADE FINANCE,1,1,1,1,0,0,"1,0",1,"0,0000","0,0000","0,0000",0,6.750,0,6.750,"100,00%","100,00%",-,"100,00%","100,00%","0,1300","0,1300",-,"0,2700","0,2700","0,8000",100%,1,Level 3
jun 25,COMMERCIAL CLIENT SOLUTIONS,VALUE PROPOSITION,INTERNATIONAL TREASURY MANAGEMENT,345,PIVOT CONNECT,2,2,2,2,29,29,"2,0",2,"0,0000","0,0000","0,0000",0,622.600,0,609.845,"100,00%","100,00%","100,00%","100,00%","100,00%","0,1300","0,1300","0,2000","0,2700","0,2700","1,0000",100%,1,Level 3
jun 25,COMMERCIAL CLIENT SOLUTIONS,VALUE PROPOSITION,INTERNATIONAL TREASURY MANAGEMENT,7135,Pivot Data,0,0,1,2,0,0,"0,0",0,"-99,0000","-99,0000","0,0000",0,0,0,0,-,"50,00%",-,-,-,-,"0,0650",-,-,-,"0,1300",50%,0,Not certified
jun 25,COMMERCIAL CLIENT SOLUTIONS,VALUE PROPOSITION,LIQUIDITY MANAGEMENT,345,PIVOT CONNECT,2,2,2,2,33,35,"2,0",2,"0,0000","0,0000","0,0000",0,826.944,0,1.209.803,"100,00%","100,00%","94,29%","100,00%","100,00%","0,1300","0,1300","0,1886","0,2700","0,2700","1,0000",99%,1,Level 3
jun 25,COMMERCIAL CLIENT SOLUTIONS,VALUE PROPOSITION,VAM SCF CARDS,346,PIVOT - COMMERCIAL CARD,1,1,1,1,10,10,"1,0",1,"0,0000","0,0000","0,0000",0,715.350,0,715.350,"100,00%","100,00%","100,00%","100,00%","100,00%","0,1300","0,1300","0,2000","0,2700","0,2700","1,0000",100%,1,Level 3
jun 25,COMMERCIAL CLIENT SOLUTIONS,VALUE PROPOSITION,VAM SCF CARDS,347,PIVOT - GLOBAL SUPPLY CHAIN FINANCE,1,1,0,0,6,10,"1,0",1,"0,0000","0,0000","0,0000",0,9.125,0,9.125,"100,00%",-,"60,00%","100,00%","100,00%","0,1300",-,"0,1200","0,2700","0,2700","0,8700",91%,1,Level 3
jun 25,COMMERCIAL CLIENT SOLUTIONS,VALUE PROPOSITION,VAM SCF CARDS,6141,PIVOT - VIRTUAL ACCOUNTS,1,1,1,1,24,24,"1,0",1,"0,0000","0,0000","0,0000",0,57.637,0,55.788,"100,00%","100,00%","100,00%","100,00%","100,00%","0,1300","0,1300","0,2000","0,2700","0,2700","1,0000",100%,1,Level 3
jun 25,COMMERCIAL CLIENT SOLUTIONS,VALUE PROPOSITION,VAM SCF CARDS,7423,GLOBAL SCF (LOCAL MULTICOUNTRY),0,0,1,1,0,0,"1,0",1,"0,0000","0,0000","0,0000",0,263,0,137,-,"100,00%",-,"100,00%","100,00%",-,"0,1300",-,"0,2700","0,2700","0,6700",100%,1,Level 3
jun 25,COMMERCIAL CLIENT SOLUTIONS,VALUE PROPOSITION,VAM SCF CARDS,7424,BBVA CONNECTA,0,0,1,1,0,0,"1,0",1,"0,0000","0,0000","0,0000",0,5.261,0,1.102,-,"100,00%",-,"100,00%","100,00%",-,"0,1300",-,"0,2700","0,2700","0,6700",100%,1,Level 3
jun 25,DATA ENGINEERING,DATA ENGINEERING,DATA HUB,400,CS INGESTAS,2,2,4,4,249,251,"3,0",4,"0,0000","0,0000","0,0000",0,123.350,0,32.061,"100,00%","100,00%","99,20%","75,00%","100,00%","0,1300","0,1300","0,1984","0,2025","0,2700","1,0000",93%,1,Level 3
jun 25,DATA ENGINEERING,DATA ENGINEERING,DATA HUB,401,HERRAMIENTAS DATA,7,7,6,7,85,86,"5,0",7,"0,1156","0,1113","3,8838",459,3.969.051,432,3.880.660,"100,00%","85,71%","98,84%","71,43%","25,00%","0,1300","0,1114","0,1977","0,1929","0,0675","1,0000",70%,0,Not certified
jun 25,DATA ENGINEERING,DATA ENGINEERING,DATA HUB,402,"T&C, CROSS Y ENGINEERING INGESTAS",1,1,1,1,76,78,"0,0",1,"0,0000","0,0000","0,0000",0,470.666,0,35.329,"100,00%","100,00%","97,44%","0,00%","100,00%","0,1300","0,1300","0,1949","0,0000","0,2700","1,0000",72%,1,Level 1
jun 25,DATA ENGINEERING,DATA ENGINEERING,DATA HUB,403,VISUAL CLIENT,1,1,1,1,0,0,"0,0",1,"0,0000","0,0000","0,0000",0,135.612,0,135.612,"100,00%","100,00%",-,"0,00%","100,00%","0,1300","0,1300",-,"0,0000","0,2700","0,8000",66%,0,Not certified
jun 25,DATA ENGINEERING,DATA ENGINEERING,DATA HUB,404,DE PLATAFORMA INFORMACIONAL HOLDING (HIS Y MAESTROS),1,1,1,1,3,3,"0,0",0,"0,0000","0,0000","0,0000",0,113.017,0,112.683,"100,00%","100,00%","100,00%",-,"100,00%","0,1300","0,1300","0,2000",-,"0,2700","0,7300",100%,1,Level 3
jun 25,DATA ENGINEERING,DATA ENGINEERING,DATA HUB,405,DATAHUB R&F,3,3,1,3,271,276,"2,0",3,"0,0000","0,0000","0,0000",0,264.943,0,119.469,"100,00%","33,33%","98,19%","66,67%","100,00%","0,1300","0,0433","0,1964","0,1800","0,2700","1,0000",82%,1,Level 2
jun 25,DATA ENGINEERING,DATA ENGINEERING,DATA HUB,406,GDH ALPHA,1,1,1,1,46,49,"0,0",1,"0,0000","0,0000","0,0000",0,952.528,0,758.855,"100,00%","100,00%","93,88%","0,00%","100,00%","0,1300","0,1300","0,1878","0,0000","0,2700","1,0000",72%,1,Level 1
jun 25,DATA ENGINEERING,DATA ENGINEERING,DATA HUB,5504,DQ HOLDING,1,1,1,1,0,0,"0,0",1,"0,0000","0,0000","0,0000",0,5.002,0,2.955,"100,00%","100,00%",-,"0,00%","100,00%","0,1300","0,1300",-,"0,0000","0,2700","0,8000",66%,0,Not certified
jun 25,DATA ENGINEERING,DATA ENGINEERING,DATA HUB,6136,DEVOPS - CI/CD,1,1,0,1,0,0,"0,0",1,"0,0000","0,0000","0,0000",0,64.408,0,718,"100,00%","0,00%",-,"0,00%","100,00%","0,1300","0,0000",-,"0,0000","0,2700","0,8000",50%,0,Not certified
jun 25,DATA ENGINEERING,DATA ENGINEERING,DATA HUB,7847,MLE&GENAI HOLDING,1,0,0,1,0,0,"0,0",0,"-99,0000","-99,0000","0,0000",0,0,0,0,"0,00%","0,00%",-,-,-,"0,0000","0,0000",-,-,-,"0,2600",0%,0,Not certified
jun 25,ESPAÑA,DATA ENGINEERING,DATA HUB,392,TERADATA SYSTEMS,1,1,1,1,16,16,"0,0",1,"0,1001","0,1395","-28,2218",123,1.228.403,183,1.311.836,"100,00%","100,00%","100,00%","0,00%","100,00%","0,1300","0,1300","0,2000","0,0000","0,2700","1,0000",73%,1,Level 1
jun 25,ESPAÑA,DATA ENGINEERING,DATA HUB,5709,Riesgos & Finanzas,3,3,2,3,177,178,"2,0",3,"0,0000","0,0000","0,0000",0,157.512,0,54.565,"100,00%","66,67%","99,44%","66,67%","100,00%","0,1300","0,0867","0,1989","0,1800","0,2700","1,0000",87%,1,Level 2
jun 25,ESPAÑA,DATA ENGINEERING,DATA HUB,5710,Cs & Sostenibilidad,4,4,4,4,392,392,"3,0",4,"0,0000","0,0000","0,0000",0,448.304,0,137.838,"100,00%","100,00%","100,00%","75,00%","100,00%","0,1300","0,1300","0,2000","0,2025","0,2700","1,0000",93%,1,Level 3
jun 25,ESPAÑA,DATA ENGINEERING,DATA HUB,5711,Cross System,1,1,1,1,102,102,"0,5",1,"0,0000","0,0000","0,0000",0,199.819,0,105.154,"100,00%","100,00%","100,00%","50,00%","100,00%","0,1300","0,1300","0,2000","0,1350","0,2700","1,0000",87%,1,Level 2
jun 25,ESPAÑA,DATA ENGINEERING,Data Modelling,5713,SDM,2,2,2,2,310,310,"0,0",2,"0,0000","0,0000","0,0000",0,396.369,0,12.549,"100,00%","100,00%","100,00%","0,00%","100,00%","0,1300","0,1300","0,2000","0,0000","0,2700","1,0000",73%,1,Level 1
jun 25,ESPAÑA,SYSTEMS ENGINEERING,ALPHA,52,CLIENTS REGULATORY COMPLIANCE,3,3,3,3,20,20,"3,0",3,"0,0000","0,0000","0,0000",0,764.243,0,759.246,"100,00%","100,00%","100,00%","100,00%","100,00%","0,1300","0,1300","0,2000","0,2700","0,2700","1,0000",100%,1,Level 3
jun 25,ESPAÑA,SYSTEMS ENGINEERING,ALPHA,71,BACKEND,3,3,3,3,53,53,"0,5",3,"0,0026","0,0045","-42,7676",4,1.550.583,7,1.553.012,"100,00%","100,00%","100,00%","16,67%","100,00%","0,1300","0,1300","0,2000","0,0450","0,2700","1,0000",78%,1,Level 1
jun 25,ESPAÑA,SYSTEMS ENGINEERING,ALPHA,157,CLIENTS,3,3,2,3,35,35,"3,0",3,"0,0000","0,0000","0,0000",0,70.602,0,70.602,"100,00%","66,67%","100,00%","100,00%","100,00%","0,1300","0,0867","0,2000","0,2700","0,2700","1,0000",96%,1,Level 3
jun 25,ESPAÑA,SYSTEMS ENGINEERING,ALPHA,431,ALPHA CORE PLATFORM,3,3,2,2,27,28,"2,0",3,"0,0000","0,0000","0,0000",0,57.674,0,44.852,"100,00%","100,00%","96,43%","66,67%","100,00%","0,1300","0,1300","0,1929","0,1800","0,2700","1,0000",90%,1,Level 3
jun 25,ESPAÑA,SYSTEMS ENGINEERING,CONSUMER FINANCE SYSTEMS,53,CONSUMER FINANCE,1,1,1,1,20,23,"1,0",1,"0,1875","0,1881","-0,3595",216,1.152.251,216,1.148.109,"100,00%","100,00%","86,96%","100,00%","75,00%","0,1300","0,1300","0,1739","0,2700","0,2025","1,0000",91%,1,Level 3
jun 25,ESPAÑA,SYSTEMS ENGINEERING,CONSUMER FINANCE SYSTEMS,266,CONSUMER FINANCE CHANNEL,4,4,4,4,32,36,"3,0",4,"0,0622","0,0624","-0,3453",134,2.155.227,134,2.147.784,"100,00%","100,00%","88,89%","75,00%","75,00%","0,1300","0,1300","0,1778","0,2025","0,2025","1,0000",84%,1,Level 2
jun 25,ESPAÑA,SYSTEMS ENGINEERING,CONSUMER FINANCE SYSTEMS,267,COBRANDED,4,4,2,4,22,25,"3,0",4,"0,0520","0,0527","-1,3263",96,1.847.046,97,1.841.534,"100,00%","50,00%","88,00%","75,00%","75,00%","0,1300","0,0650","0,1760","0,2025","0,2025","1,0000",78%,1,Level 1
jun 25,ESPAÑA,SYSTEMS ENGINEERING,CONSUMER FINANCE SYSTEMS,268,RED DE AGENTES,1,1,1,1,11,11,"1,0",1,"0,0000","0,0000","0,0000",0,1.016.615,0,1.011.420,"100,00%","100,00%","100,00%","100,00%","100,00%","0,1300","0,1300","0,2000","0,2700","0,2700","1,0000",100%,1,Level 3
jun 25,ESPAÑA,SYSTEMS ENGINEERING,CORE BANKING PRODUCTS,425,"VALORES, FONDOS INTERNACIONALES, DEPOSITARÍA Y ACCIONISTAS",13,13,12,12,166,168,"5,5",11,"0,0840","0,0844","-0,4280",269,3.201.973,269,3.188.267,"100,00%","100,00%","98,81%","50,00%","75,00%","0,1300","0,1300","0,1976","0,1350","0,2025","1,0000",80%,1,Level 1
jun 25,ESPAÑA,SYSTEMS ENGINEERING,CORE BANKING PRODUCTS,428,VENTA DE CARTERAS,1,1,1,1,40,52,"1,0",1,"0,0000","0,0000","0,0000",0,244.118,0,243.112,"100,00%","100,00%","76,92%","100,00%","100,00%","0,1300","0,1300","0,1538","0,2700","0,2700","1,0000",95%,1,Level 3
jun 25,ESPAÑA,SYSTEMS ENGINEERING,CORE BANKING PRODUCTS,430,FINANCIACIÓN,9,9,9,9,56,64,"8,0",9,"0,0007","0,0007","0,0621",1,1.334.039,1,1.334.867,"100,00%","100,00%","87,50%","88,89%","100,00%","0,1300","0,1300","0,1750","0,2400","0,2700","1,0000",95%,1,Level 3
jun 25,ESPAÑA,SYSTEMS ENGINEERING,CORE CROSS SYSTEMS,128,CCS PRICING,4,4,4,4,13,14,"3,0",3,"0,0000","0,0000","0,0000",0,201.307,0,200.216,"100,00%","100,00%","92,86%","100,00%","100,00%","0,1300","0,1300","0,1857","0,2700","0,2700","1,0000",99%,1,Level 3
jun 25,ESPAÑA,SYSTEMS ENGINEERING,CORE CROSS SYSTEMS,129,TRANSFORMACIÓN DE OPERACIONES,8,8,8,8,21,24,"3,5",6,"0,1205","0,1205","-0,0295",482,4.000.946,482,3.999.764,"100,00%","100,00%","87,50%","58,33%","75,00%","0,1300","0,1300","0,1750","0,1575","0,2025","1,0000",80%,1,Level 1
jun 25,ESPAÑA,SYSTEMS ENGINEERING,CORE CROSS SYSTEMS,130,INFRAESTRUCTURA OPERACIONAL,4,4,4,4,33,35,"3,0",4,"0,0000","0,0000","0,0000",0,301.233,0,301.437,"100,00%","100,00%","94,29%","75,00%","100,00%","0,1300","0,1300","0,1886","0,2025","0,2700","1,0000",92%,1,Level 3
jun 25,ESPAÑA,SYSTEMS ENGINEERING,CORE CROSS SYSTEMS,131,CONTRATACIÓN,4,4,4,4,109,129,"4,0",4,"0,0108","0,0595","-81,8913",75,6.959.707,425,7.141.765,"100,00%","100,00%","84,50%","100,00%","100,00%","0,1300","0,1300","0,1690","0,2700","0,2700","1,0000",97%,1,Level 3
jun 25,ESPAÑA,SYSTEMS ENGINEERING,CORE CROSS SYSTEMS,132,"DOC, TTGG, LIQUIDACIÓN",3,3,3,3,66,69,"2,0",2,"0,0000","0,0000","0,0000",0,339.729,0,339.395,"100,00%","100,00%","95,65%","100,00%","100,00%","0,1300","0,1300","0,1913","0,2700","0,2700","1,0000",99%,1,Level 3
jun 25,ESPAÑA,SYSTEMS ENGINEERING,CORE CROSS SYSTEMS,133,MODELO DE DIRECCIÓN Y GESTIÓN,5,5,5,5,23,24,"4,0",4,"0,0000","0,0000","0,0000",0,39.849,0,39.849,"100,00%","100,00%","95,83%","100,00%","100,00%","0,1300","0,1300","0,1917","0,2700","0,2700","1,0000",99%,1,Level 3
jun 25,ESPAÑA,SYSTEMS ENGINEERING,CORPORATE FUNCTIONS SYSTEMS,4,RIESGOS DE CRÉDITO,8,8,6,6,104,106,"9,0",9,"0,0015","0,0015","-0,6442",4,2.654.464,4,2.637.364,"100,00%","100,00%","98,11%","100,00%","100,00%","0,1300","0,1300","0,1962","0,2700","0,2700","1,0000",100%,1,Level 3
jun 25,ESPAÑA,SYSTEMS ENGINEERING,CORPORATE FUNCTIONS SYSTEMS,319,GESTIÓN RECUPERATORIA Y CONTROL INTERNO,3,3,3,3,32,32,"2,0",3,"0,0000","0,0000","0,0000",0,774.229,0,771.164,"100,00%","100,00%","100,00%","66,67%","100,00%","0,1300","0,1300","0,2000","0,1800","0,2700","1,0000",91%,1,Level 3
jun 25,ESPAÑA,SYSTEMS ENGINEERING,CORPORATE FUNCTIONS SYSTEMS,320,T&C Y COMUNICACIONES,4,4,1,1,10,10,"4,0",4,"0,4701","0,4718","-0,3707",1.649,3.508.056,1.649,3.495.052,"100,00%","100,00%","100,00%","100,00%","0,00%","0,1300","0,1300","0,2000","0,2700","0,0000","1,0000",73%,1,Level 1
jun 25,ESPAÑA,SYSTEMS ENGINEERING,CORPORATE FUNCTIONS SYSTEMS,321,REPORTING NORMATIVO,6,5,6,6,75,75,"4,0",7,"0,0000","0,0000","0,0000",0,6.832.890,0,6.828.417,"83,33%","100,00%","100,00%","57,14%","100,00%","0,1083","0,1300","0,2000","0,1543","0,2700","1,0000",86%,1,Level 2
jun 25,ESPAÑA,SYSTEMS ENGINEERING,CORPORATE FUNCTIONS SYSTEMS,322,IMPAGO Y COBERTURAS,8,8,7,7,71,74,"7,0",7,"0,0316","0,0317","-0,1108",50,1.581.001,50,1.579.250,"100,00%","100,00%","95,95%","100,00%","75,00%","0,1300","0,1300","0,1919","0,2700","0,2025","1,0000",92%,1,Level 3
jun 25,ESPAÑA,SYSTEMS ENGINEERING,CORPORATE FUNCTIONS SYSTEMS,323,CONTABILIDAD Y REAL ESTATE,4,4,4,4,16,18,"4,0",4,"0,0687","0,0687","-0,0106",82,1.193.379,82,1.193.252,"100,00%","100,00%","88,89%","100,00%","75,00%","0,1300","0,1300","0,1778","0,2700","0,2025","1,0000",91%,1,Level 3
jun 25,ESPAÑA,SYSTEMS ENGINEERING,CORPORATE FUNCTIONS SYSTEMS,324,SSJJ Y OTROS,4,3,2,3,10,10,"2,0",2,"0,0000","0,0000","0,0000",0,260.798,0,259.317,"75,00%","66,67%","100,00%","100,00%","100,00%","0,0975","0,0867","0,2000","0,2700","0,2700","1,0000",92%,1,Level 3
jun 25,ESPAÑA,SYSTEMS ENGINEERING,ENTERPRISE CLIENTS SYSTEMS,96,ENTERPRISE CLIENTS OPERATIONS,10,9,9,10,24,28,"5,0",8,"0,0252","0,0252","-0,2507",92,3.654.308,92,3.645.148,"90,00%","90,00%","85,71%","62,50%","75,00%","0,1170","0,1170","0,1714","0,1688","0,2025","1,0000",78%,1,Level 1
jun 25,ESPAÑA,SYSTEMS ENGINEERING,ENTERPRISE CLIENTS SYSTEMS,98,FINANCIACIÓN ESPECIALIZADA,4,4,4,4,15,17,"2,0",3,"0,0466","0,0467","-0,0560",82,1.757.776,82,1.756.792,"100,00%","100,00%","88,24%","66,67%","75,00%","0,1300","0,1300","0,1765","0,1800","0,2025","1,0000",82%,1,Level 2
jun 25,ESPAÑA,SYSTEMS ENGINEERING,ENTERPRISE CLIENTS SYSTEMS,100,ENTERPRISES CHANNEL,4,4,4,4,65,71,"3,0",4,"0,1181","0,1185","-0,3116",2.396,20.283.062,2.392,20.186.104,"100,00%","100,00%","91,55%","75,00%","75,00%","0,1300","0,1300","0,1831","0,2025","0,2025","1,0000",85%,1,Level 2
jun 25,ESPAÑA,SYSTEMS ENGINEERING,ENTERPRISE CLIENTS SYSTEMS,4739,ENTERPRISE MXM,2,2,2,2,11,12,"2,0",2,"0,0029","0,0029","-0,6260",1,346.651,1,344.481,"100,00%","100,00%","91,67%","100,00%","100,00%","0,1300","0,1300","0,1833","0,2700","0,2700","1,0000",98%,1,Level 3
jun 25,ESPAÑA,SYSTEMS ENGINEERING,ENTERPRISE CLIENTS SYSTEMS,5938,COMEX,2,2,2,2,9,18,"2,0",2,"0,0168","0,0261","-35,3724",33,1.960.135,51,1.957.764,"100,00%","100,00%","50,00%","100,00%","100,00%","0,1300","0,1300","0,1000","0,2700","0,2700","1,0000",90%,1,Level 3
jun 25,ESPAÑA,SYSTEMS ENGINEERING,ENTERPRISE CLIENTS SYSTEMS,6169,ENTERPRISE MOBILE CHANNEL,2,2,2,2,34,36,"0,0",2,"0,0000","0,0000","0,0000",0,4.405.003,0,4.405.671,"100,00%","100,00%","94,44%","0,00%","100,00%","0,1300","0,1300","0,1889","0,0000","0,2700","1,0000",72%,1,Level 1
jun 25,ESPAÑA,SYSTEMS ENGINEERING,INSURANCE AND ASSET MANAGEMENT SYSTEMS,300,INSURANCE - POSTVENTA,2,2,2,2,12,12,"1,5",2,"0,0000","0,0000","0,0000",0,19.930,0,12.409,"100,00%","100,00%","100,00%","75,00%","100,00%","0,1300","0,1300","0,2000","0,2025","0,2700","1,0000",93%,1,Level 3
jun 25,ESPAÑA,SYSTEMS ENGINEERING,INSURANCE AND ASSET MANAGEMENT SYSTEMS,301,INSURANCE - AHORRO Y PREVISIÓN,5,5,5,5,28,28,"4,0",4,"0,0000","0,0000","0,0000",0,40.958.633,0,34.366.102,"100,00%","100,00%","100,00%","100,00%","100,00%","0,1300","0,1300","0,2000","0,2700","0,2700","1,0000",100%,1,Level 3
jun 25,ESPAÑA,SYSTEMS ENGINEERING,INSURANCE AND ASSET MANAGEMENT SYSTEMS,302,INSURANCE - FINANCIERO ACTUARIAL,4,4,3,3,1,1,"4,0",4,"0,0000","0,0000","0,0000",0,28.995,0,28.958,"100,00%","100,00%","100,00%","100,00%","100,00%","0,1300","0,1300","0,2000","0,2700","0,2700","1,0000",100%,1,Level 3
jun 25,ESPAÑA,SYSTEMS ENGINEERING,INSURANCE AND ASSET MANAGEMENT SYSTEMS,303,INSURANCE - DISTRIBUCIÓN,1,1,1,1,30,34,"1,0",1,"0,0000","0,0000","0,0000",0,8.180.415,0,8.178.948,"100,00%","100,00%","88,24%","100,00%","100,00%","0,1300","0,1300","0,1765","0,2700","0,2700","1,0000",98%,1,Level 3
jun 25,ESPAÑA,SYSTEMS ENGINEERING,INSURANCE AND ASSET MANAGEMENT SYSTEMS,304,INSURANCE - BACKOFFICE Y DATA,3,3,3,3,22,22,"1,5",3,"0,0000","0,0000","0,0000",0,3.120.615,0,3.031.386,"100,00%","100,00%","100,00%","50,00%","100,00%","0,1300","0,1300","0,2000","0,1350","0,2700","1,0000",87%,1,Level 2
jun 25,ESPAÑA,SYSTEMS ENGINEERING,INSURANCE AND ASSET MANAGEMENT SYSTEMS,307,ASSET MANAGEMENT - MIDDLE OFFICE,4,4,2,2,11,11,"3,0",4,"0,0000","0,0000","0,0000",0,314.375,0,314.373,"100,00%","100,00%","100,00%","75,00%","100,00%","0,1300","0,1300","0,2000","0,2025","0,2700","1,0000",93%,1,Level 3
jun 25,ESPAÑA,SYSTEMS ENGINEERING,INSURANCE AND ASSET MANAGEMENT SYSTEMS,308,ASSET MANAGEMENT - INFORMACIONAL & WEBS,5,5,5,5,53,54,"3,0",5,"0,2349","0,2421","-2,9819",2.291,9.752.467,2.337,9.651.633,"100,00%","100,00%","98,15%","60,00%","0,00%","0,1300","0,1300","0,1963","0,1620","0,0000","1,0000",62%,0,Not certified
jun 25,ESPAÑA,SYSTEMS ENGINEERING,INSURANCE AND ASSET MANAGEMENT SYSTEMS,310,ASSET MANAGEMENT - FRONT OFFICE,3,3,3,3,3,4,"3,0",3,"0,0037","0,0037","0,0000",8,2.175.056,8,2.175.055,"100,00%","100,00%","75,00%","100,00%","100,00%","0,1300","0,1300","0,1500","0,2700","0,2700","1,0000",95%,1,Level 3
jun 25,ESPAÑA,SYSTEMS ENGINEERING,INSURANCE AND ASSET MANAGEMENT SYSTEMS,4154,ASSET MANAGEMENT - BACKOFFICE Y FONDOS DE INVERSIÓN,3,3,1,1,42,42,"0,5",2,"0,3041","0,3038","0,1053",471,1.548.668,471,1.550.299,"100,00%","100,00%","100,00%","25,00%","0,00%","0,1300","0,1300","0,2000","0,0675","0,0000","1,0000",53%,0,Not certified
jun 25,ESPAÑA,SYSTEMS ENGINEERING,INSURANCE AND ASSET MANAGEMENT SYSTEMS,4301,ASSET MANAGEMENT - FONDOS Y PLANES DE PENSIONES,1,1,1,1,34,34,"0,0",1,"0,0000","0,0000","0,0000",0,110.902,0,108.065,"100,00%","100,00%","100,00%","0,00%","100,00%","0,1300","0,1300","0,2000","0,0000","0,2700","1,0000",73%,1,Level 1
jun 25,ESPAÑA,SYSTEMS ENGINEERING,PASIVO / PAYMENT SYSTEMS,426,MMPP,12,12,10,10,123,130,"8,0",10,"0,0587","0,0588","-0,0581",139,2.366.666,139,2.365.292,"100,00%","100,00%","94,62%","80,00%","75,00%","0,1300","0,1300","0,1892","0,2160","0,2025","1,0000",87%,1,Level 2
jun 25,ESPAÑA,SYSTEMS ENGINEERING,PASIVO / PAYMENT SYSTEMS,427,PASIVO,10,10,10,10,74,76,"7,5",8,"0,0000","0,0000","0,0000",0,2.726.385,0,518.906,"100,00%","100,00%","97,37%","93,75%","100,00%","0,1300","0,1300","0,1947","0,2531","0,2700","1,0000",98%,1,Level 3
jun 25,ESPAÑA,SYSTEMS ENGINEERING,PASIVO / PAYMENT SYSTEMS,429,SERVICIOS BANCARIOS (COBROS Y PAGOS),14,14,13,14,121,125,"8,0",14,"0,2411","0,2413","-0,0823",392,1.626.006,392,1.624.667,"100,00%","92,86%","96,80%","57,14%","0,00%","0,1300","0,1207","0,1936","0,1543","0,0000","1,0000",60%,0,Not certified
jun 25,ESPAÑA,SYSTEMS ENGINEERING,RETAIL CUSTOMERS SYSTEMS,79,MOBILE CHANNEL,3,3,3,3,178,191,"2,0",3,"0,0000","0,0000","0,0000",0,1.089.739,0,1.090.579,"100,00%","100,00%","93,19%","66,67%","100,00%","0,1300","0,1300","0,1864","0,1800","0,2700","1,0000",90%,1,Level 2
jun 25,ESPAÑA,SYSTEMS ENGINEERING,RETAIL CUSTOMERS SYSTEMS,89,ATM,2,2,2,2,4,5,"0,0",1,"0,0000","0,0000","0,0000",0,2.222.405,0,2.220.214,"100,00%","100,00%","80,00%","0,00%","100,00%","0,1300","0,1300","0,1600","0,0000","0,2700","1,0000",69%,0,Not certified
jun 25,ESPAÑA,SYSTEMS ENGINEERING,RETAIL CUSTOMERS SYSTEMS,93,WEB CHANNEL,6,5,5,6,81,90,"3,0",5,"0,0911","0,0914","-0,3164",367,4.029.450,368,4.027.647,"83,33%","83,33%","90,00%","60,00%","75,00%","0,1083","0,1083","0,1800","0,1620","0,2025","1,0000",76%,1,Level 1
jun 25,ESPAÑA,SYSTEMS ENGINEERING,RETAIL CUSTOMERS SYSTEMS,181,CONTACT CENTER,5,5,4,4,29,31,"5,0",5,"0,0258","0,0261","-1,0091",90,3.483.041,90,3.447.895,"100,00%","100,00%","93,55%","100,00%","75,00%","0,1300","0,1300","0,1871","0,2700","0,2025","1,0000",92%,1,Level 3
jun 25,ESPAÑA,SYSTEMS ENGINEERING,RETAIL CUSTOMERS SYSTEMS,281,PRIVATE BANKING,6,6,6,6,32,33,"4,5",6,"0,0000","0,0000","0,0000",0,208.375,0,207.763,"100,00%","100,00%","96,97%","75,00%","100,00%","0,1300","0,1300","0,1939","0,2025","0,2700","1,0000",93%,1,Level 3
jun 25,ESPAÑA,SYSTEMS ENGINEERING,RETAIL CUSTOMERS SYSTEMS,327,RETAIL DIGITAL SERVICES,12,12,12,12,13,13,"11,0",11,"0,0000","0,0000","0,0000",0,942.136,0,942.606,"100,00%","100,00%","100,00%","100,00%","100,00%","0,1300","0,1300","0,2000","0,2700","0,2700","1,0000",100%,1,Level 3
jun 25,ESPAÑA,SYSTEMS ENGINEERING,RETAIL CUSTOMERS SYSTEMS,328,BRANCH CHANNEL,7,7,4,4,47,47,"1,5",7,"0,0099","0,0171","-42,0101",239,24.136.137,420,24.596.382,"100,00%","100,00%","100,00%","21,43%","100,00%","0,1300","0,1300","0,2000","0,0579","0,2700","1,0000",79%,1,Level 1
jun 25,ESPAÑA,SYSTEMS ENGINEERING,RETAIL CUSTOMERS SYSTEMS,329,OPEN BANKING,1,1,1,1,5,5,"1,0",1,"0,0000","0,0000","0,0000",0,6.843,0,6.843,"100,00%","100,00%","100,00%","100,00%","100,00%","0,1300","0,1300","0,2000","0,2700","0,2700","1,0000",100%,1,Level 3
jun 25,ESPAÑA,SYSTEMS ENGINEERING,RETAIL CUSTOMERS SYSTEMS,330,OPERATIONAL CRM,6,6,4,4,40,41,"5,0",5,"0,0335","0,0402","-16,6319",29,865.511,32,796.204,"100,00%","100,00%","97,56%","100,00%","100,00%","0,1300","0,1300","0,1951","0,2700","0,2700","1,0000",100%,1,Level 3
jun 25,ESPAÑA,SYSTEMS ENGINEERING,RETAIL CUSTOMERS SYSTEMS,331,DIGITAL MARKETING,2,2,0,0,28,28,"1,0",2,"0,0000","0,0000","0,0000",0,128.269,0,114.279,"100,00%",-,"100,00%","50,00%","100,00%","0,1300",-,"0,2000","0,1350","0,2700","0,8700",84%,1,Level 2
jun 25,GSD,GSD,ALPHA,4621,CATÁLOGOS,0,0,2,2,0,0,"1,0",2,"0,0000","0,0000","0,0000",0,235.696,0,234.968,-,"100,00%",-,"50,00%","100,00%",-,"0,1300",-,"0,1350","0,2700","0,6700",80%,1,Level 1
jun 25,GSD,GSD,ALPHA,4622,FIRMA,0,0,1,1,0,0,"0,0",1,"0,0000","0,0000","0,0000",0,66.568,0,66.568,-,"100,00%",-,"0,00%","100,00%",-,"0,1300",-,"0,0000","0,2700","0,6700",60%,0,Not certified
jun 25,GSD,GSD,ALPHA,4623,INFRAESTRUCTURA MULTICANAL,0,0,5,5,23,27,"1,0",5,"0,0000","0,0000","0,0000",0,564.109,0,528.480,-,"100,00%","85,19%","20,00%","100,00%",-,"0,1300","0,1704","0,0540","0,2700","0,8700",72%,1,Level 1
jun 25,GSD,GSD,ALPHA,4625,OPERATIONAL DATA INFRASTRUCTURE,0,0,3,6,28,34,"3,0",5,"0,0000","0,0000","0,0000",0,184.351,0,168.160,-,"50,00%","82,35%","60,00%","100,00%",-,"0,0650","0,1647","0,1620","0,2700","0,8700",76%,1,Level 1
jun 25,GSD,GSD,ALPHA,4647,INFRAESTRUCTURA PERSONAS Y CONTRATOS,0,0,5,5,34,35,"1,0",4,"0,0000","0,0000","0,0000",0,624.472,0,584.756,-,"100,00%","97,14%","25,00%","100,00%",-,"0,1300","0,1943","0,0675","0,2700","0,8700",76%,1,Level 1
jun 25,GSD,GSD,DEVOPS & SW DEV TOOLS,4308,SW DEVTOOLS SUITE,4,4,4,4,0,0,"3,0",3,"0,0595","0,0620","-3,9321",136,2.284.841,147,2.372.536,"100,00%","100,00%",-,"100,00%","75,00%","0,1300","0,1300",-,"0,2700","0,2025","0,8000",92%,1,Level 3
jun 25,GSD,GSD,DEVOPS & SW DEV TOOLS,6091,IAGEN SDLC,2,1,1,2,0,0,"1,0",2,"0,0000","0,0000","0,0000",0,8.795,0,8.873,"50,00%","50,00%",-,"50,00%","100,00%","0,0650","0,0650",-,"0,1350","0,2700","0,8000",67%,0,Not certified
jun 25,GSD,GSD,DEVOPS & SW DEV TOOLS,6110,TESTING TOOLS,5,5,5,5,5,7,"5,0",5,"0,0111","0,0271","-58,8975",14,1.258.293,34,1.256.033,"100,00%","100,00%","71,43%","100,00%","100,00%","0,1300","0,1300","0,1429","0,2700","0,2700","1,0000",94%,1,Level 3
jun 25,GSD,GSD,DEVOPS & SW DEV TOOLS,6124,UX & DESIGN,0,0,0,0,0,0,"0,0",1,"0,0000","0,0000","0,0000",0,173.313,0,171.794,-,-,-,"0,00%","100,00%",-,-,-,"0,0000","0,2700","0,5400",50%,0,Not certified
jun 25,GSD,GSD,DEVOPS & SW DEV TOOLS,6136,DEVOPS - CI/CD,7,4,8,8,6,7,"7,0",9,"0,0034","0,0034","-0,3039",5,1.480.824,5,1.476.324,"57,14%","100,00%","85,71%","77,78%","100,00%","0,0743","0,1300","0,1714","0,2100","0,2700","1,0000",86%,1,Level 2
jun 25,GSD,GSD,PAYMENT,427,PASIVO,0,0,1,1,8,8,"1,0",1,"0,0000","0,0000","0,0000",0,11.024,0,9.636,-,"100,00%","100,00%","100,00%","100,00%",-,"0,1300","0,2000","0,2700","0,2700","0,8700",100%,1,Level 3
jun 25,GSD,GSD,PAYMENT,4357,PAYMENT AUTHORIZATION,1,1,3,3,26,26,"1,0",3,"0,0000","0,0000","0,0000",0,162.183,0,144.225,"100,00%","100,00%","100,00%","33,33%","100,00%","0,1300","0,1300","0,2000","0,0900","0,2700","1,0000",82%,1,Level 2
jun 25,GSD,GSD,PAYMENT,4979,TRACKING PAYMENT,0,0,1,1,1,1,"1,0",1,"0,0000","0,0000","0,0000",0,5.651,0,5.532,-,"100,00%","100,00%","100,00%","100,00%",-,"0,1300","0,2000","0,2700","0,2700","0,8700",100%,1,Level 3
jun 25,GSD,GSD,PAYMENT,5527,PAYMENT METHODS SYSTEM,0,0,1,1,37,39,"0,0",1,"0,0000","0,0000","0,0000",0,282.841,0,273.294,-,"100,00%","94,87%","0,00%","100,00%",-,"0,1300","0,1897","0,0000","0,2700","0,8700",68%,0,Not certified
jun 25,GSD,GSD,SECURITY GSD,5222,S-SDLC PROCESSES GLOBAL,1,1,1,1,0,0,"1,0",1,"0,0000","0,0000","0,0000",0,122.851,0,127.867,"100,00%","100,00%",-,"100,00%","100,00%","0,1300","0,1300",-,"0,2700","0,2700","0,8000",100%,1,Level 3
jun 25,GSD,GSD,SW DEV TRANSF,238,SDLC PROCESSES GLOBAL,1,1,1,1,0,0,"1,0",1,"0,0043","0,0000","0,0000",1,232.359,0,232.291,"100,00%","100,00%",-,"100,00%","0,00%","0,1300","0,1300",-,"0,2700","0,0000","0,8000",66%,0,Not certified
jun 25,GSD,GSD,SW DEV TRANSF,6198,SOPORTE HELIX,0,0,0,0,0,0,"0,0",0,"-99,0000","-99,0000","0,0000",0,0,0,0,-,-,-,-,-,-,-,-,-,-,"0,0000",No tiene el mínimo para calcular indicadores,-,-
jun 25,GSD,GSD,SW DEV TRANSF,6290,TRAINING - SERVICE FOR PRACTICE,1,0,0,1,0,0,"0,0",1,"0,0000","0,0000","0,0000",0,1.821,0,1.821,"0,00%","0,00%",-,"0,00%","100,00%","0,0000","0,0000",-,"0,0000","0,2700","0,8000",34%,0,Not certified
jun 25,I&O HUB AMÉRICA,R&IC,CFE,6151,SCREENING & TRANSACTION MONITORING AML,1,1,0,1,0,0,"0,0",1,"0,0000","0,0000","0,0000",0,12.605,0,12.605,"100,00%","0,00%",-,"0,00%","100,00%","0,1300","0,0000",-,"0,0000","0,2700","0,8000",50%,0,Not certified
jun 25,MÉXICO,DATA TRANSFORMATION & ENGINEERING,DATAHUB EXTENDED,109,TRANSACTIONAL S&C,3,3,3,3,483,484,"0,0",3,"0,0000","0,0000","0,0000",0,56.492,0,2.950,"100,00%","100,00%","99,79%","0,00%","100,00%","0,1300","0,1300","0,1996","0,0000","0,2700","1,0000",73%,1,Level 1
jun 25,MÉXICO,DATA TRANSFORMATION & ENGINEERING,DATAHUB EXTENDED,111,CLIENT SOLUTIONS,4,4,4,4,403,405,"1,5",4,"0,0000","0,0000","0,0000",0,269.739,0,15.569,"100,00%","100,00%","99,51%","37,50%","100,00%","0,1300","0,1300","0,1990","0,1013","0,2700","1,0000",83%,1,Level 2
jun 25,MÉXICO,DATA TRANSFORMATION & ENGINEERING,DATAHUB EXTENDED,112,DATA BANKING,3,3,3,3,441,444,"3,0",3,"0,0000","0,0000","0,0000",0,148.305,0,963,"100,00%","100,00%","99,32%","100,00%","100,00%","0,1300","0,1300","0,1986","0,2700","0,2700","1,0000",100%,1,Level 3
jun 25,MÉXICO,DATA TRANSFORMATION & ENGINEERING,DATAHUB EXTENDED,3560,OPERATIONAL ENTERPRISE,3,2,3,3,374,375,"1,0",3,"0,0000","0,0000","0,0000",0,114.867,0,3.280,"66,67%","100,00%","99,73%","33,33%","100,00%","0,0867","0,1300","0,1995","0,0900","0,2700","1,0000",78%,1,Level 1
jun 25,MÉXICO,DATA TRANSFORMATION & ENGINEERING,DATAHUB EXTENDED,7514,DATA INSURANCE,1,1,1,1,43,43,"1,0",1,"0,0000","-99,0000","0,0000",0,18.410,0,0,"100,00%","100,00%","100,00%","100,00%","100,00%","0,1300","0,1300","0,2000","0,2700","0,2700","1,0000",100%,1,Level 3
jun 25,MÉXICO,DATA TRANSFORMATION & ENGINEERING,DATAHUB FINANZAS Y RIESGOS,113,DATA RISK,4,4,3,4,1.000,1.008,"1,5",4,"0,0000","0,0000","0,0000",0,1.241.711,0,865.591,"100,00%","75,00%","99,21%","37,50%","100,00%","0,1300","0,0975","0,1984","0,1013","0,2700","1,0000",80%,1,Level 1
jun 25,MÉXICO,DATA TRANSFORMATION & ENGINEERING,DATAHUB FINANZAS Y RIESGOS,5552,DATA FINANCE,5,5,3,5,688,696,"2,5",5,"0,0000","0,0000","0,0000",0,199.868,0,6.413,"100,00%","60,00%","98,85%","50,00%","100,00%","0,1300","0,0780","0,1977","0,1350","0,2700","1,0000",81%,1,Level 2
jun 25,MÉXICO,DATA TRANSFORMATION & ENGINEERING,SEGURIDAD Y OTRAS PI,5009,DATA LEGACY,3,3,0,3,6,6,"1,0",2,"0,2234","0,2234","0,0000",14,62.662,14,62.662,"100,00%","0,00%","100,00%","50,00%","0,00%","0,1300","0,0000","0,2000","0,1350","0,0000","1,0000",47%,0,Not certified
jun 25,MÉXICO,SYSTEMS ENGINEERING,C&IB,61,ASSET MANAGEMENT,2,1,1,2,3,3,"1,0",1,"0,3328","0,3334","-0,1853",494,1.484.579,494,1.481.828,"50,00%","50,00%","100,00%","100,00%","0,00%","0,0650","0,0650","0,2000","0,2700","0,0000","1,0000",60%,0,Not certified
jun 25,MÉXICO,SYSTEMS ENGINEERING,C&IB,280,CROSS & LENDING,8,7,7,8,35,35,"5,0",7,"0,0020","0,0020","2,5449",4,1.964.740,4,2.014.741,"87,50%","87,50%","100,00%","71,43%","100,00%","0,1138","0,1138","0,2000","0,1929","0,2700","1,0000",89%,1,Level 2
jun 25,MÉXICO,SYSTEMS ENGINEERING,C&IB,281,PRIVATE BANKING,2,2,2,2,91,95,"2,0",2,"0,0000","0,0000","0,0000",0,667.954,0,241.464,"100,00%","100,00%","95,79%","100,00%","100,00%","0,1300","0,1300","0,1916","0,2700","0,2700","1,0000",99%,1,Level 3
jun 25,MÉXICO,SYSTEMS ENGINEERING,C&IB,282,"FX, DERIVATIVES & CUSTODY",9,9,8,9,75,75,"3,0",7,"0,0281","0,0287","-2,2373",71,2.529.922,72,2.508.155,"100,00%","88,89%","100,00%","42,86%","75,00%","0,1300","0,1156","0,2000","0,1157","0,2025","1,0000",76%,1,Level 1
jun 25,MÉXICO,SYSTEMS ENGINEERING,C&IB,283,OTC & RISK,5,4,4,5,96,96,"4,0",4,"0,1667","0,1721","-3,1315",172,1.031.818,178,1.034.373,"80,00%","80,00%","100,00%","100,00%","75,00%","0,1040","0,1040","0,2000","0,2700","0,2025","1,0000",88%,1,Level 2
jun 25,MÉXICO,SYSTEMS ENGINEERING,C&IB,284,FI & REPORTING,7,7,6,7,97,97,"5,0",6,"0,8065","0,8067","-0,0289",2.548,3.159.356,2.548,3.158.442,"100,00%","85,71%","100,00%","83,33%","0,00%","0,1300","0,1114","0,2000","0,2250","0,0000","1,0000",67%,0,Not certified
jun 25,MÉXICO,SYSTEMS ENGINEERING,C&IB,285,EQUITY,4,4,4,4,28,28,"4,0",4,"6,5521","6,5558","-0,0566",26.983,4.118.250,26.983,4.115.918,"100,00%","100,00%","100,00%","100,00%","0,00%","0,1300","0,1300","0,2000","0,2700","0,0000","1,0000",73%,1,Level 1
jun 25,MÉXICO,SYSTEMS ENGINEERING,CORE BANKING PRODUCTS,55,LOANS,7,4,6,7,171,172,"4,5",6,"0,0002","0,0000","0,0000",1,5.837.915,0,5.684.069,"57,14%","85,71%","99,42%","75,00%","100,00%","0,0743","0,1114","0,1988","0,2025","0,2700","1,0000",86%,1,Level 2
jun 25,MÉXICO,SYSTEMS ENGINEERING,CORE BANKING PRODUCTS,157,CLIENTS,5,5,5,5,160,161,"5,0",6,"0,0000","0,0000","0,0000",0,4.877.856,0,4.872.305,"100,00%","100,00%","99,38%","83,33%","100,00%","0,1300","0,1300","0,1988","0,2250","0,2700","1,0000",95%,1,Level 3
jun 25,MÉXICO,SYSTEMS ENGINEERING,CORE BANKING PRODUCTS,167,PAYROLLS AND TRANSFERS,4,4,4,4,100,100,"1,5",4,"0,0000","0,0000","0,0000",0,2.813.450,0,1.412.685,"100,00%","100,00%","100,00%","37,50%","100,00%","0,1300","0,1300","0,2000","0,1013","0,2700","1,0000",83%,1,Level 2
jun 25,MÉXICO,SYSTEMS ENGINEERING,CORE BANKING PRODUCTS,169,ACCOUNTS,8,8,7,8,173,180,"6,5",8,"0,0966","0,1110","-12,9192",440,4.553.480,421,3.793.982,"100,00%","87,50%","96,11%","81,25%","100,00%","0,1300","0,1138","0,1922","0,2194","0,2700","1,0000",93%,1,Level 3
jun 25,MÉXICO,SYSTEMS ENGINEERING,CORE BANKING PRODUCTS,5228,CUSTOMER OPERATION DATA LAYER,3,3,3,3,20,20,"3,0",3,"0,0000","0,0000","0,0000",0,386.412,0,383.585,"100,00%","100,00%","100,00%","100,00%","100,00%","0,1300","0,1300","0,2000","0,2700","0,2700","1,0000",100%,1,Level 3
jun 25,MÉXICO,SYSTEMS ENGINEERING,CORE BANKING PRODUCTS,7744,CONTRACTING METHODS AND DIGITAL DOCUMENTATION,2,2,2,2,115,116,"2,0",2,"0,0000","0,0000","0,0000",0,1.934.559,0,1.892.243,"100,00%","100,00%","99,14%","100,00%","100,00%","0,1300","0,1300","0,1983","0,2700","0,2700","1,0000",100%,1,Level 3
jun 25,MÉXICO,SYSTEMS ENGINEERING,CORE CROSS SYSTEMS,362,ACCOUNT STATEMENTS & TAX STAMPS,2,2,2,2,29,29,"1,5",2,"0,1042","0,1046","-0,3520",76,729.186,76,726.619,"100,00%","100,00%","100,00%","75,00%","75,00%","0,1300","0,1300","0,2000","0,2025","0,2025","1,0000",87%,1,Level 2
jun 25,MÉXICO,SYSTEMS ENGINEERING,CORE CROSS SYSTEMS,363,APPLICATION SECURITY,1,1,1,1,14,14,"0,5",1,"0,0000","0,0000","0,0000",0,1.595.400,0,1.594.459,"100,00%","100,00%","100,00%","50,00%","100,00%","0,1300","0,1300","0,2000","0,1350","0,2700","1,0000",87%,1,Level 2
jun 25,MÉXICO,SYSTEMS ENGINEERING,CORE CROSS SYSTEMS,364,DIGITAL CONTACTABILITY,2,2,2,2,52,52,"1,0",2,"0,0007","0,0007","-0,0891",1,1.339.125,1,1.337.932,"100,00%","100,00%","100,00%","50,00%","100,00%","0,1300","0,1300","0,2000","0,1350","0,2700","1,0000",87%,1,Level 2
jun 25,MÉXICO,SYSTEMS ENGINEERING,CORE CROSS SYSTEMS,365,ATMS & INFRASTRUCTURE,2,2,2,2,48,48,"1,0",2,"0,0000","0,0000","0,0000",0,789.692,0,800.519,"100,00%","100,00%","100,00%","50,00%","100,00%","0,1300","0,1300","0,2000","0,1350","0,2700","1,0000",87%,1,Level 2
jun 25,MÉXICO,SYSTEMS ENGINEERING,CORE CROSS SYSTEMS,5469,SYSTEMS CONTACT CENTER,6,5,6,6,164,164,"2,0",6,"0,9763","0,9780","-0,1740",22.473,23.018.656,22.473,22.978.614,"83,33%","100,00%","100,00%","33,33%","0,00%","0,1083","0,1300","0,2000","0,0900","0,0000","1,0000",53%,0,Not certified
jun 25,MÉXICO,SYSTEMS ENGINEERING,CORPORATE FUNCTIONS,200,TALENT & CULTURE,3,3,3,3,84,84,"2,0",3,"0,7242","0,7421","-2,4107",13.785,19.034.814,13.733,18.505.869,"100,00%","100,00%","100,00%","66,67%","0,00%","0,1300","0,1300","0,2000","0,1800","0,0000","1,0000",64%,0,Not certified
jun 25,MÉXICO,SYSTEMS ENGINEERING,CORPORATE FUNCTIONS,298,RISK,7,7,6,6,222,224,"3,0",6,"0,0967","0,1444","-33,0133",692,7.153.085,738,5.110.132,"100,00%","100,00%","99,11%","50,00%","100,00%","0,1300","0,1300","0,1982","0,1350","0,2700","1,0000",86%,1,Level 2
jun 25,MÉXICO,SYSTEMS ENGINEERING,CORPORATE FUNCTIONS,351,AACC,2,2,2,2,87,88,"2,0",2,"0,1070","0,1077","-0,5927",802,7.493.012,802,7.448.603,"100,00%","100,00%","98,86%","100,00%","75,00%","0,1300","0,1300","0,1977","0,2700","0,2025","1,0000",93%,1,Level 3
jun 25,MÉXICO,SYSTEMS ENGINEERING,CORPORATE FUNCTIONS,354,FINANCE & PROCUREMENT,3,3,3,3,65,67,"0,5",3,"1,2048","1,2109","-0,5024",4.505,3.739.252,4.505,3.720.465,"100,00%","100,00%","97,01%","16,67%","0,00%","0,1300","0,1300","0,1940","0,0450","0,0000","1,0000",50%,0,Not certified
jun 25,MÉXICO,SYSTEMS ENGINEERING,CORPORATE FUNCTIONS,355,COMPLIANCE & LEGAL,2,2,2,2,130,130,"0,0",2,"0,5826","0,7588","-23,2245",1.228,2.107.938,1.187,1.564.347,"100,00%","100,00%","100,00%","0,00%","0,00%","0,1300","0,1300","0,2000","0,0000","0,0000","1,0000",46%,0,Not certified
jun 25,MÉXICO,SYSTEMS ENGINEERING,CORPORATE FUNCTIONS,356,CREDIT ACQUISITION & AUTOMATION,3,2,3,3,73,73,"2,0",3,"0,1687","0,0488","245,5637",361,2.140.319,109,2.233.191,"66,67%","100,00%","100,00%","66,67%","0,00%","0,0867","0,1300","0,2000","0,1800","0,0000","1,0000",60%,0,Not certified
jun 25,MÉXICO,SYSTEMS ENGINEERING,CORPORATE FUNCTIONS,3613,LOCAL SERVICES,1,1,1,1,68,69,"1,0",1,"0,0105","0,0105","0,0000",5,474.726,5,474.726,"100,00%","100,00%","98,55%","100,00%","50,00%","0,1300","0,1300","0,1971","0,2700","0,1350","1,0000",86%,1,Level 2
jun 25,MÉXICO,SYSTEMS ENGINEERING,ENTERPRISE,53,CONSUMER FINANCE,3,3,3,3,55,55,"1,5",3,"0,0000","0,0000","0,0000",0,230.738,0,209.244,"100,00%","100,00%","100,00%","50,00%","100,00%","0,1300","0,1300","0,2000","0,1350","0,2700","1,0000",87%,1,Level 2
jun 25,MÉXICO,SYSTEMS ENGINEERING,ENTERPRISE,210,API CHANNEL,4,4,3,4,51,51,"3,0",4,"0,1349","0,1963","-31,2606",80,592.972,155,789.736,"100,00%","75,00%","100,00%","75,00%","100,00%","0,1300","0,0975","0,2000","0,2025","0,2700","1,0000",90%,1,Level 3
jun 25,MÉXICO,SYSTEMS ENGINEERING,ENTERPRISE,211,ENTERPRISE WEB,7,7,7,7,176,177,"2,0",7,"0,0488","0,0523","-6,6804",1.459,29.871.864,1.571,30.016.241,"100,00%","100,00%","99,44%","28,57%","75,00%","0,1300","0,1300","0,1989","0,0771","0,2025","1,0000",74%,1,Level 1
jun 25,MÉXICO,SYSTEMS ENGINEERING,ENTERPRISE,212,SPECIALIZED PRODUCTS,4,4,4,4,106,113,"2,5",4,"7,3909","7,3937","-0,0387",38.979,5.273.934,38.979,5.271.892,"100,00%","100,00%","93,81%","62,50%","0,00%","0,1300","0,1300","0,1876","0,1688","0,0000","1,0000",62%,0,Not certified
jun 25,MÉXICO,SYSTEMS ENGINEERING,ENTERPRISE,3604,MOBILE ENTERPRISE,1,1,1,1,46,50,"1,0",1,"-99,0000","-99,0000","0,0000",0,0,0,0,"100,00%","100,00%","92,00%","100,00%",-,"0,1300","0,1300","0,1840","0,2700",-,"0,7300",98%,1,Level 3
jun 25,MÉXICO,SYSTEMS ENGINEERING,ENTERPRISE,4038,DIGITAL WORKPLACE & CRM,7,4,5,7,117,118,"5,0",5,"0,0048","0,0030","61,6077",23,4.773.775,23,7.714.789,"57,14%","71,43%","99,15%","100,00%","0,00%","0,0743","0,0929","0,1983","0,2700","0,0000","1,0000",64%,0,Not certified
jun 25,MÉXICO,SYSTEMS ENGINEERING,ENTERPRISE,6123,DIGITAL SMEs,2,2,2,2,34,35,"2,0",2,"0,0000","0,0000","0,0000",0,8.538,0,8.538,"100,00%","100,00%","97,14%","100,00%","100,00%","0,1300","0,1300","0,1943","0,2700","0,2700","1,0000",99%,1,Level 3
jun 25,MÉXICO,SYSTEMS ENGINEERING,INSURANCE,223,INFORMATIONAL,1,1,1,1,33,33,"0,0",1,"0,0000","0,0000","0,0000",0,410,0,410,"100,00%","100,00%","100,00%","0,00%","100,00%","0,1300","0,1300","0,2000","0,0000","0,2700","1,0000",73%,1,Level 1
jun 25,MÉXICO,SYSTEMS ENGINEERING,INSURANCE,224,CHANNELS,4,4,4,4,67,67,"3,0",4,"0,0453","0,0586","-22,7020",505,11.141.251,519,8.850.717,"100,00%","100,00%","100,00%","75,00%","100,00%","0,1300","0,1300","0,2000","0,2025","0,2700","1,0000",93%,1,Level 3
jun 25,MÉXICO,SYSTEMS ENGINEERING,INSURANCE,225,CORE CROSS,4,4,4,4,235,235,"3,5",4,"0,0049","0,0049","-0,0983",25,5.082.286,25,5.077.292,"100,00%","100,00%","100,00%","87,50%","75,00%","0,1300","0,1300","0,2000","0,2363","0,2025","1,0000",90%,1,Level 2
jun 25,MÉXICO,SYSTEMS ENGINEERING,INSURANCE,4036,MULTIASISTENCIA,2,2,2,2,98,98,"2,0",2,"0,0015","0,0018","-18,6871",9,6.197.032,11,6.158.758,"100,00%","100,00%","100,00%","100,00%","100,00%","0,1300","0,1300","0,2000","0,2700","0,2700","1,0000",100%,1,Level 3
jun 25,MÉXICO,SYSTEMS ENGINEERING,PAYMENTS SYSTEMS,213,METHODS,4,3,3,4,98,98,"4,0",4,"0,0000","0,0000","0,0000",0,14.108,0,14.142,"75,00%","75,00%","100,00%","100,00%","100,00%","0,0975","0,0975","0,2000","0,2700","0,2700","1,0000",94%,1,Level 3
jun 25,MÉXICO,SYSTEMS ENGINEERING,PAYMENTS SYSTEMS,215,TRANSACTIONS ENGINE,2,2,2,2,77,77,"0,5",2,"0,0000","0,0000","0,0000",0,49.609,0,48.440,"100,00%","100,00%","100,00%","25,00%","100,00%","0,1300","0,1300","0,2000","0,0675","0,2700","1,0000",80%,1,Level 1
jun 25,MÉXICO,SYSTEMS ENGINEERING,PAYMENTS SYSTEMS,217,CREDITS,5,5,5,5,186,190,"3,0",5,"0,0000","0,0000","0,0000",0,3.794.161,0,3.783.280,"100,00%","100,00%","97,89%","60,00%","100,00%","0,1300","0,1300","0,1958","0,1620","0,2700","1,0000",89%,1,Level 2
jun 25,MÉXICO,SYSTEMS ENGINEERING,PAYMENTS SYSTEMS,218,MERCHANTS,2,2,2,2,134,134,"0,0",2,"0,0107","0,0111","-3,1806",13,1.211.326,13,1.172.799,"100,00%","100,00%","100,00%","0,00%","75,00%","0,1300","0,1300","0,2000","0,0000","0,2025","1,0000",66%,0,Not certified
jun 25,MÉXICO,SYSTEMS ENGINEERING,PAYMENTS SYSTEMS,219,BANXICO,1,1,1,1,93,93,"0,0",1,"0,0005","0,0011","-59,8040",2,4.406.475,2,1.771.228,"100,00%","100,00%","100,00%","0,00%","100,00%","0,1300","0,1300","0,2000","0,0000","0,2700","1,0000",73%,1,Level 1
jun 25,MÉXICO,SYSTEMS ENGINEERING,PAYMENTS SYSTEMS,221,SUBSCRIPTIONS AND SERVICES,2,2,2,2,61,61,"0,0",2,"0,0000","0,0000","0,0000",0,1.716.500,0,1.709.159,"100,00%","100,00%","100,00%","0,00%","100,00%","0,1300","0,1300","0,2000","0,0000","0,2700","1,0000",73%,1,Level 1
jun 25,MÉXICO,SYSTEMS ENGINEERING,RETAIL,81,WEB,3,3,3,3,61,61,"1,5",4,"0,0003","0,0003","-1,8101",1,3.801.453,1,3.732.644,"100,00%","100,00%","100,00%","37,50%","100,00%","0,1300","0,1300","0,2000","0,1013","0,2700","1,0000",83%,1,Level 2
jun 25,MÉXICO,SYSTEMS ENGINEERING,RETAIL,83,BRANCHES,7,7,7,7,141,142,"3,0",7,"0,0274","0,0281","-2,1941",256,9.326.688,259,9.228.946,"100,00%","100,00%","99,30%","42,86%","75,00%","0,1300","0,1300","0,1986","0,1157","0,2025","1,0000",78%,1,Level 1
jun 25,MÉXICO,SYSTEMS ENGINEERING,RETAIL,84,CRM,6,6,6,6,89,93,"5,0",6,"0,0075","0,0075","-0,3701",19,2.531.456,19,2.522.088,"100,00%","100,00%","95,70%","83,33%","75,00%","0,1300","0,1300","0,1914","0,2250","0,2025","1,0000",88%,1,Level 2
jun 25,MÉXICO,SYSTEMS ENGINEERING,RETAIL,85,OPEN MARKET,1,1,1,1,27,27,"0,5",1,"0,0526","0,0528","-0,4458",101,1.919.867,101,1.911.308,"100,00%","100,00%","100,00%","50,00%","75,00%","0,1300","0,1300","0,2000","0,1350","0,2025","1,0000",80%,1,Level 1
jun 25,MÉXICO,SYSTEMS ENGINEERING,RETAIL,3592,MOBILE RETAIL,2,1,2,2,215,241,"1,0",2,"0,0012","0,0012","-0,0020",6,4.813.624,6,4.813.526,"50,00%","100,00%","89,21%","50,00%","100,00%","0,0650","0,1300","0,1784","0,1350","0,2700","1,0000",78%,1,Level 1
jun 25,MÉXICO,SYSTEMS ENGINEERING,RETAIL,6538,MULTICHANNEL RETAIL,2,2,2,2,161,162,"1,0",1,"-99,0000","-99,0000","0,0000",0,0,0,0,"100,00%","100,00%","99,38%","100,00%",-,"0,1300","0,1300","0,1988","0,2700",-,"0,7300",100%,1,Level 3
jun 25,MÉXICO,SYSTEMS ENGINEERING,Systems Strategy & Transformation,7168,DEVOPS & SW DEVELOPMENT TOOLS,1,1,1,1,0,0,"0,0",1,"-99,0000","-99,0000","0,0000",0,0,0,0,"100,00%","100,00%",-,"0,00%",-,"0,1300","0,1300",-,"0,0000",-,"0,5300",49%,0,Not certified
jun 25,PERÚ,DATA,DATAHUB,3730,DATIO CLIENT SOLUTIONS,5,5,5,5,113,114,"1,5",5,"0,0000","0,0000","0,0000",0,102.436,0,19.495,"100,00%","100,00%","99,12%","30,00%","100,00%","0,1300","0,1300","0,1982","0,0810","0,2700","1,0000",81%,1,Level 2
jun 25,PERÚ,DATA,DATAHUB,3756,DATIO ENGINEERING,5,5,5,5,207,208,"3,0",3,"0,0018","0,0022","-18,1328",1,551.829,1,451.767,"100,00%","100,00%","99,52%","100,00%","100,00%","0,1300","0,1300","0,1990","0,2700","0,2700","1,0000",100%,1,Level 3
jun 25,PERÚ,DATA,DATAHUB,3842,DATIO CIB/T&C/RIC,3,3,3,3,33,33,"3,0",3,"0,0000","0,0000","0,0000",0,36.872,0,1.585,"100,00%","100,00%","100,00%","100,00%","100,00%","0,1300","0,1300","0,2000","0,2700","0,2700","1,0000",100%,1,Level 3
jun 25,PERÚ,DATA,DATAHUB,6094,DATIO RIESGOS,4,4,4,4,214,217,"3,0",4,"0,0000","0,0000","0,0000",0,183.736,0,73.162,"100,00%","100,00%","98,62%","75,00%","100,00%","0,1300","0,1300","0,1972","0,2025","0,2700","1,0000",93%,1,Level 3
jun 25,PERÚ,DATA,DATAHUB,6097,DATIO FINANZAS,6,6,6,6,160,160,"4,0",6,"0,0000","0,0000","0,0000",0,194.386,0,37.247,"100,00%","100,00%","100,00%","66,67%","100,00%","0,1300","0,1300","0,2000","0,1800","0,2700","1,0000",91%,1,Level 3
jun 25,PERÚ,SYSTEMS,CIB SYSTEMS,61,ASSET MANAGEMENT,10,10,10,10,0,0,"2,0",2,"0,1028","0,1096","-6,2001",76,739.090,76,693.266,"100,00%","100,00%",-,"100,00%","75,00%","0,1300","0,1300",-,"0,2700","0,2025","0,8000",92%,1,Level 3
jun 25,PERÚ,SYSTEMS,CIB SYSTEMS,5729,CIB PRODUCTS,20,18,17,20,33,35,"12,0",13,"0,4634","0,4646","-0,2511",807,1.741.336,807,1.736.964,"90,00%","85,00%","94,29%","92,31%","0,00%","0,1170","0,1105","0,1886","0,2492","0,0000","1,0000",67%,0,Not certified
jun 25,PERÚ,SYSTEMS,CORE CLIENTS,54,INTERBANK PAYMENTS,12,11,12,12,93,95,"5,0",8,"0,0000","0,0000","0,0000",0,1.076.434,0,1.036.005,"91,67%","100,00%","97,89%","62,50%","100,00%","0,1192","0,1300","0,1958","0,1688","0,2700","1,0000",88%,1,Level 2
jun 25,PERÚ,SYSTEMS,CORE CLIENTS,376,PEOPLE,7,7,7,7,6,6,"3,0",4,"0,0000","0,0000","0,0000",0,764.873,0,762.775,"100,00%","100,00%","100,00%","75,00%","100,00%","0,1300","0,1300","0,2000","0,2025","0,2700","1,0000",93%,1,Level 3
jun 25,PERÚ,SYSTEMS,CORE CLIENTS,377,ACCOUNTS & DEPOSITS,6,6,6,6,33,35,"1,5",3,"0,0738","0,0747","-1,2211",92,1.246.281,91,1.217.682,"100,00%","100,00%","94,29%","50,00%","75,00%","0,1300","0,1300","0,1886","0,1350","0,2025","1,0000",79%,1,Level 1
jun 25,PERÚ,SYSTEMS,CORPORATE,30,COMPLIANCE,11,11,11,11,14,14,"7,0",8,"0,0133","0,0137","-2,7304",11,826.539,11,803.971,"100,00%","100,00%","100,00%","87,50%","75,00%","0,1300","0,1300","0,2000","0,2363","0,2025","1,0000",90%,1,Level 2
jun 25,PERÚ,SYSTEMS,CORPORATE,198,LEGAL,3,3,3,3,0,0,"3,0",3,"0,1496","0,1496","0,0000",151,1.009.577,151,1.009.577,"100,00%","100,00%",-,"100,00%","50,00%","0,1300","0,1300",-,"0,2700","0,1350","0,8000",83%,1,Level 2
jun 25,PERÚ,SYSTEMS,CORPORATE,199,ENGINEERING,11,11,11,11,0,0,"4,5",5,"0,0919","0,0927","-0,8904",16,174.083,16,172.533,"100,00%","100,00%",-,"90,00%","75,00%","0,1300","0,1300",-,"0,2430","0,2025","0,8000",88%,1,Level 2
jun 25,PERÚ,SYSTEMS,CORPORATE,200,TALENT & CULTURE,13,13,12,12,9,9,"6,0",7,"0,0582","0,0556","4,7584",101,1.734.379,96,1.726.962,"100,00%","100,00%","100,00%","85,71%","25,00%","0,1300","0,1300","0,2000","0,2314","0,0675","1,0000",76%,1,Level 1
jun 25,PERÚ,SYSTEMS,CROSS SYSTEMS,62,INSURANCE DISTRIBUTION,2,2,2,2,61,62,"1,0",2,"0,0000","0,0000","0,0000",0,1.632.313,0,1.541.622,"100,00%","100,00%","98,39%","50,00%","100,00%","0,1300","0,1300","0,1968","0,1350","0,2700","1,0000",86%,1,Level 2
jun 25,PERÚ,SYSTEMS,CROSS SYSTEMS,5311,OTHER CROSS PRODUCTS,7,7,7,7,57,57,"5,0",5,"0,0022","0,0023","-0,8175",6,2.666.900,6,2.645.099,"100,00%","100,00%","100,00%","100,00%","100,00%","0,1300","0,1300","0,2000","0,2700","0,2700","1,0000",100%,1,Level 3
jun 25,PERÚ,SYSTEMS,CROSS SYSTEMS,5360,COMMERCIAL SUPPORT,7,5,7,7,39,39,"4,0",6,"0,1709","0,1744","-2,0103",392,2.293.383,392,2.247.279,"71,43%","100,00%","100,00%","66,67%","75,00%","0,0929","0,1300","0,2000","0,1800","0,2025","1,0000",81%,1,Level 2
jun 25,PERÚ,SYSTEMS,ENTERPRISE,58,ENTERPRISE BANKING CANALES WEB & MOBILE,12,10,12,12,73,73,"5,5",9,"0,6184","0,6188","-0,0693",3.324,5.374.989,3.324,5.371.266,"83,33%","100,00%","100,00%","61,11%","0,00%","0,1083","0,1300","0,2000","0,1650","0,0000","1,0000",60%,0,Not certified
jun 25,PERÚ,SYSTEMS,ENTERPRISE,60,ENTERPRISE BRANCH,2,2,2,2,34,34,"0,0",2,"0,0539","0,0772","-30,2419",36,668.186,51,660.328,"100,00%","100,00%","100,00%","0,00%","100,00%","0,1300","0,1300","0,2000","0,0000","0,2700","1,0000",73%,1,Level 1
jun 25,PERÚ,SYSTEMS,ENTERPRISE,329,OPEN BANKING,5,5,5,5,37,37,"1,5",2,"0,0000","0,0000","0,0000",0,10.003,0,2.324,"100,00%","100,00%","100,00%","75,00%","100,00%","0,1300","0,1300","0,2000","0,2025","0,2700","1,0000",93%,1,Level 3
jun 25,PERÚ,SYSTEMS,FINANCE,80,FINANCE,16,16,16,16,45,48,"6,5",8,"0,0478","0,0479","-0,2093",136,2.843.681,136,2.837.730,"100,00%","100,00%","93,75%","81,25%","75,00%","0,1300","0,1300","0,1875","0,2194","0,2025","1,0000",87%,1,Level 2
jun 25,PERÚ,SYSTEMS,FINANCE,378,ACCOUNTING,7,7,7,7,49,49,"4,5",7,"0,0911","0,2617","-65,1924",54,592.734,154,588.384,"100,00%","100,00%","100,00%","64,29%","100,00%","0,1300","0,1300","0,2000","0,1736","0,2700","1,0000",90%,1,Level 3
jun 25,PERÚ,SYSTEMS,LOANS,53,CONSUMER FINANCE,5,1,4,4,67,68,"2,5",3,"0,0000","0,0000","0,0000",0,1.420.120,0,1.419.801,"20,00%","100,00%","98,53%","83,33%","100,00%","0,0260","0,1300","0,1971","0,2250","0,2700","1,0000",85%,1,Level 2
jun 25,PERÚ,SYSTEMS,LOANS,55,LOANS,7,5,5,7,5,6,"3,0",3,"0,0000","0,0000","0,0000",0,25.193,0,25.191,"71,43%","71,43%","83,33%","100,00%","100,00%","0,0929","0,0929","0,1667","0,2700","0,2700","1,0000",89%,1,Level 2
jun 25,PERÚ,SYSTEMS,LOANS,6190,LOANS OTHER PRODUCTS,14,4,14,14,25,25,"4,0",6,"0,4062","0,4224","-3,8220",611,1.504.069,635,1.503.405,"28,57%","100,00%","100,00%","66,67%","0,00%","0,0371","0,1300","0,2000","0,1800","0,0000","1,0000",55%,0,Not certified
jun 25,PERÚ,SYSTEMS,PAYMENT METHODS,263,ADQUIRENCIA,2,2,2,2,38,38,"1,0",2,"0,0000","0,0000","0,0000",0,261.050,0,239.433,"100,00%","100,00%","100,00%","50,00%","100,00%","0,1300","0,1300","0,2000","0,1350","0,2700","1,0000",87%,1,Level 2
jun 25,PERÚ,SYSTEMS,PAYMENT METHODS,264,OTHER PAYMENT PRODUCTS & SERVICES,4,4,4,4,22,22,"2,0",4,"0,0000","0,0000","0,0000",0,325.753,0,326.480,"100,00%","100,00%","100,00%","50,00%","100,00%","0,1300","0,1300","0,2000","0,1350","0,2700","1,0000",87%,1,Level 2
jun 25,PERÚ,SYSTEMS,PAYMENT METHODS,265,ISSUING,3,2,2,3,47,47,"0,0",2,"0,0000","0,0000","0,0000",0,1.977.265,0,1.974.818,"66,67%","66,67%","100,00%","0,00%","100,00%","0,0867","0,0867","0,2000","0,0000","0,2700","1,0000",64%,0,Not certified
jun 25,PERÚ,SYSTEMS,PAYMENT METHODS,7282,NEW PAYMENT RAILS,2,2,2,2,54,60,"0,5",1,"0,0000","0,0000","0,0000",0,251.120,0,247.795,"100,00%","100,00%","90,00%","50,00%","100,00%","0,1300","0,1300","0,1800","0,1350","0,2700","1,0000",85%,1,Level 2
jun 25,PERÚ,SYSTEMS,RETAIL,94,CRM & DIGITAL MARKETING,3,2,2,3,1,1,"2,0",2,"0,0066","0,0066","0,0000",1,151.188,1,151.188,"66,67%","66,67%","100,00%","100,00%","50,00%","0,0867","0,0867","0,2000","0,2700","0,1350","1,0000",78%,1,Level 1
jun 25,PERÚ,SYSTEMS,RETAIL,180,MOBILE CHANNELS,9,9,9,9,135,136,"6,5",7,"0,0000","0,0000","0,0000",0,1.281.305,0,1.280.334,"100,00%","100,00%","99,26%","92,86%","100,00%","0,1300","0,1300","0,1985","0,2507","0,2700","1,0000",98%,1,Level 3
jun 25,PERÚ,SYSTEMS,RETAIL,181,CONTACT CENTER,3,3,1,1,3,3,"1,5",3,"0,0407","0,0371","9,8648",26,638.043,24,647.063,"100,00%","100,00%","100,00%","50,00%","25,00%","0,1300","0,1300","0,2000","0,1350","0,0675","1,0000",66%,0,Not certified
jun 25,PERÚ,SYSTEMS,RETAIL,182,AGENTES CORRESPONSALES,3,3,3,3,1,1,"0,0",1,"1,0315","1,0259","0,5443",1.270,1.231.257,1.262,1.230.161,"100,00%","100,00%","100,00%","0,00%","0,00%","0,1300","0,1300","0,2000","0,0000","0,0000","1,0000",46%,0,Not certified
jun 25,PERÚ,SYSTEMS,RETAIL,183,ATMS Y AUTOSERVICIOS,6,6,6,6,11,12,"2,0",3,"0,0000","0,0000","0,0000",0,1.583.079,0,1.605.180,"100,00%","100,00%","91,67%","66,67%","100,00%","0,1300","0,1300","0,1833","0,1800","0,2700","1,0000",89%,1,Level 2
jun 25,PERÚ,SYSTEMS,RETAIL,184,BRANCHES & SALES ADVISORY,14,13,13,14,28,28,"4,5",9,"0,0084","0,0902","-90,6808",7,832.470,75,831.211,"92,86%","92,86%","100,00%","50,00%","100,00%","0,1207","0,1207","0,2000","0,1350","0,2700","1,0000",85%,1,Level 2
jun 25,PERÚ,SYSTEMS,RETAIL,185,WEB Y PORTALES,6,6,6,6,10,10,"2,0",4,"0,0000","0,0089","-100,0000",0,1.578.864,14,1.576.835,"100,00%","100,00%","100,00%","50,00%","100,00%","0,1300","0,1300","0,2000","0,1350","0,2700","1,0000",87%,1,Level 2
jun 25,PERÚ,SYSTEMS,RISK,39,RISKS,20,19,6,20,58,60,"12,0",16,"0,1206","0,2518","-52,1041",381,3.158.751,885,3.514.242,"95,00%","30,00%","96,67%","75,00%","100,00%","0,1235","0,0390","0,1933","0,2025","0,2700","1,0000",83%,1,Level 2
jun 25,PERÚ,SYSTEMS,RISK,393,COLLECTIONS,6,6,5,5,32,34,"3,0",5,"0,0000","0,0000","0,0000",0,223.950,0,222.740,"100,00%","100,00%","94,12%","60,00%","100,00%","0,1300","0,1300","0,1882","0,1620","0,2700","1,0000",88%,1,Level 2
jun 25,PERÚ,SYSTEMS,SYSTEM OFFICE MIRST,6110,TESTING TOOLS,0,0,0,0,0,0,"0,0",0,"-99,0000","-99,0000","0,0000",0,0,0,0,-,-,-,-,-,-,-,-,-,-,"0,0000",No tiene el mínimo para calcular indicadores,-,-
jun 25,PERÚ,SYSTEMS,SYSTEM OFFICE MIRST,6136,DEVOPS - CI/CD,0,0,0,0,0,0,"0,0",0,"-99,0000","-99,0000","0,0000",0,0,0,0,-,-,-,-,-,-,-,-,-,-,"0,0000",No tiene el mínimo para calcular indicadores,-,-
jun 25,PERÚ,SYSTEMS,SYSTEM OFFICE MIRST,7150,Z PERU,0,0,0,0,0,0,"0,0",0,"-99,0000","-99,0000","0,0000",0,0,0,0,-,-,-,-,-,-,-,-,-,-,"0,0000",No tiene el mínimo para calcular indicadores,-,-
jun 25,RETAIL CLIENT SOLUTIONS,CROSS,CONTENT MANAGEMENT,288,CONTENT MANAGEMENT,7,7,7,9,3,3,"3,5",6,"0,0450","0,0593","-24,1046",333,7.404.188,292,4.927.555,"100,00%","77,78%","100,00%","58,33%","100,00%","0,1300","0,1011","0,2000","0,1575","0,2700","1,0000",86%,1,Level 2
jun 25,RETAIL CLIENT SOLUTIONS,CROSS,DATA & ANALYTICS,170,DATA & ANALYTICS,3,3,4,4,52,53,"3,0",5,"0,0000","0,0059","-100,0000",0,181.989,1,168.141,"100,00%","100,00%","98,11%","60,00%","100,00%","0,1300","0,1300","0,1962","0,1620","0,2700","1,0000",89%,1,Level 2
jun 25,RETAIL CLIENT SOLUTIONS,CROSS,DIGITAL ASSETS,6576,DIGITAL ASSETS,0,0,1,1,2,2,"2,0",2,"0,0000","0,0000","0,0000",0,211.588,0,195.636,-,"100,00%","100,00%","100,00%","100,00%",-,"0,1300","0,2000","0,2700","0,2700","0,8700",100%,1,Level 3
jun 25,RETAIL CLIENT SOLUTIONS,CROSS,OPTIMIZATION & FUNNEL HEALTH,32,OPTIMIZATION & FUNNEL HEALTH,10,10,3,4,0,0,"7,0",9,"0,0000","0,0075","-100,0000",0,294.033,2,267.145,"100,00%","75,00%",-,"77,78%","100,00%","0,1300","0,0975",-,"0,2100","0,2700","0,8000",88%,1,Level 2
jun 25,RETAIL CLIENT SOLUTIONS,CROSS,TRAFFIC GENERATION & MARKETING AUTOMATION,339,TRAFFIC GENERATION & MARKETING AUTOMATION,0,0,2,2,10,10,"2,0",3,"0,0000","0,0000","0,0000",0,39.331,0,39.321,-,"100,00%","100,00%","66,67%","100,00%",-,"0,1300","0,2000","0,1800","0,2700","0,8700",90%,1,Level 2
jun 25,RETAIL CLIENT SOLUTIONS,RETAIL,,7028,US GWA,3,0,0,3,0,0,"0,0",0,"-99,0000","-99,0000","0,0000",0,0,0,0,"0,00%","0,00%",-,-,-,"0,0000","0,0000",-,-,-,"0,2600",0%,0,Not certified
jun 25,RETAIL CLIENT SOLUTIONS,RETAIL,AM&GW,6250,AM&GW,1,1,1,1,5,5,"0,0",1,"0,0165","0,0165","0,0000",48,2.916.881,48,2.916.881,"100,00%","100,00%","100,00%","0,00%","50,00%","0,1300","0,1300","0,2000","0,0000","0,1350","1,0000",60%,0,Not certified
jun 25,RETAIL CLIENT SOLUTIONS,RETAIL,RETAIL - INFRA MULTICANAL,292,INFRAESTRUCTURA MULTICANAL - RETAIL,0,0,1,1,16,18,"1,0",1,"0,0000","0,0000","0,0000",0,1.019.611,0,995.648,-,"100,00%","88,89%","100,00%","100,00%",-,"0,1300","0,1778","0,2700","0,2700","0,8700",97%,1,Level 3
jun 25,RETAIL CLIENT SOLUTIONS,RETAIL,RETAIL - MOBILE,287,PLATAFORMA RETAIL - MOBILE,5,2,8,11,229,250,"5,0",10,"0,0014","0,0014","-1,7801",16,11.447.737,16,11.243.958,"40,00%","72,73%","91,60%","50,00%","100,00%","0,0520","0,0945","0,1832","0,1350","0,2700","1,0000",73%,1,Level 1
jun 25,RETAIL CLIENT SOLUTIONS,RETAIL,RETAIL - PAYMENTS,439,GP2 - HORUS,1,1,1,1,0,0,"0,0",0,"0,0000","0,0000","0,0000",0,4.827,0,4.827,"100,00%","100,00%",-,-,"100,00%","0,1300","0,1300",-,-,"0,2700","0,5300",100%,1,Level 3
jun 25,RETAIL CLIENT SOLUTIONS,RETAIL,RETAIL - PAYMENTS,440,GP2 - TOHU,2,1,2,2,4,4,"1,5",2,"0,0000","0,0000","0,0000",0,33.204,0,32.961,"50,00%","100,00%","100,00%","75,00%","100,00%","0,0650","0,1300","0,2000","0,2025","0,2700","1,0000",87%,1,Level 2
jun 25,RETAIL CLIENT SOLUTIONS,RETAIL,RETAIL - PAYMENTS,441,GP2 - BCEA,1,1,1,1,0,0,"0,0",0,"-99,0000","-99,0000","0,0000",0,0,0,0,"100,00%","100,00%",-,-,-,"0,1300","0,1300",-,-,-,"0,2600",100%,1,Level 3
jun 25,RETAIL CLIENT SOLUTIONS,RETAIL,RETAIL - PAYMENTS,4964,PLATAFORMA ADQUIRENCIA,0,0,1,3,5,5,"3,0",3,"0,0000","0,0000","0,0000",0,166.578,0,163.924,-,"33,33%","100,00%","100,00%","100,00%",-,"0,0433","0,2000","0,2700","0,2700","0,8700",90%,1,Level 3
jun 25,RETAIL CLIENT SOLUTIONS,RETAIL,RETAIL - PAYMENTS,7165,PLATAFORMA EMISION,0,0,1,2,0,0,"2,0",2,"0,0000","0,0000","0,0000",0,35.889,0,31.681,-,"50,00%",-,"100,00%","100,00%",-,"0,0650",-,"0,2700","0,2700","0,6700",90%,1,Level 3
jun 25,RETAIL CLIENT SOLUTIONS,RETAIL,RETAIL-PRESCRIPTION BUSINESS,53,CONSUMER FINANCE,0,0,1,3,1,1,"2,0",2,"0,0000","0,0000","0,0000",0,2.996,0,2.996,-,"33,33%","100,00%","100,00%","100,00%",-,"0,0433","0,2000","0,2700","0,2700","0,8700",90%,1,Level 3
jun 25,RETAIL CLIENT SOLUTIONS,RETAIL,SMES,7434,SMES,0,0,1,2,25,25,"1,0",1,"0,0000","0,0000","0,0000",0,129.126,0,106.702,-,"50,00%","100,00%","100,00%","100,00%",-,"0,0650","0,2000","0,2700","0,2700","0,8700",93%,1,Level 3
jun 25,URUGUAY,Engineering & Data,DE #ONE Datahub Uruguay,5685,Engineering & Data,1,1,1,1,6,10,"0,0",1,"0,0000","0,0000","0,0000",0,0,0,0,"100,00%","100,00%","60,00%","0,00%",-,"0,1300","0,1300","0,1200","0,0000",-,"0,7300",52%,0,Not certified
jun 25,URUGUAY,SYSTEMS ENGINEERING,,224,CHANNELS,17,0,3,17,13,16,"5,0",13,"0,3673","0,3577","2,6658",3.108,8.462.800,3.024,8.453.581,"0,00%","17,65%","81,25%","38,46%","0,00%","0,0000","0,0229","0,1625","0,1038","0,0000","1,0000",29%,0,Not certified
jun 25,URUGUAY,SYSTEMS ENGINEERING,,350,CROSS SYSTEMS,3,1,3,3,0,0,"2,0",3,"0,0682","0,0000","0,0000",1,14.655,0,14.641,"33,33%","100,00%",-,"66,67%","0,00%","0,0433","0,1300",-,"0,1800","0,0000","0,8000",44%,0,Not certified
jun 25,URUGUAY,SYSTEMS ENGINEERING,,4801,CFE,11,1,1,11,0,0,"1,0",3,"0,0000","0,0000","0,0000",0,14.696,0,14.696,"9,09%","9,09%",-,"33,33%","100,00%","0,0118","0,0118",-,"0,0900","0,2700","0,8000",48%,0,Not certified
jun 25,URUGUAY,SYSTEMS ENGINEERING,,5117,CORE BANKING,19,2,17,19,30,33,"5,5",8,"0,0000","0,0000","0,0000",0,1.143.472,0,1.132.270,"10,53%","89,47%","90,91%","68,75%","100,00%","0,0137","0,1163","0,1818","0,1856","0,2700","1,0000",77%,1,Level 1
jun 25,VENEZUELA,SYSTEMS,BANKING SYSTEMS,61,ASSET MANAGEMENT,10,10,10,10,5,5,"1,0",1,"-99,0000","-99,0000","0,0000",0,0,0,0,"100,00%","100,00%","100,00%","100,00%",-,"0,1300","0,1300","0,2000","0,2700",-,"0,7300",100%,1,Level 3
jun 25,VENEZUELA,SYSTEMS,BANKING SYSTEMS,298,RISK,15,15,16,16,6,6,"10,0",10,"-99,0000","-99,0000","0,0000",0,0,0,0,"100,00%","100,00%","100,00%","100,00%",-,"0,1300","0,1300","0,2000","0,2700",-,"0,7300",100%,1,Level 3
jun 25,VENEZUELA,SYSTEMS,BANKING SYSTEMS,299,BANKING CREDIT PRODUCTS,6,6,6,6,11,11,"2,0",2,"-99,0000","-99,0000","0,0000",0,0,0,0,"100,00%","100,00%","100,00%","100,00%",-,"0,1300","0,1300","0,2000","0,2700",-,"0,7300",100%,1,Level 3
jun 25,VENEZUELA,SYSTEMS,CHANNELS,153,BRANCH,6,6,6,6,5,5,"3,0",3,"0,0000","0,0000","0,0000",0,1.694.158,0,1.694.158,"100,00%","100,00%","100,00%","100,00%","100,00%","0,1300","0,1300","0,2000","0,2700","0,2700","1,0000",100%,1,Level 3
jun 25,VENEZUELA,SYSTEMS,CHANNELS,269,OTHER WEB & CC,16,16,13,13,2,2,"7,0",10,"0,0142","0,0138","2,6727",44,3.096.439,44,3.179.198,"100,00%","100,00%","100,00%","70,00%","25,00%","0,1300","0,1300","0,2000","0,1890","0,0675","1,0000",72%,1,Level 1
jun 25,VENEZUELA,SYSTEMS,CHANNELS,270,ENTERPRISE WEB & MOBILE,13,13,13,13,2,2,"3,0",3,"0,2225","0,2012","10,6228",415,1.864.862,415,2.062.962,"100,00%","100,00%","100,00%","100,00%","0,00%","0,1300","0,1300","0,2000","0,2700","0,0000","1,0000",73%,1,Level 1
jun 25,VENEZUELA,SYSTEMS,CHANNELS,271,RETAIL WEB & MOBILE,8,8,8,8,23,32,"1,5",3,"0,0603","0,0610","-1,1654",132,2.189.890,132,2.164.368,"100,00%","100,00%","71,88%","50,00%","75,00%","0,1300","0,1300","0,1438","0,1350","0,2025","1,0000",74%,1,Level 1
jun 25,VENEZUELA,SYSTEMS,CORPORATE FUNCTIONS,80,FINANCE,17,17,17,17,3,3,"1,0",1,"-99,0000","-99,0000","0,0000",0,0,0,0,"100,00%","100,00%","100,00%","100,00%",-,"0,1300","0,1300","0,2000","0,2700",-,"0,7300",100%,1,Level 3
jun 25,VENEZUELA,SYSTEMS,CORPORATE FUNCTIONS,200,TALENT & CULTURE,9,9,9,9,4,4,"0,0",0,"-99,0000","-99,0000","0,0000",0,0,0,0,"100,00%","100,00%","100,00%",-,-,"0,1300","0,1300","0,2000",-,-,"0,4600",100%,1,Level 3
jun 25,VENEZUELA,SYSTEMS,CORPORATE FUNCTIONS,290,COMPLIANCE & DATA,11,11,10,10,5,5,"2,0",3,"0,0000","0,0000","0,0000",0,1.593,0,1.593,"100,00%","100,00%","100,00%","66,67%","100,00%","0,1300","0,1300","0,2000","0,1800","0,2700","1,0000",91%,1,Level 3
jun 25,VENEZUELA,SYSTEMS,CORPORATE FUNCTIONS,291,INTRANET,7,7,6,7,8,8,"2,0",5,"0,0000","0,0000","0,0000",0,14.843.173,0,14.484.607,"100,00%","85,71%","100,00%","40,00%","100,00%","0,1300","0,1114","0,2000","0,1080","0,2700","1,0000",82%,1,Level 2
jun 25,VENEZUELA,SYSTEMS,CROSS SERVICES,54,INTERBANK PAYMENTS,8,8,8,8,1,1,"4,0",4,"0,0000","0,0000","0,0000",0,686.690,0,686.690,"100,00%","100,00%","100,00%","100,00%","100,00%","0,1300","0,1300","0,2000","0,2700","0,2700","1,0000",100%,1,Level 3
jun 25,VENEZUELA,SYSTEMS,CROSS SERVICES,169,ACCOUNTS,5,5,5,5,6,6,"1,5",2,"0,0000","0,0000","0,0000",0,10.878,0,10.414,"100,00%","100,00%","100,00%","75,00%","100,00%","0,1300","0,1300","0,2000","0,2025","0,2700","1,0000",93%,1,Level 3
jun 25,VENEZUELA,SYSTEMS,CROSS SERVICES,350,CROSS SYSTEMS,13,13,13,13,3,3,"7,0",7,"0,0000","0,0000","0,0000",0,126,0,126,"100,00%","100,00%","100,00%","100,00%","100,00%","0,1300","0,1300","0,2000","0,2700","0,2700","1,0000",100%,1,Level 3
jun 25,VENEZUELA,SYSTEMS,PAYMENT,201,ISSUING(EMISOR/AUTORIZADOR),4,4,4,4,2,2,"1,0",1,"0,0000","0,0000","0,0000",0,15.915,0,15.915,"100,00%","100,00%","100,00%","100,00%","100,00%","0,1300","0,1300","0,2000","0,2700","0,2700","1,0000",100%,1,Level 3
jun 25,VENEZUELA,SYSTEMS,PAYMENT,202,MERCHANTS ACQUIARING,4,4,4,4,0,0,"2,0",2,"-99,0000","-99,0000","0,0000",0,0,0,0,"100,00%","100,00%",-,"100,00%",-,"0,1300","0,1300",-,"0,2700",-,"0,5300",100%,1,Level 3
jun 25,VENEZUELA,SYSTEMS,PAYMENT,203,OTHERS PAYMENTS,6,6,6,6,5,5,"4,0",4,"-99,0000","-99,0000","0,0000",0,0,0,0,"100,00%","100,00%","100,00%","100,00%",-,"0,1300","0,1300","0,2000","0,2700",-,"0,7300",100%,1,Level 3
jul 25,ARGENTINA,INGENIERÍA & DATA,ALPHA ARCHITECTURE,3572,ALPHA,1,1,1,1,35,39,"1,0",1,"0,0000","0,0000","0,0000",0,59.576,0,59.381,"100,00%","100,00%","89,74%","100,00%","100,00%","0,1300","0,1300","0,1795","0,2700","0,2700","1,0000",98%,1,Level 3
jul 25,ARGENTINA,INGENIERÍA & DATA,DATAHUB ARGENTINA,4343,DATIO-AR RIESGOS Y FINANZAS,1,1,1,1,16,18,"1,0",1,"0,0000","0,0000","0,0000",0,27.944,0,26.056,"100,00%","100,00%","88,89%","100,00%","100,00%","0,1300","0,1300","0,1778","0,2700","0,2700","1,0000",98%,1,Level 3
jul 25,ARGENTINA,INGENIERÍA & DATA,DATAHUB ARGENTINA,4344,DATIO-AR MODELOS LOCALES,1,1,1,1,4,4,"1,0",1,"0,0000","0,0000","0,0000",0,35.919,0,35.829,"100,00%","100,00%","100,00%","100,00%","100,00%","0,1300","0,1300","0,2000","0,2700","0,2700","1,0000",100%,1,Level 3
jul 25,ARGENTINA,INGENIERÍA & DATA,DATAHUB ARGENTINA,4345,DATIO-AR MODELOS GLOBALES,1,1,1,1,52,56,"1,0",1,"0,0000","0,0000","0,0000",0,58.717,0,55.972,"100,00%","100,00%","92,86%","100,00%","100,00%","0,1300","0,1300","0,1857","0,2700","0,2700","1,0000",99%,1,Level 3
jul 25,ARGENTINA,SYSTEMS ENGINEERING,ADQUIRENCIA,416,PA02 MERCHANTS-ACQUIRING / COMERCIOS-ADQUIRENCIA,4,4,4,4,1,1,"3,0",4,"-99,0000","-99,0000","0,0000",0,0,0,0,"100,00%","100,00%","100,00%","75,00%",-,"0,1300","0,1300","0,2000","0,2025",-,"0,7300",91%,1,Level 3
jul 25,ARGENTINA,SYSTEMS ENGINEERING,ADQUIRENCIA,4851,PA04 BBVA ADQUIRENTE - CICLO DE VIDA COMERCIOS,3,3,3,3,0,0,"1,0",1,"0,0000","0,0000","0,0000",0,45.909,0,32.376,"100,00%","100,00%",-,"100,00%","100,00%","0,1300","0,1300",-,"0,2700","0,2700","0,8000",100%,1,Level 3
jul 25,ARGENTINA,SYSTEMS ENGINEERING,ADQUIRENCIA,4853,PA03 PSP - MERCURIO,1,1,1,1,3,3,"1,0",2,"0,0000","0,0000","0,0000",0,34.978,0,34.694,"100,00%","100,00%","100,00%","50,00%","100,00%","0,1300","0,1300","0,2000","0,1350","0,2700","1,0000",87%,1,Level 2
jul 25,ARGENTINA,SYSTEMS ENGINEERING,ADQUIRENCIA,5297,PA05 BBVA ADQUIRENTE - TRANSACCIONALIDAD,0,0,0,0,1,1,"1,0",2,"0,0000","0,0000","0,0000",0,9.329,0,9.030,-,-,"100,00%","50,00%","100,00%",-,-,"0,2000","0,1350","0,2700","0,7400",82%,1,Level 2
jul 25,ARGENTINA,SYSTEMS ENGINEERING,ADQUIRENCIA,7836,PA06 BBVA ADQUIRENTE - ULTIMA MILLA,0,0,0,0,0,0,"0,0",0,"-99,0000","-99,0000","0,0000",0,0,0,0,-,-,-,-,-,-,-,-,-,-,"0,0000",No tiene el mínimo para calcular indicadores,-,-
jul 25,ARGENTINA,SYSTEMS ENGINEERING,CANALES EMPRESAS,379,AR02 ENTERPRISE WEB CORE,2,2,2,2,0,0,"0,0",0,"-99,0000","-99,0000","0,0000",0,0,0,0,"100,00%","100,00%",-,-,-,"0,1300","0,1300",-,-,-,"0,2600",100%,1,Level 3
jul 25,ARGENTINA,SYSTEMS ENGINEERING,CANALES EMPRESAS,381,EB02 ENTERPRISE MOBILE / MOVILES EMPRESAS,1,1,0,1,0,0,"0,0",0,"0,0472","0,0472","0,0000",17,360.221,17,360.221,"100,00%","0,00%",-,-,"50,00%","0,1300","0,0000",-,-,"0,1350","0,5300",50%,0,Not certified
jul 25,ARGENTINA,SYSTEMS ENGINEERING,CANALES EMPRESAS,382,EB01 ENTERPRISE WEB / WEB EMPRESAS,4,4,1,4,2,2,"0,0",2,"0,0000","0,0048","-100,0000",0,1.240.266,6,1.238.756,"100,00%","25,00%","100,00%","0,00%","100,00%","0,1300","0,0325","0,2000","0,0000","0,2700","1,0000",63%,0,Not certified
jul 25,ARGENTINA,SYSTEMS ENGINEERING,CANALES EMPRESAS,4264,AR37 WEB PUBLICA EMPRESAS,2,2,0,2,0,0,"0,0",0,"0,0000","0,0000","0,0000",0,26.630,0,26.630,"100,00%","0,00%",-,-,"100,00%","0,1300","0,0000",-,-,"0,2700","0,5300",75%,1,Level 1
jul 25,ARGENTINA,SYSTEMS ENGINEERING,CANALES EMPRESAS,4651,EB03 Canales Empresas,5,5,2,5,0,0,"2,0",3,"0,0000","0,0000","0,0000",0,16.363,0,16.363,"100,00%","40,00%",-,"66,67%","100,00%","0,1300","0,0520",-,"0,1800","0,2700","0,8000",79%,1,Level 1
jul 25,ARGENTINA,SYSTEMS ENGINEERING,CANALES EMPRESAS,5963,AR43 OPEN BANKING EMPRESAS,1,1,1,1,0,0,"1,0",1,"0,0000","0,0000","0,0000",0,568,0,568,"100,00%","100,00%",-,"100,00%","100,00%","0,1300","0,1300",-,"0,2700","0,2700","0,8000",100%,1,Level 3
jul 25,ARGENTINA,SYSTEMS ENGINEERING,CANALES EMPRESAS,5964,AR42 ETPB,1,1,1,1,1,1,"0,5",1,"0,0000","0,0000","0,0000",0,2.129,0,2.129,"100,00%","100,00%","100,00%","50,00%","100,00%","0,1300","0,1300","0,2000","0,1350","0,2700","1,0000",87%,1,Level 2
jul 25,ARGENTINA,SYSTEMS ENGINEERING,CANALES EMPRESAS,6478,AR44 PLATAFORMA SENDA ARG,5,5,3,5,1,1,"1,0",2,"0,0000","0,0000","0,0000",0,40.272,0,40.240,"100,00%","60,00%","100,00%","50,00%","100,00%","0,1300","0,0780","0,2000","0,1350","0,2700","1,0000",81%,1,Level 2
jul 25,ARGENTINA,SYSTEMS ENGINEERING,CANALES EMPRESAS,6479,AR45 HELP DESK ARG,1,1,0,1,0,0,"1,0",1,"-99,0000","-99,0000","0,0000",0,0,0,0,"100,00%","0,00%",-,"100,00%",-,"0,1300","0,0000",-,"0,2700",-,"0,5300",75%,1,Level 1
jul 25,ARGENTINA,SYSTEMS ENGINEERING,CANALES EMPRESAS,6696,AR46 GEMA ARG,2,1,0,2,0,0,"0,0",0,"0,0000","0,0000","0,0000",0,50.326,0,50.326,"50,00%","0,00%",-,-,"100,00%","0,0650","0,0000",-,-,"0,2700","0,5300",63%,0,Not certified
jul 25,ARGENTINA,SYSTEMS ENGINEERING,CASH MANAGEMENT,140,AR28 PAGOS Y COBROS,10,10,6,10,5,5,"8,0",9,"0,0000","0,9335","-100,0000",0,34.100,31,33.208,"100,00%","60,00%","100,00%","88,89%","100,00%","0,1300","0,0780","0,2000","0,2400","0,2700","1,0000",92%,1,Level 3
jul 25,ARGENTINA,SYSTEMS ENGINEERING,CASH MANAGEMENT,141,AR27 GESTIÓN DE CHEQUES,1,1,1,1,0,0,"1,0",1,"-99,0000","-99,0000","0,0000",0,0,0,0,"100,00%","100,00%",-,"100,00%",-,"0,1300","0,1300",-,"0,2700",-,"0,5300",100%,1,Level 3
jul 25,ARGENTINA,SYSTEMS ENGINEERING,CASH MANAGEMENT,142,PE01 PENSIONS,9,8,9,9,1,1,"5,0",5,"0,0000","0,0000","0,0000",0,107.761,0,107.761,"88,89%","100,00%","100,00%","100,00%","100,00%","0,1156","0,1300","0,2000","0,2700","0,2700","1,0000",99%,1,Level 3
jul 25,ARGENTINA,SYSTEMS ENGINEERING,CASH MANAGEMENT,7624,AR53 PAGOS NOMINAS / CONVENIOS,5,5,5,5,1,1,"4,0",4,"-99,0000","-99,0000","0,0000",0,0,0,0,"100,00%","100,00%","100,00%","100,00%",-,"0,1300","0,1300","0,2000","0,2700",-,"0,7300",100%,1,Level 3
jul 25,ARGENTINA,SYSTEMS ENGINEERING,CASH MANAGEMENT,7625,AR50 EFECTOS,1,1,1,1,1,1,"1,0",1,"-99,0000","-99,0000","0,0000",0,0,0,0,"100,00%","100,00%","100,00%","100,00%",-,"0,1300","0,1300","0,2000","0,2700",-,"0,7300",100%,1,Level 3
jul 25,ARGENTINA,SYSTEMS ENGINEERING,CASH MANAGEMENT,7626,AR51 ECHEQ / FCEM,2,2,2,2,0,0,"1,0",2,"0,0000","0,0000","0,0000",0,63.239,0,42.224,"100,00%","100,00%",-,"50,00%","100,00%","0,1300","0,1300",-,"0,1350","0,2700","0,8000",83%,1,Level 2
jul 25,ARGENTINA,SYSTEMS ENGINEERING,COMEX,435,AR16 COMERCIO EXTERIOR,5,4,3,5,1,1,"3,0",4,"0,0000","0,0000","0,0000",0,6.139,0,6.139,"80,00%","60,00%","100,00%","75,00%","100,00%","0,1040","0,0780","0,2000","0,2025","0,2700","1,0000",85%,1,Level 2
jul 25,ARGENTINA,SYSTEMS ENGINEERING,COMEX,7623,AR49 EXTRANJERO,5,5,5,5,4,4,"3,0",3,"0,0000","0,0000","0,0000",0,4.815,0,4.713,"100,00%","100,00%","100,00%","100,00%","100,00%","0,1300","0,1300","0,2000","0,2700","0,2700","1,0000",100%,1,Level 3
jul 25,ARGENTINA,SYSTEMS ENGINEERING,CORE PRODUCTS,332,AR21 SERVICIOS CORE FINANCIEROS,4,4,4,4,1,1,"4,0",4,"0,0000","0,0000","0,0000",0,1.630,0,769,"100,00%","100,00%","100,00%","100,00%","100,00%","0,1300","0,1300","0,2000","0,2700","0,2700","1,0000",100%,1,Level 3
jul 25,ARGENTINA,SYSTEMS ENGINEERING,CORE PRODUCTS,333,AR20 LOANS / PRÉSTAMOS,3,3,3,3,0,0,"3,0",3,"0,0000","0,0000","0,0000",0,3.038,0,3.038,"100,00%","100,00%",-,"100,00%","100,00%","0,1300","0,1300",-,"0,2700","0,2700","0,8000",100%,1,Level 3
jul 25,ARGENTINA,SYSTEMS ENGINEERING,CORE PRODUCTS,334,AR25 PEOPLE NEXTGEN,2,2,2,2,6,6,"0,5",1,"0,0000","0,0000","0,0000",0,85.986,0,85.615,"100,00%","100,00%","100,00%","50,00%","100,00%","0,1300","0,1300","0,2000","0,1350","0,2700","1,0000",87%,1,Level 2
jul 25,ARGENTINA,SYSTEMS ENGINEERING,CORE PRODUCTS,335,AR24 PEOPLE LEGACY,4,4,4,4,0,0,"2,5",3,"0,0000","0,0000","0,0000",0,267.196,0,246.378,"100,00%","100,00%",-,"83,33%","100,00%","0,1300","0,1300",-,"0,2250","0,2700","0,8000",94%,1,Level 3
jul 25,ARGENTINA,SYSTEMS ENGINEERING,CORE PRODUCTS,336,AR22 ACCOUNTS & DEPOSITS / CUENTAS,10,10,10,10,0,0,"7,0",9,"0,0000","0,0000","0,0000",0,122.224,0,121.876,"100,00%","100,00%",-,"77,78%","100,00%","0,1300","0,1300",-,"0,2100","0,2700","0,8000",93%,1,Level 3
jul 25,ARGENTINA,SYSTEMS ENGINEERING,CORE PRODUCTS,337,AR23 PEOPLE SERVICING,5,5,5,5,0,0,"3,0",3,"0,0000","0,0000","0,0000",0,197.080,0,197.080,"100,00%","100,00%",-,"100,00%","100,00%","0,1300","0,1300",-,"0,2700","0,2700","0,8000",100%,1,Level 3
jul 25,ARGENTINA,SYSTEMS ENGINEERING,CORE PRODUCTS,338,AR26 SERVICIOS PASIVOS,6,6,6,6,1,1,"5,0",6,"-99,0000","-99,0000","0,0000",0,0,0,0,"100,00%","100,00%","100,00%","83,33%",-,"0,1300","0,1300","0,2000","0,2250",-,"0,7300",94%,1,Level 3
jul 25,ARGENTINA,SYSTEMS ENGINEERING,CORPORATE FUNCTIONS,186,CF06 FINANCE / FINANZAS,13,13,13,13,2,2,"6,0",7,"-99,0000","-99,0000","0,0000",0,0,0,0,"100,00%","100,00%","100,00%","85,71%",-,"0,1300","0,1300","0,2000","0,2314",-,"0,7300",95%,1,Level 3
jul 25,ARGENTINA,SYSTEMS ENGINEERING,CORPORATE FUNCTIONS,187,CF07 PROCUREMENT,6,6,6,6,0,0,"2,0",3,"0,0000","0,0000","0,0000",0,85.732,0,85.530,"100,00%","100,00%",-,"66,67%","100,00%","0,1300","0,1300",-,"0,1800","0,2700","0,8000",89%,1,Level 2
jul 25,ARGENTINA,SYSTEMS ENGINEERING,CORPORATE FUNCTIONS,189,AR36 LOCAL SERVICES,9,9,8,9,0,0,"2,0",4,"0,0050","0,0050","-0,0366",3,603.337,3,603.116,"100,00%","88,89%",-,"50,00%","75,00%","0,1300","0,1156",-,"0,1350","0,2025","0,8000",73%,1,Level 1
jul 25,ARGENTINA,SYSTEMS ENGINEERING,CORPORATE FUNCTIONS,190,CF02 COMPLIANCE,7,7,7,7,0,0,"1,0",2,"0,2383","0,2383","0,0000",81,339.933,81,339.933,"100,00%","100,00%",-,"50,00%","0,00%","0,1300","0,1300",-,"0,1350","0,0000","0,8000",49%,0,Not certified
jul 25,ARGENTINA,SYSTEMS ENGINEERING,CORPORATE FUNCTIONS,191,CF03 LEGAL,1,1,1,1,2,2,"1,0",1,"-99,0000","-99,0000","0,0000",0,0,0,0,"100,00%","100,00%","100,00%","100,00%",-,"0,1300","0,1300","0,2000","0,2700",-,"0,7300",100%,1,Level 3
jul 25,ARGENTINA,SYSTEMS ENGINEERING,CORPORATE FUNCTIONS,192,AR19 DIGITALIZACIÓN DE IMAGENES,3,3,2,3,1,1,"1,5",2,"0,0503","0,1141","-55,9047",4,79.491,17,148.970,"100,00%","66,67%","100,00%","75,00%","100,00%","0,1300","0,0867","0,2000","0,2025","0,2700","1,0000",89%,1,Level 2
jul 25,ARGENTINA,SYSTEMS ENGINEERING,CORPORATE FUNCTIONS,193,AR18 AUTOMATIZACIÓN DE PROCESOS,1,1,1,1,2,2,"0,0",0,"-99,0000","-99,0000","0,0000",0,0,0,0,"100,00%","100,00%","100,00%",-,-,"0,1300","0,1300","0,2000",-,-,"0,4600",100%,1,Level 3
jul 25,ARGENTINA,SYSTEMS ENGINEERING,CORPORATE FUNCTIONS,194,AR17 ENGINEERING SERVICES,13,13,10,13,0,0,"4,0",4,"0,0000","0,0000","0,0000",0,312.092,0,312.092,"100,00%","76,92%",-,"100,00%","100,00%","0,1300","0,1000",-,"0,2700","0,2700","0,8000",96%,1,Level 3
jul 25,ARGENTINA,SYSTEMS ENGINEERING,CORPORATE FUNCTIONS,195,CF01 TALENT & CULTURA,17,17,13,13,0,0,"2,5",7,"0,0618","0,0802","-22,9091",61,986.727,75,935.258,"100,00%","100,00%",-,"35,71%","100,00%","0,1300","0,1300",-,"0,0964","0,2700","0,8000",78%,1,Level 1
jul 25,ARGENTINA,SYSTEMS ENGINEERING,MEDIOS DE PAGO,409,AR06 COBRANZAS EMISIÓN TC,4,4,4,4,0,0,"3,0",3,"-99,0000","-99,0000","0,0000",0,0,0,0,"100,00%","100,00%",-,"100,00%",-,"0,1300","0,1300",-,"0,2700",-,"0,5300",100%,1,Level 3
jul 25,ARGENTINA,SYSTEMS ENGINEERING,MEDIOS DE PAGO,410,AR11 ABM,2,2,1,2,0,0,"1,0",1,"0,0000","0,0000","0,0000",0,12.056,0,12.067,"100,00%","50,00%",-,"100,00%","100,00%","0,1300","0,0650",-,"0,2700","0,2700","0,8000",92%,1,Level 3
jul 25,ARGENTINA,SYSTEMS ENGINEERING,MEDIOS DE PAGO,412,RB04 ATM /CAJEROS AUTOMATICOS,1,1,1,1,0,0,"1,0",1,"-99,0000","-99,0000","0,0000",0,0,0,0,"100,00%","100,00%",-,"100,00%",-,"0,1300","0,1300",-,"0,2700",-,"0,5300",100%,1,Level 3
jul 25,ARGENTINA,SYSTEMS ENGINEERING,MEDIOS DE PAGO,413,AR07 TARJETA DE DÉBITO,1,1,1,1,0,0,"1,0",1,"-99,0000","-99,0000","0,0000",0,0,0,0,"100,00%","100,00%",-,"100,00%",-,"0,1300","0,1300",-,"0,2700",-,"0,5300",100%,1,Level 3
jul 25,ARGENTINA,SYSTEMS ENGINEERING,MEDIOS DE PAGO,414,AR12 CONTABILIDAD TC,3,3,1,3,3,3,"3,0",3,"-99,0000","-99,0000","0,0000",0,0,0,0,"100,00%","33,33%","100,00%","100,00%",-,"0,1300","0,0433","0,2000","0,2700",-,"0,7300",88%,1,Level 2
jul 25,ARGENTINA,SYSTEMS ENGINEERING,MEDIOS DE PAGO,418,AR10 IMPUESTOS TC,2,2,2,2,0,0,"2,0",2,"-99,0000","-99,0000","0,0000",0,0,0,0,"100,00%","100,00%",-,"100,00%",-,"0,1300","0,1300",-,"0,2700",-,"0,5300",100%,1,Level 3
jul 25,ARGENTINA,SYSTEMS ENGINEERING,MEDIOS DE PAGO,7622,AR48 DISTRIBUCIÓN DE PRODUCTOS,2,2,1,2,0,0,"1,0",2,"0,0000","0,0000","0,0000",0,8.298,0,7.215,"100,00%","50,00%",-,"50,00%","100,00%","0,1300","0,0650",-,"0,1350","0,2700","0,8000",75%,1,Level 1
jul 25,ARGENTINA,SYSTEMS ENGINEERING,MERCADOS Y CUSTODIAS,433,CIB04 GLOBAL MARKET,4,4,4,4,7,7,"2,0",2,"0,0000","0,0000","0,0000",0,14.800,0,14.800,"100,00%","100,00%","100,00%","100,00%","100,00%","0,1300","0,1300","0,2000","0,2700","0,2700","1,0000",100%,1,Level 3
jul 25,ARGENTINA,SYSTEMS ENGINEERING,MERCADOS Y CUSTODIAS,7605,CIB07 ASSET MANAGEMENT,3,3,3,3,4,4,"2,0",2,"-99,0000","-99,0000","0,0000",0,0,0,0,"100,00%","100,00%","100,00%","100,00%",-,"0,1300","0,1300","0,2000","0,2700",-,"0,7300",100%,1,Level 3
jul 25,ARGENTINA,SYSTEMS ENGINEERING,MERCADOS Y CUSTODIAS,7608,CIB05 OPERATION DATA,1,1,1,1,13,13,"1,0",2,"0,0000","0,0000","0,0000",0,45.855,0,38.669,"100,00%","100,00%","100,00%","50,00%","100,00%","0,1300","0,1300","0,2000","0,1350","0,2700","1,0000",87%,1,Level 2
jul 25,ARGENTINA,SYSTEMS ENGINEERING,MERCADOS Y CUSTODIAS,7610,CIB06 ALYC,1,1,0,1,7,7,"1,0",2,"-99,0000","-99,0000","0,0000",0,0,0,0,"100,00%","0,00%","100,00%","50,00%",-,"0,1300","0,0000","0,2000","0,1350",-,"0,7300",64%,0,Not certified
jul 25,ARGENTINA,SYSTEMS ENGINEERING,MODELOS DE ATENCIÓN,136,RB05 RETAIL CONTACT CENTER / CONTACT CENTER PARTICULARES,7,7,6,7,0,0,"4,0",4,"5,7625","5,7841","-0,3733",792,137.441,792,136.928,"100,00%","85,71%",-,"100,00%","0,00%","0,1300","0,1114",-,"0,2700","0,0000","0,8000",64%,0,Not certified
jul 25,ARGENTINA,SYSTEMS ENGINEERING,MODELOS DE ATENCIÓN,137,AR34 GESTION SUCURSALES y RECLAMOS,2,2,2,2,2,2,"1,0",2,"0,2097","0,2153","-2,6057",24,114.443,24,111.461,"100,00%","100,00%","100,00%","50,00%","0,00%","0,1300","0,1300","0,2000","0,1350","0,0000","1,0000",60%,0,Not certified
jul 25,ARGENTINA,SYSTEMS ENGINEERING,MODELOS DE ATENCIÓN,139,AR01 AUTOSERVICIOS SUCURSALES,4,4,3,4,0,0,"2,0",4,"0,0043","0,0043","-0,2163",1,231.583,1,231.082,"100,00%","75,00%",-,"50,00%","75,00%","0,1300","0,0975",-,"0,1350","0,2025","0,8000",71%,1,Level 1
jul 25,ARGENTINA,SYSTEMS ENGINEERING,MODELOS DE ATENCIÓN,4263,RB07 CONTACT CENTER / GESTION DE MORA,4,4,4,4,2,2,"3,0",4,"-99,0000","-99,0000","0,0000",0,0,0,0,"100,00%","100,00%","100,00%","75,00%",-,"0,1300","0,1300","0,2000","0,2025",-,"0,7300",91%,1,Level 3
jul 25,ARGENTINA,SYSTEMS ENGINEERING,MODELOS DE ATENCIÓN,5854,AR41 TRAFFIC GENERATION & MARKETING AUTOMATION,1,1,1,1,0,0,"1,0",1,"0,1476","0,1476","0,0000",2,13.547,2,13.547,"100,00%","100,00%",-,"100,00%","50,00%","0,1300","0,1300",-,"0,2700","0,1350","0,8000",83%,1,Level 2
jul 25,ARGENTINA,SYSTEMS ENGINEERING,MODELOS DE ATENCIÓN,7602,AR30 TESORO y CAJA,2,2,1,2,0,0,"1,0",2,"0,0145","0,0107","35,0547",3,207.359,3,280.048,"100,00%","50,00%",-,"50,00%","0,00%","0,1300","0,0650",-,"0,1350","0,0000","0,8000",41%,0,Not certified
jul 25,ARGENTINA,SYSTEMS ENGINEERING,PRODUCTOS RETAIL,5193,AR39 PRÉSTAMOS PERSONALES,4,4,4,4,0,0,"1,0",1,"-99,0000","-99,0000","0,0000",0,0,0,0,"100,00%","100,00%",-,"100,00%",-,"0,1300","0,1300",-,"0,2700",-,"0,5300",100%,1,Level 3
jul 25,ARGENTINA,SYSTEMS ENGINEERING,PRODUCTOS RETAIL,5473,AR55 PRESTAMOS PRENDARIOS CANALES INTERNOS,3,3,3,3,0,0,"3,0",3,"1,5744","0,0000","0,0000",194,123.225,0,101.752,"100,00%","100,00%",-,"100,00%","0,00%","0,1300","0,1300",-,"0,2700","0,0000","0,8000",66%,0,Not certified
jul 25,ARGENTINA,SYSTEMS ENGINEERING,PRODUCTOS RETAIL,7145,AR03 PRESTAMOS HIPOTECARIOS CANALES INTERNOS,1,1,1,1,3,3,"1,0",1,"0,0000","-99,0000","0,0000",0,126,0,0,"100,00%","100,00%","100,00%","100,00%","100,00%","0,1300","0,1300","0,2000","0,2700","0,2700","1,0000",100%,1,Level 3
jul 25,ARGENTINA,SYSTEMS ENGINEERING,PRODUCTOS RETAIL,7935,AR54 PRESTAMOS HIPOTECARIOS CANALES DIGITALES,3,3,0,3,1,1,"3,0",3,"-99,0000","-99,0000","0,0000",0,0,0,0,"100,00%","0,00%","100,00%","100,00%",-,"0,1300","0,0000","0,2000","0,2700",-,"0,7300",82%,1,Level 2
jul 25,ARGENTINA,SYSTEMS ENGINEERING,RIESGOS MAYORISTAS,188,CF05 RISKS / RIESGOS MAYORISTA,14,14,5,14,11,11,"10,0",11,"0,0000","0,0000","0,0000",0,88.964,0,85.880,"100,00%","35,71%","100,00%","90,91%","100,00%","0,1300","0,0464","0,2000","0,2455","0,2700","1,0000",89%,1,Level 2
jul 25,ARGENTINA,SYSTEMS ENGINEERING,STAFFING Y METODOLOGÍA,149,AR35 BRANCHES / OFICINAS OPERATORIA,3,3,3,3,0,0,"1,0",2,"0,3782","0,3847","-1,7118",1.494,3.950.728,1.520,3.950.677,"100,00%","100,00%",-,"50,00%","0,00%","0,1300","0,1300",-,"0,1350","0,0000","0,8000",49%,0,Not certified
jul 25,ARGENTINA,SYSTEMS ENGINEERING,SWF SEGUROS,72,IN01 INSURANCE DISTRIBUTION/CHANNELS WEB,6,5,0,6,0,0,"1,5",2,"0,0000","0,0000","0,0000",0,393.907,0,94.443,"83,33%","0,00%",-,"75,00%","100,00%","0,1083","0,0000",-,"0,2025","0,2700","0,8000",73%,1,Level 1
jul 25,ARGENTINA,SYSTEMS ENGINEERING,SWF SEGUROS,73,AR14 INSURANCE SERVICES,3,3,3,3,0,0,"2,0",2,"-99,0000","-99,0000","0,0000",0,0,0,0,"100,00%","100,00%",-,"100,00%",-,"0,1300","0,1300",-,"0,2700",-,"0,5300",100%,1,Level 3
jul 25,ARGENTINA,SYSTEMS ENGINEERING,SWF SEGUROS,74,AR13 INSURANCE DISTRIBUTION/CHANNELS CORE,5,5,2,5,0,0,"1,0",1,"-99,0000","-99,0000","0,0000",0,0,0,0,"100,00%","40,00%",-,"100,00%",-,"0,1300","0,0520",-,"0,2700",-,"0,5300",85%,1,Level 2
jul 25,ARGENTINA,SYSTEMS ENGINEERING,SWF VINCULADAS,7632,AM05 CONSUMER FINANCE,12,12,10,12,1,1,"8,5",10,"0,1195","0,0000","0,0000",42,351.579,0,323.598,"100,00%","83,33%","100,00%","85,00%","0,00%","0,1300","0,1083","0,2000","0,2295","0,0000","1,0000",67%,0,Not certified
jul 25,ARGENTINA,SYSTEMS ENGINEERING,SWF VINCULADAS,7633,AM03 CONSUMER FINANCE,5,5,5,5,2,2,"0,5",1,"0,0000","0,6890","-100,0000",0,272.664,187,271.402,"100,00%","100,00%","100,00%","50,00%","100,00%","0,1300","0,1300","0,2000","0,1350","0,2700","1,0000",87%,1,Level 2
jul 25,ARGENTINA,SYSTEMS ENGINEERING,SWF VINCULADAS,7634,AM04 CONSUMER FINANCE,5,0,5,5,0,0,"0,0",1,"0,0000","0,0000","0,0000",0,285.799,0,277.836,"0,00%","100,00%",-,"0,00%","100,00%","0,0000","0,1300",-,"0,0000","0,2700","0,8000",50%,0,Not certified
jul 25,ARGENTINA,SYSTEMS ENGINEERING,TRANSFORMACION Y CALIDAD OPERATIVA,6213,TRANSFORMACIÓN NEXTGEN,1,0,0,1,0,0,"0,0",1,"0,0000","0,0000","0,0000",0,247.805,0,228.487,"0,00%","0,00%",-,"0,00%","100,00%","0,0000","0,0000",-,"0,0000","0,2700","0,8000",34%,0,Not certified
jul 25,ARGENTINA,SYSTEMS ENGINEERING,TRANSFORMACION Y CALIDAD OPERATIVA,6778,PROCESS SYSTEMS ARG,0,0,0,0,0,0,"2,0",2,"0,0000","-99,0000","0,0000",0,1.434,0,0,-,-,-,"100,00%","100,00%",-,-,-,"0,2700","0,2700","0,5400",100%,1,Level 3
jul 25,ARGENTINA,SYSTEMS ENGINEERING,TRANSFORMACION Y CALIDAD OPERATIVA,6860,DEVOPS AR,2,2,0,2,0,0,"0,0",2,"0,0000","0,0247","-100,0000",0,746.421,28,1.134.320,"100,00%","0,00%",-,"0,00%","100,00%","0,1300","0,0000",-,"0,0000","0,2700","0,8000",50%,0,Not certified
jul 25,ARGENTINA,SYSTEMS ENGINEERING,VENTAS,5194,RB06 NECESIDADES DIGITALES,2,2,2,2,0,0,"1,0",1,"0,3119","0,0000","0,0000",101,323.840,0,323.840,"100,00%","100,00%",-,"100,00%","0,00%","0,1300","0,1300",-,"0,2700","0,0000","0,8000",66%,0,Not certified
jul 25,ARGENTINA,SYSTEMS ENGINEERING,VENTAS,5195,AR31 PAQUETES Y TARJETAS,5,5,5,5,1,1,"0,0",1,"-99,0000","-99,0000","0,0000",0,0,0,0,"100,00%","100,00%","100,00%","0,00%",-,"0,1300","0,1300","0,2000","0,0000",-,"0,7300",63%,0,Not certified
jul 25,ARGENTINA,SYSTEMS ENGINEERING,VENTAS,5196,AR33 PRODUCTOS NO CREDITICIOS,4,4,4,4,0,0,"0,5",1,"0,0000","0,0000","0,0000",0,1.664.566,0,1.663.090,"100,00%","100,00%",-,"50,00%","100,00%","0,1300","0,1300",-,"0,1350","0,2700","0,8000",83%,1,Level 2
jul 25,ARGENTINA,SYSTEMS ENGINEERING,VENTAS,5197,AR40 PRODUCTIVIDAD,1,1,1,1,0,0,"0,0",0,"0,0000","0,0000","0,0000",0,230,0,230,"100,00%","100,00%",-,-,"100,00%","0,1300","0,1300",-,-,"0,2700","0,5300",100%,1,Level 3
jul 25,ARGENTINA,SYSTEMS ENGINEERING,VENTAS,5198,AR32 MOTOR DE RIESGOS,2,2,2,2,0,0,"0,0",1,"0,0000","0,0000","0,0000",0,119.802,0,119.567,"100,00%","100,00%",-,"0,00%","100,00%","0,1300","0,1300",-,"0,0000","0,2700","0,8000",66%,0,Not certified
jul 25,ARGENTINA,SYSTEMS ENGINEERING,VENTAS,6161,AR47 FORMULARIOS Y CONTRATOS DIGITALES,2,2,1,2,0,0,"3,5",4,"0,0000","0,0000","0,0000",0,39.405,0,38.689,"100,00%","50,00%",-,"87,50%","100,00%","0,1300","0,0650",-,"0,2363","0,2700","0,8000",88%,1,Level 2
jul 25,ARGENTINA,SYSTEMS ENGINEERING,WALLET & DIGITAL CHANNELS,229,RB02 RETAIL MOBILE / MOVILES PARTICULARES,17,17,1,17,3,4,"15,0",19,"0,0000","0,0000","0,0000",0,3.317,0,3.065,"100,00%","5,88%","75,00%","78,95%","100,00%","0,1300","0,0076","0,1500","0,2132","0,2700","1,0000",77%,1,Level 1
jul 25,ARGENTINA,SYSTEMS ENGINEERING,WALLET & DIGITAL CHANNELS,230,RB01 RETAIL WEB / WEBS PARTICULARES,23,23,6,23,6,7,"15,0",19,"0,0000","0,0000","0,0000",0,313.395,0,313.401,"100,00%","26,09%","85,71%","78,95%","100,00%","0,1300","0,0339","0,1714","0,2132","0,2700","1,0000",82%,1,Level 2
jul 25,ARGENTINA,SYSTEMS ENGINEERING,WALLET & DIGITAL CHANNELS,411,AR09 BENEFICIOS,3,3,0,3,0,0,"0,0",3,"0,0016","0,0016","0,3689",2,1.261.333,2,1.265.986,"100,00%","0,00%",-,"0,00%","100,00%","0,1300","0,0000",-,"0,0000","0,2700","0,8000",50%,0,Not certified
jul 25,ARGENTINA,SYSTEMS ENGINEERING,WALLET & DIGITAL CHANNELS,415,AR04 MEDIOS ELECTRONICOS DE PAGOS - MOBILE,2,2,0,2,0,0,"0,0",1,"0,0000","0,1490","-100,0000",0,76.395,11,73.837,"100,00%","0,00%",-,"0,00%","100,00%","0,1300","0,0000",-,"0,0000","0,2700","0,8000",50%,0,Not certified
jul 25,ARGENTINA,SYSTEMS ENGINEERING,WALLET & DIGITAL CHANNELS,417,AR05 LOYALTY,2,2,2,2,0,0,"0,0",1,"0,0000","0,0000","0,0000",0,103.151,0,103.077,"100,00%","100,00%",-,"0,00%","100,00%","0,1300","0,1300",-,"0,0000","0,2700","0,8000",66%,0,Not certified
jul 25,ARGENTINA,SYSTEMS ENGINEERING,WALLET & DIGITAL CHANNELS,4265,AR38 SALUD FINANCIERA,2,2,1,2,0,0,"0,0",0,"0,0000","0,0000","0,0000",0,18.168,0,18.168,"100,00%","50,00%",-,-,"100,00%","0,1300","0,0650",-,-,"0,2700","0,5300",88%,1,Level 2
jul 25,ARGENTINA,SYSTEMS ENGINEERING,WALLET & DIGITAL CHANNELS,6716,AR15 EVOLUCION DIGITAL DE GESTION DE TARJETAS,1,1,0,1,0,0,"0,0",1,"0,0000","0,0000","0,0000",0,46.228,0,45.947,"100,00%","0,00%",-,"0,00%","100,00%","0,1300","0,0000",-,"0,0000","0,2700","0,8000",50%,0,Not certified
jul 25,CFE,AUD.LEGAL&CHAIRMAN UNITS,,12,"LEGAL, FUNDACIÓN BBVA….",22,21,15,16,2,2,"11,5",15,"0,0004","0,0326","-98,7147",1,2.387.695,78,2.393.655,"95,45%","93,75%","100,00%","76,67%","100,00%","0,1241","0,1219","0,2000","0,2070","0,2700","1,0000",92%,1,Level 3
jul 25,CFE,AUD.LEGAL&CHAIRMAN UNITS,,13,AUDIT,6,6,5,5,0,0,"4,5",5,"0,0100","0,0100","0,0000",6,601.971,6,601.971,"100,00%","100,00%",-,"90,00%","50,00%","0,1300","0,1300",-,"0,2430","0,1350","0,8000",80%,1,Level 1
jul 25,CFE,AUD.LEGAL&CHAIRMAN UNITS,,16,OTHERS NO CFE,3,3,3,3,0,0,"2,0",3,"0,0469","0,0457","2,7507",39,830.683,39,853.533,"100,00%","100,00%",-,"66,67%","25,00%","0,1300","0,1300",-,"0,1800","0,0675","0,8000",63%,0,Not certified
jul 25,CFE,AUD.LEGAL&CHAIRMAN UNITS,,17,COMMS,17,15,11,12,0,0,"10,0",16,"0,0241","0,0113","113,4754",43,1.782.468,19,1.681.337,"88,24%","91,67%",-,"62,50%","0,00%","0,1147","0,1192",-,"0,1688","0,0000","0,8000",50%,0,Not certified
jul 25,CFE,AUD.LEGAL&CHAIRMAN UNITS,,18,ENGINEERING FOR ENGINEERING,14,14,14,14,0,0,"9,5",13,"0,0006","0,0006","-0,2119",1,1.800.503,1,1.796.687,"100,00%","100,00%",-,"73,08%","100,00%","0,1300","0,1300",-,"0,1973","0,2700","0,8000",91%,1,Level 3
jul 25,CFE,AUD.LEGAL&CHAIRMAN UNITS,,37,M&A,8,8,2,2,2,2,"6,0",7,"0,0000","0,0000","0,0000",0,64.684,0,64.684,"100,00%","100,00%","100,00%","85,71%","100,00%","0,1300","0,1300","0,2000","0,2314","0,2700","1,0000",96%,1,Level 3
jul 25,CFE,FINANCE,,27,REPORTING REGULATORIO,10,10,11,11,0,0,"10,5",12,"0,0000","0,0000","0,0000",0,786.180,0,785.860,"100,00%","100,00%",-,"87,50%","100,00%","0,1300","0,1300",-,"0,2363","0,2700","0,8000",96%,1,Level 3
jul 25,CFE,FINANCE,,34,CONSOLIDACIÓN REPORTING Y FISCAL,12,10,10,10,1,1,"9,5",13,"0,0000","0,0000","0,0000",0,7.150.999,0,6.865.948,"83,33%","100,00%","100,00%","73,08%","100,00%","0,1083","0,1300","0,2000","0,1973","0,2700","1,0000",91%,1,Level 3
jul 25,CFE,FINANCE,,42,PROCUREMENT,6,6,5,5,1,1,"3,0",6,"0,1984","0,1985","-0,0591",140,705.628,140,705.211,"100,00%","100,00%","100,00%","50,00%","75,00%","0,1300","0,1300","0,2000","0,1350","0,2025","1,0000",80%,1,Level 1
jul 25,CFE,FINANCE,,43,INVEST & COST MANAGEMENT,5,5,5,5,8,8,"2,0",5,"0,0000","0,0000","0,0000",0,1.577.970,0,1.507.931,"100,00%","100,00%","100,00%","40,00%","100,00%","0,1300","0,1300","0,2000","0,1080","0,2700","1,0000",84%,1,Level 2
jul 25,CFE,FINANCE,,45,RENTABILIDAD & PERFORMANCE MANAGEMENT,3,3,4,4,7,7,"2,0",3,"0,0098","0,0799","-87,7835",1,102.484,8,100.160,"100,00%","100,00%","100,00%","66,67%","100,00%","0,1300","0,1300","0,2000","0,1800","0,2700","1,0000",91%,1,Level 3
jul 25,CFE,R&IC,,9,NFR,5,5,4,4,6,6,"1,0",4,"0,0000","0,0000","0,0000",0,670.662,0,669.940,"100,00%","100,00%","100,00%","25,00%","100,00%","0,1300","0,1300","0,2000","0,0675","0,2700","1,0000",80%,1,Level 1
jul 25,CFE,R&IC,,29,CONTROL INTERNO DE RIESGOS,4,4,4,4,3,3,"2,0",5,"0,0750","0,0815","-7,9901",45,600.299,49,601.431,"100,00%","100,00%","100,00%","40,00%","75,00%","0,1300","0,1300","0,2000","0,1080","0,2025","1,0000",77%,1,Level 1
jul 25,CFE,R&IC,,30,COMPLIANCE,14,12,11,13,0,0,"7,5",15,"0,0022","0,0023","-1,2042",7,3.121.532,7,3.083.941,"85,71%","84,62%",-,"50,00%","100,00%","0,1114","0,1100",-,"0,1350","0,2700","0,8000",78%,1,Level 1
jul 25,CFE,R&IC,,4911,CROSS DATA & AML,0,0,1,1,17,17,"1,0",1,"0,0000","0,0000","0,0000",0,264.245,0,120.145,-,"100,00%","100,00%","100,00%","100,00%",-,"0,1300","0,2000","0,2700","0,2700","0,8700",100%,1,Level 3
jul 25,CFE,R&IC,,6151,SCREENING & TRANSACTION MONITORING AML,5,5,0,6,7,7,"3,0",5,"0,0000","0,0000","0,0000",0,75.802,0,76.346,"100,00%","0,00%","100,00%","60,00%","100,00%","0,1300","0,0000","0,2000","0,1620","0,2700","1,0000",76%,1,Level 1
jul 25,CFE,R&IC,,7051,REPORTING FRAUDE,1,1,0,1,0,0,"0,0",0,"0,0000","0,0000","0,0000",0,367.477,0,367.477,"100,00%","0,00%",-,-,"100,00%","0,1300","0,0000",-,-,"0,2700","0,5300",75%,1,Level 1
jul 25,CFE,RISK,,6,RETAIL CREDIT RISK,0,0,3,3,0,0,"1,5",3,"0,0000","0,0000","0,0000",0,357.890,0,355.903,-,"100,00%",-,"50,00%","100,00%",-,"0,1300",-,"0,1350","0,2700","0,6700",80%,1,Level 1
jul 25,CFE,RISK,,7,PROVISIONES,3,3,3,3,2,2,"2,0",3,"0,0000","0,0000","0,0000",0,603.188,0,599.789,"100,00%","100,00%","100,00%","66,67%","100,00%","0,1300","0,1300","0,2000","0,1800","0,2700","1,0000",91%,1,Level 3
jul 25,CFE,RISK,,28,OTHER RISKS,15,15,11,15,1,1,"12,0",13,"0,0000","0,0000","0,0000",0,1.550.001,0,1.504.146,"100,00%","73,33%","100,00%","92,31%","100,00%","0,1300","0,0953","0,2000","0,2492","0,2700","1,0000",94%,1,Level 3
jul 25,CFE,RISK,,31,WHOLESALE CREDIT RISK,10,10,9,9,11,11,"9,0",11,"0,0000","0,0000","0,0000",0,1.817.905,0,1.825.992,"100,00%","100,00%","100,00%","81,82%","100,00%","0,1300","0,1300","0,2000","0,2209","0,2700","1,0000",95%,1,Level 3
jul 25,CFE,RISK,,38,ESG & REPORTING & ANALYTICS,8,7,9,9,13,14,"5,0",10,"0,0000","0,0000","0,0000",0,1.210.182,0,1.082.578,"87,50%","100,00%","92,86%","50,00%","100,00%","0,1138","0,1300","0,1857","0,1350","0,2700","1,0000",83%,1,Level 2
jul 25,CFE,RISK,,46,CAPITAL,10,10,5,10,7,7,"6,0",8,"0,0000","0,0000","0,0000",0,623.833,0,622.315,"100,00%","50,00%","100,00%","75,00%","100,00%","0,1300","0,0650","0,2000","0,2025","0,2700","1,0000",87%,1,Level 2
jul 25,CFE,T&C,,11,TALENT MANAGEMENT,23,23,14,15,0,1,"15,0",21,"0,0000","0,0014","-100,0000",0,1.942.402,3,2.117.471,"100,00%","93,33%","0,00%","71,43%","100,00%","0,1300","0,1213","0,0000","0,1929","0,2700","1,0000",71%,1,Level 1
jul 25,CFE,T&C,,41,PREMISES & SERVICES,22,21,17,19,2,2,"16,0",18,"0,0910","0,0936","-2,7826",138,1.516.733,142,1.517.268,"95,45%","89,47%","100,00%","88,89%","75,00%","0,1241","0,1163","0,2000","0,2400","0,2025","1,0000",88%,1,Level 2
jul 25,CFE,T&C,,47,WORKFORCE ADMINISTRATION,2,2,1,1,3,3,"2,0",2,"0,0087","0,0087","0,0000",4,457.563,4,457.563,"100,00%","100,00%","100,00%","100,00%","50,00%","0,1300","0,1300","0,2000","0,2700","0,1350","1,0000",87%,1,Level 2
jul 25,CFE,T&C,,5028,WORKFORCE RECRUITING-TALENT,2,2,0,0,0,0,"3,0",3,"0,0000","0,0000","0,0000",0,6.158,0,6.158,"100,00%",-,-,"100,00%","100,00%","0,1300",-,-,"0,2700","0,2700","0,6700",100%,1,Level 3
jul 25,CIB,DATA ENGINEERING,ANALYTICS,7557,GTB ANALYTICS,2,2,2,2,0,0,"2,0",2,"0,0000","0,0000","0,0000",0,33.258,0,33.258,"100,00%","100,00%",-,"100,00%","100,00%","0,1300","0,1300",-,"0,2700","0,2700","0,8000",100%,1,Level 3
jul 25,CIB,DATA ENGINEERING,ANALYTICS,7558,POST-TRADE SOLUTIONS,9,8,9,9,35,35,"5,0",8,"0,2768","0,2194","26,1289",3.858,13.940.128,3.123,14.232.826,"88,89%","100,00%","100,00%","62,50%","0,00%","0,1156","0,1300","0,2000","0,1688","0,0000","1,0000",61%,0,Not certified
jul 25,CIB,DATA ENGINEERING,ANALYTICS,7559,SUSTAINABILITY SOLUTIONS,3,3,3,3,1,1,"4,0",4,"0,0000","0,0000","0,0000",0,275.875,0,272.795,"100,00%","100,00%","100,00%","100,00%","100,00%","0,1300","0,1300","0,2000","0,2700","0,2700","1,0000",100%,1,Level 3
jul 25,CIB,DATA ENGINEERING,DATA HUB,4921,CIB DATAHUB & EXECUTION,1,1,1,1,51,52,"0,0",1,"0,0000","0,0000","0,0000",0,136.882,0,149.524,"100,00%","100,00%","98,08%","0,00%","100,00%","0,1300","0,1300","0,1962","0,0000","0,2700","1,0000",73%,1,Level 1
jul 25,CIB,DATA ENGINEERING,FINANCE DATA,7549,DATAWAREHOUSE & DATAMARTS,2,2,2,2,4,4,"2,0",2,"0,0000","0,0000","0,0000",0,2.095.921,0,2.097.320,"100,00%","100,00%","100,00%","100,00%","100,00%","0,1300","0,1300","0,2000","0,2700","0,2700","1,0000",100%,1,Level 3
jul 25,CIB,DATA ENGINEERING,FINANCE DATA,7967,FINANCE ANALYTICS,1,0,0,1,0,0,"0,0",0,"-99,0000","-99,0000","0,0000",0,0,0,0,"0,00%","0,00%",-,-,-,"0,0000","0,0000",-,-,-,"0,2600",0%,0,Not certified
jul 25,CIB,DATA ENGINEERING,RISK DATA,7551,GM RISK DATA,1,1,1,1,17,17,"0,0",1,"0,4258","0,4356","-2,2470",322,756.261,326,748.451,"100,00%","100,00%","100,00%","0,00%","0,00%","0,1300","0,1300","0,2000","0,0000","0,0000","1,0000",46%,0,Not certified
jul 25,CIB,DATA ENGINEERING,RISK DATA,7552,GMRU ANALYTICS,1,1,1,1,15,15,"1,0",1,"0,0000","0,0000","0,0000",0,191.185,0,190.280,"100,00%","100,00%","100,00%","100,00%","100,00%","0,1300","0,1300","0,2000","0,2700","0,2700","1,0000",100%,1,Level 3
jul 25,CIB,DATA ENGINEERING,UNDERWRITING & COMMERCIAL PROCESS,7554,COMMERCIAL MANAGEMENT - CRM,2,2,1,1,7,7,"0,0",1,"0,0322","0,0000","0,0000",50,1.553.493,0,1.453.278,"100,00%","100,00%","100,00%","0,00%","0,00%","0,1300","0,1300","0,2000","0,0000","0,0000","1,0000",46%,0,Not certified
jul 25,CIB,DATA ENGINEERING,UNDERWRITING & COMMERCIAL PROCESS,7556,UNDERWRITING SERVICE,5,4,3,5,5,5,"2,0",4,"0,0000","0,0000","0,0000",0,1.715.674,0,1.667.411,"80,00%","60,00%","100,00%","50,00%","100,00%","0,1040","0,0780","0,2000","0,1350","0,2700","1,0000",79%,1,Level 1
jul 25,CIB,SW DELIVERY,ACCOUNTING & CORE BANKING,378,ACCOUNTING,4,4,4,4,6,6,"1,0",2,"0,0000","0,0005","-100,0000",0,1.134.484,1,2.216.731,"100,00%","100,00%","100,00%","50,00%","100,00%","0,1300","0,1300","0,2000","0,1350","0,2700","1,0000",87%,1,Level 2
jul 25,CIB,SW DELIVERY,ACCOUNTING & CORE BANKING,5117,CORE BANKING,3,3,3,3,23,24,"0,0",1,"2,0382","1,6251","25,4167",301,147.680,240,147.680,"100,00%","100,00%","95,83%","0,00%","0,00%","0,1300","0,1300","0,1917","0,0000","0,0000","1,0000",45%,0,Not certified
jul 25,CIB,SW DELIVERY,DIGITAL ASSETS,6576,DIGITAL ASSETS,1,1,1,1,0,1,"1,0",1,"-99,0000","-99,0000","0,0000",0,0,0,0,"100,00%","100,00%","0,00%","100,00%",-,"0,1300","0,1300","0,0000","0,2700",-,"0,7300",73%,1,Level 1
jul 25,CIB,SW DELIVERY,EQUITIES,7566,DIGITAL DERIVATIVES: X-ASSET NOTES,12,11,10,10,12,12,"4,0",8,"0,1989","0,1774","12,1097",1.882,9.464.276,1.702,9.595.567,"91,67%","100,00%","100,00%","50,00%","0,00%","0,1192","0,1300","0,2000","0,1350","0,0000","1,0000",58%,0,Not certified
jul 25,CIB,SW DELIVERY,EQUITIES,7567,CASH EQUITY & MMOO,9,8,5,5,6,8,"6,0",8,"0,0000","0,0000","0,0000",0,543.305,0,533.895,"88,89%","100,00%","75,00%","75,00%","100,00%","0,1156","0,1300","0,1500","0,2025","0,2700","1,0000",87%,1,Level 2
jul 25,CIB,SW DELIVERY,EQUITIES,7568,QIS EQUITY FINANCE & CROSS,9,9,5,5,35,35,"7,0",8,"0,7157","0,2267","215,6802",1.102,1.539.726,349,1.539.340,"100,00%","100,00%","100,00%","87,50%","0,00%","0,1300","0,1300","0,2000","0,2363","0,0000","1,0000",70%,0,Not certified
jul 25,CIB,SW DELIVERY,FIXED INCOME,7578,FI BOOKING & PORTFOLIO MANAGEMENT,1,1,1,1,7,7,"0,0",1,"0,0032","0,0033","-2,2937",1,314.039,1,306.836,"100,00%","100,00%","100,00%","0,00%","100,00%","0,1300","0,1300","0,2000","0,0000","0,2700","1,0000",73%,1,Level 1
jul 25,CIB,SW DELIVERY,FIXED INCOME,7579,FI PREDEAL & EXECUTION,7,7,5,6,19,21,"2,0",5,"0,0000","0,0000","0,0000",0,2.284.399,0,2.271.366,"100,00%","83,33%","90,48%","40,00%","100,00%","0,1300","0,1083","0,1810","0,1080","0,2700","1,0000",80%,1,Level 1
jul 25,CIB,SW DELIVERY,FIXED INCOME,7580,FI POSTDEAL & REPORTING,5,5,4,4,8,8,"3,0",3,"0,0142","0,0095","48,6022",12,846.981,8,839.088,"100,00%","100,00%","100,00%","100,00%","0,00%","0,1300","0,1300","0,2000","0,2700","0,0000","1,0000",73%,1,Level 1
jul 25,CIB,SW DELIVERY,FOREIGN EXCHANGE,7572,PRICE DISTRIBUTION AND ORDER MANAGEMENT,3,3,0,0,0,0,"1,0",2,"0,0000","0,0000","0,0000",0,255.093,0,255.093,"100,00%",-,-,"50,00%","100,00%","0,1300",-,-,"0,1350","0,2700","0,6700",80%,1,Level 1
jul 25,CIB,SW DELIVERY,FOREIGN EXCHANGE,7573,BOOKING & SETTLEMENT,13,10,7,11,18,25,"2,0",5,"0,0011","0,0011","3,5760",2,1.766.462,2,1.829.630,"76,92%","63,64%","72,00%","40,00%","100,00%","0,1000","0,0827","0,1440","0,1080","0,2700","1,0000",70%,1,Level 1
jul 25,CIB,SW DELIVERY,FOREIGN EXCHANGE,7574,PRICE CONSTRUCTION ACCEPTANCE ARM & SOR,4,2,1,2,1,2,"2,0",3,"0,0000","0,0000","0,0000",0,70,0,70,"50,00%","50,00%","50,00%","66,67%","100,00%","0,0650","0,0650","0,1000","0,1800","0,2700","1,0000",68%,0,Not certified
jul 25,CIB,SW DELIVERY,GLOBAL MARKETS FRONT OFFICE,7231,CIB ONLINE INTEGRATION,2,2,2,2,9,13,"0,0",2,"0,2524","0,2524","0,0000",60,237.737,60,237.737,"100,00%","100,00%","69,23%","0,00%","0,00%","0,1300","0,1300","0,1385","0,0000","0,0000","1,0000",40%,0,Not certified
jul 25,CIB,SW DELIVERY,GLOBAL MARKETS FRONT OFFICE,7576,POSITION KEEPING & RISK MANAGEMENT,2,2,2,2,27,39,"1,0",2,"1,8827","1,8842","-0,0775",34,18.059,34,18.045,"100,00%","100,00%","69,23%","50,00%","0,00%","0,1300","0,1300","0,1385","0,1350","0,0000","1,0000",53%,0,Not certified
jul 25,CIB,SW DELIVERY,GLOBAL MARKETS FRONT OFFICE,7577,POSITION KEEPING & RISK MANAGEMENT (LEGACY),2,1,2,2,0,2,"1,0",1,"0,0000","0,0000","0,0000",0,109,0,109,"50,00%","100,00%","0,00%","100,00%","100,00%","0,0650","0,1300","0,0000","0,2700","0,2700","1,0000",74%,1,Level 1
jul 25,CIB,SW DELIVERY,GTB & IB&F,7581,GTB,4,4,4,4,4,4,"2,0",3,"0,0000","0,0000","0,0000",0,3.967,0,3.967,"100,00%","100,00%","100,00%","66,67%","100,00%","0,1300","0,1300","0,2000","0,1800","0,2700","1,0000",91%,1,Level 3
jul 25,CIB,SW DELIVERY,GTB & IB&F,7582,IB&F,9,8,7,7,7,8,"4,0",5,"0,1591","0,1708","-6,8263",698,4.387.185,748,4.380.516,"88,89%","100,00%","87,50%","80,00%","75,00%","0,1156","0,1300","0,1750","0,2160","0,2025","1,0000",84%,1,Level 2
jul 25,CIB,SW DELIVERY,REPOSITORIES AND SUPERVISORY FUNCTIONS,448,REGULATORY & ONBOARDING,1,1,1,1,0,0,"0,0",0,"-99,0000","-99,0000","0,0000",0,0,0,0,"100,00%","100,00%",-,-,-,"0,1300","0,1300",-,-,-,"0,2600",100%,1,Level 3
jul 25,CIB,SW DELIVERY,REPOSITORIES AND SUPERVISORY FUNCTIONS,7583,TRANSACTION REPORTING & RECONCILIATIONS,5,5,3,3,19,20,"4,0",5,"0,0000","0,0000","0,0000",0,125.218,0,124.050,"100,00%","100,00%","95,00%","80,00%","100,00%","0,1300","0,1300","0,1900","0,2160","0,2700","1,0000",94%,1,Level 3
jul 25,CIB,SW DELIVERY,REPOSITORIES AND SUPERVISORY FUNCTIONS,7584,SUPERVISORY FUNCTIONS,6,6,3,3,15,15,"9,0",9,"0,0097","0,0000","0,0000",11,1.137.187,0,1.137.187,"100,00%","100,00%","100,00%","100,00%","0,00%","0,1300","0,1300","0,2000","0,2700","0,0000","1,0000",73%,1,Level 1
jul 25,CIB,SW DELIVERY,REPOSITORIES AND SUPERVISORY FUNCTIONS,7585,REPOSITORIES,8,8,8,8,5,6,"3,0",5,"0,0000","0,0000","0,0000",0,1.217.144,0,1.215.961,"100,00%","100,00%","83,33%","60,00%","100,00%","0,1300","0,1300","0,1667","0,1620","0,2700","1,0000",86%,1,Level 2
jul 25,CIB,SW DELIVERY,RISK,7569,MARKET & COUNTERPARTY RISK,10,10,9,10,28,31,"4,0",7,"0,1448","1,4044","-89,6864",20,138.079,377,268.440,"100,00%","90,00%","90,32%","57,14%","100,00%","0,1300","0,1170","0,1806","0,1543","0,2700","1,0000",85%,1,Level 2
jul 25,CIB,SW DELIVERY,RISK,7570,RISK MEASUREMENT 2.0,1,1,0,1,0,0,"0,0",0,"-99,0000","-99,0000","0,0000",0,0,0,0,"100,00%","0,00%",-,-,-,"0,1300","0,0000",-,-,-,"0,2600",50%,0,Not certified
jul 25,CIB,SW DELIVERY,RISK,7571,MARKET DATA & RISK SOLUTIONS,12,11,9,10,35,35,"4,0",8,"0,0042","0,0041","1,0725",8,1.921.738,8,1.942.348,"91,67%","90,00%","100,00%","50,00%","25,00%","0,1192","0,1170","0,2000","0,1350","0,0675","1,0000",64%,0,Not certified
jul 25,CIB,SW DELIVERY,RISK,7736,XVA,4,4,4,4,3,3,"1,0",3,"0,0346","0,0353","-1,9763",10,289.030,10,283.318,"100,00%","100,00%","100,00%","33,33%","75,00%","0,1300","0,1300","0,2000","0,0900","0,2025","1,0000",75%,1,Level 1
jul 25,COLOMBIA,DATA TRANSFORMATION & ENGINEERING,DATA TRANSFORMATION,6018,CLIENT SOLUTIONS - DATA,6,6,6,6,5,5,"2,5",4,"0,0000","0,0000","0,0000",0,196.322,0,195.152,"100,00%","100,00%","100,00%","62,50%","100,00%","0,1300","0,1300","0,2000","0,1688","0,2700","1,0000",90%,1,Level 2
jul 25,COLOMBIA,DATA TRANSFORMATION & ENGINEERING,DATAHUB,4502,FINANZAS - DATA,3,3,3,3,6,6,"1,0",3,"0,0000","0,0000","0,0000",0,143.000,0,142.355,"100,00%","100,00%","100,00%","33,33%","100,00%","0,1300","0,1300","0,2000","0,0900","0,2700","1,0000",82%,1,Level 2
jul 25,COLOMBIA,DATA TRANSFORMATION & ENGINEERING,DATAHUB,4503,RIESGOS - DATA,5,5,5,5,25,25,"4,0",5,"0,0000","0,0000","0,0000",0,116.484,0,114.798,"100,00%","100,00%","100,00%","80,00%","100,00%","0,1300","0,1300","0,2000","0,2160","0,2700","1,0000",95%,1,Level 3
jul 25,COLOMBIA,DATA TRANSFORMATION & ENGINEERING,DATAHUB,4506,DATA MODELING & DEVELOPMENT,11,11,11,11,6,6,"8,0",11,"0,0000","0,0000","0,0000",0,73.959,0,71.742,"100,00%","100,00%","100,00%","72,73%","100,00%","0,1300","0,1300","0,2000","0,1964","0,2700","1,0000",93%,1,Level 3
jul 25,COLOMBIA,DATA TRANSFORMATION & ENGINEERING,DATAHUB,4914,ENGINEERING - DATA,4,4,4,4,0,0,"3,0",4,"0,0000","0,0000","0,0000",0,551.288,0,551.298,"100,00%","100,00%",-,"75,00%","100,00%","0,1300","0,1300",-,"0,2025","0,2700","0,8000",92%,1,Level 3
jul 25,COLOMBIA,DATA TRANSFORMATION & ENGINEERING,SALESFORCE,4495,SALESFORCE - DATA,3,3,3,3,2,2,"2,0",3,"0,0174","0,0248","-29,7151",55,3.152.283,78,3.142.095,"100,00%","100,00%","100,00%","66,67%","100,00%","0,1300","0,1300","0,2000","0,1800","0,2700","1,0000",91%,1,Level 3
jul 25,COLOMBIA,SYSTEMS ENGINEERING,CFS-FINANZAS-T&C-R&IC,293,T&C,11,11,9,9,0,0,"4,5",5,"0,0610","0,0610","-0,0232",15,245.837,15,245.780,"100,00%","100,00%",-,"90,00%","75,00%","0,1300","0,1300",-,"0,2430","0,2025","0,8000",88%,1,Level 2
jul 25,COLOMBIA,SYSTEMS ENGINEERING,CFS-FINANZAS-T&C-R&IC,294,FINANZAS,16,16,16,16,10,10,"7,0",9,"0,0000","0,0000","0,0000",0,107.939,0,150.735,"100,00%","100,00%","100,00%","77,78%","100,00%","0,1300","0,1300","0,2000","0,2100","0,2700","1,0000",94%,1,Level 3
jul 25,COLOMBIA,SYSTEMS ENGINEERING,CFS-FINANZAS-T&C-R&IC,295,CUMPLIMIENTO & AUDITORÍA,13,13,13,13,2,2,"3,0",5,"0,0000","0,0000","0,0000",0,3.234,0,2.965,"100,00%","100,00%","100,00%","60,00%","100,00%","0,1300","0,1300","0,2000","0,1620","0,2700","1,0000",89%,1,Level 2
jul 25,COLOMBIA,SYSTEMS ENGINEERING,CFS-RIESGOS,5127,RIESGOS PARTICULARES,6,6,6,6,1,1,"6,0",6,"0,0000","0,0000","0,0000",0,713.469,0,713.315,"100,00%","100,00%","100,00%","100,00%","100,00%","0,1300","0,1300","0,2000","0,2700","0,2700","1,0000",100%,1,Level 3
jul 25,COLOMBIA,SYSTEMS ENGINEERING,CFS-RIESGOS,5130,RIESGOS COBRANZA,2,2,2,2,8,8,"1,0",1,"0,0000","0,0000","0,0000",0,5.988,0,0,"100,00%","100,00%","100,00%","100,00%","100,00%","0,1300","0,1300","0,2000","0,2700","0,2700","1,0000",100%,1,Level 3
jul 25,COLOMBIA,SYSTEMS ENGINEERING,CFS-RIESGOS,5131,"RIESGOS REPORTING, NORMATIVOS",6,6,6,6,5,5,"3,0",3,"0,0000","0,0000","0,0000",0,52.365,0,52.365,"100,00%","100,00%","100,00%","100,00%","100,00%","0,1300","0,1300","0,2000","0,2700","0,2700","1,0000",100%,1,Level 3
jul 25,COLOMBIA,SYSTEMS ENGINEERING,CFS-RIESGOS,6209,RIESGOS PYMES Y MAYORISTAS,6,6,6,6,2,2,"4,0",4,"0,0000","0,0000","0,0000",0,66.190,0,62.932,"100,00%","100,00%","100,00%","100,00%","100,00%","0,1300","0,1300","0,2000","0,2700","0,2700","1,0000",100%,1,Level 3
jul 25,COLOMBIA,SYSTEMS ENGINEERING,CIB & COMEX - FIDUCIARIA - VALORES,175,PAYMENTS,9,9,9,9,27,28,"7,5",8,"0,0000","0,0000","0,0000",0,1.512.644,0,1.494.188,"100,00%","100,00%","96,43%","93,75%","100,00%","0,1300","0,1300","0,1929","0,2531","0,2700","1,0000",98%,1,Level 3
jul 25,COLOMBIA,SYSTEMS ENGINEERING,CIB & COMEX - FIDUCIARIA - VALORES,456,BACKOFFICE,5,5,5,5,0,0,"0,0",1,"0,0000","0,0000","0,0000",0,813,0,813,"100,00%","100,00%",-,"0,00%","100,00%","0,1300","0,1300",-,"0,0000","0,2700","0,8000",66%,0,Not certified
jul 25,COLOMBIA,SYSTEMS ENGINEERING,CIB & COMEX - FIDUCIARIA - VALORES,457,FIDUCIARIA,6,6,6,6,3,3,"4,5",5,"0,0161","0,0160","0,5897",73,4.532.401,73,4.559.129,"100,00%","100,00%","100,00%","90,00%","25,00%","0,1300","0,1300","0,2000","0,2430","0,0675","1,0000",77%,1,Level 1
jul 25,COLOMBIA,SYSTEMS ENGINEERING,CIB & COMEX - FIDUCIARIA - VALORES,458,GLOBAL MARKET & COMEX,16,16,16,16,3,4,"7,0",11,"0,0000","0,0548","-100,0000",0,638.703,43,784.047,"100,00%","100,00%","75,00%","63,64%","100,00%","0,1300","0,1300","0,1500","0,1718","0,2700","1,0000",85%,1,Level 2
jul 25,COLOMBIA,SYSTEMS ENGINEERING,CIB & COMEX - FIDUCIARIA - VALORES,459,VALORES,4,4,3,3,0,0,"0,0",1,"0,0000","0,0000","0,0000",0,38.862,0,38.691,"100,00%","100,00%",-,"0,00%","100,00%","0,1300","0,1300",-,"0,0000","0,2700","0,8000",66%,0,Not certified
jul 25,COLOMBIA,SYSTEMS ENGINEERING,CORE,55,LOANS,9,9,9,9,11,11,"7,0",8,"0,0013","0,0013","0,1623",4,3.051.141,4,3.056.093,"100,00%","100,00%","100,00%","87,50%","100,00%","0,1300","0,1300","0,2000","0,2363","0,2700","1,0000",97%,1,Level 3
jul 25,COLOMBIA,SYSTEMS ENGINEERING,CORE,169,ACCOUNTS,7,7,7,7,10,10,"3,5",4,"0,0000","0,0000","0,0000",0,572.493,0,572.240,"100,00%","100,00%","100,00%","87,50%","100,00%","0,1300","0,1300","0,2000","0,2363","0,2700","1,0000",97%,1,Level 3
jul 25,COLOMBIA,SYSTEMS ENGINEERING,CORE,172,PERSONAS Y ARQ. HOST,4,4,4,4,2,2,"2,5",3,"0,0000","0,0000","0,0000",0,235.456,0,233.490,"100,00%","100,00%","100,00%","83,33%","100,00%","0,1300","0,1300","0,2000","0,2250","0,2700","1,0000",96%,1,Level 3
jul 25,COLOMBIA,SYSTEMS ENGINEERING,CORE,173,VENTAS ASISTIDAS CAP,2,2,2,2,1,1,"1,0",2,"0,1375","0,1375","0,0000",90,654.338,90,654.338,"100,00%","100,00%","100,00%","50,00%","50,00%","0,1300","0,1300","0,2000","0,1350","0,1350","1,0000",73%,1,Level 1
jul 25,COLOMBIA,SYSTEMS ENGINEERING,CORE,174,PROCESS AUTOMATION,18,18,17,17,1,1,"8,5",11,"0,0861","0,0861","-0,0259",307,3.565.939,307,3.565.016,"100,00%","100,00%","100,00%","77,27%","75,00%","0,1300","0,1300","0,2000","0,2086","0,2025","1,0000",87%,1,Level 2
jul 25,COLOMBIA,SYSTEMS ENGINEERING,CORE,7283,GESTIÓN REMOTA RETAIL,1,1,1,1,28,28,"0,0",1,"0,0000","0,0000","0,0000",0,158.619,0,140.654,"100,00%","100,00%","100,00%","0,00%","100,00%","0,1300","0,1300","0,2000","0,0000","0,2700","1,0000",73%,1,Level 1
jul 25,COLOMBIA,SYSTEMS ENGINEERING,CORE,7437,GESTIÓN REMOTA PYMES,0,0,0,0,2,2,"1,0",1,"0,0000","0,0000","0,0000",0,87.763,0,74.037,-,-,"100,00%","100,00%","100,00%",-,-,"0,2000","0,2700","0,2700","0,7400",100%,1,Level 3
jul 25,COLOMBIA,SYSTEMS ENGINEERING,DATA TRANSFORMATION,111,CLIENT SOLUTIONS,1,1,1,1,0,0,"1,0",1,"-99,0000","-99,0000","0,0000",0,0,0,0,"100,00%","100,00%",-,"100,00%",-,"0,1300","0,1300",-,"0,2700",-,"0,5300",100%,1,Level 3
jul 25,COLOMBIA,SYSTEMS ENGINEERING,DevOps,6110,TESTING TOOLS,0,0,0,0,0,0,"0,0",0,"-99,0000","-99,0000","0,0000",0,0,0,0,-,-,-,-,-,-,-,-,-,-,"0,0000",No tiene el mínimo para calcular indicadores,-,-
jul 25,COLOMBIA,SYSTEMS ENGINEERING,DevOps,6136,DEVOPS - CI/CD,0,0,0,0,0,0,"0,0",0,"-99,0000","-99,0000","0,0000",0,0,0,0,-,-,-,-,-,-,-,-,-,-,"0,0000",No tiene el mínimo para calcular indicadores,-,-
jul 25,COLOMBIA,SYSTEMS ENGINEERING,DevOps,7207,Z COLOMBIA,1,1,1,1,0,0,"0,0",0,"-99,0000","-99,0000","0,0000",0,0,0,0,"100,00%","100,00%",-,-,-,"0,1300","0,1300",-,-,-,"0,2600",100%,1,Level 3
jul 25,COLOMBIA,SYSTEMS ENGINEERING,ENTERPRISE,395,ENTERPRISE WEB CHANNEL,6,6,6,6,3,4,"3,5",5,"0,0514","0,0603","-14,8760",281,5.470.946,323,5.353.163,"100,00%","100,00%","75,00%","70,00%","100,00%","0,1300","0,1300","0,1500","0,1890","0,2700","1,0000",87%,1,Level 2
jul 25,COLOMBIA,SYSTEMS ENGINEERING,ENTERPRISE,396,TRANSACCIONALIDAD,6,6,6,6,4,4,"5,0",5,"0,0081","0,0081","0,1049",9,1.110.715,9,1.111.880,"100,00%","100,00%","100,00%","100,00%","25,00%","0,1300","0,1300","0,2000","0,2700","0,0675","1,0000",80%,1,Level 1
jul 25,COLOMBIA,SYSTEMS ENGINEERING,ENTERPRISE,5209,ENTERPRISE MOBILE (GEMA),2,2,2,2,4,5,"1,0",1,"0,0000","0,0000","0,0000",0,70.145,0,70.150,"100,00%","100,00%","80,00%","100,00%","100,00%","0,1300","0,1300","0,1600","0,2700","0,2700","1,0000",96%,1,Level 3
jul 25,COLOMBIA,SYSTEMS ENGINEERING,ENTERPRISE,6667,SOLUCIONES FINANCIERAS,3,3,3,3,3,3,"2,0",2,"0,0000","0,0000","0,0000",0,28.689,0,28.755,"100,00%","100,00%","100,00%","100,00%","100,00%","0,1300","0,1300","0,2000","0,2700","0,2700","1,0000",100%,1,Level 3
jul 25,COLOMBIA,SYSTEMS ENGINEERING,RETAIL,85,OPEN MARKET,6,6,6,6,11,11,"2,0",3,"0,0000","0,0142","-100,0000",0,183.965,35,2.459.279,"100,00%","100,00%","100,00%","66,67%","100,00%","0,1300","0,1300","0,2000","0,1800","0,2700","1,0000",91%,1,Level 3
jul 25,COLOMBIA,SYSTEMS ENGINEERING,RETAIL,340,NET,3,3,3,3,0,0,"2,0",3,"0,0000","0,0000","0,0000",0,2.306.582,0,2.301.178,"100,00%","100,00%",-,"66,67%","100,00%","0,1300","0,1300",-,"0,1800","0,2700","0,8000",89%,1,Level 2
jul 25,COLOMBIA,SYSTEMS ENGINEERING,RETAIL,341,OFICINA,10,10,10,10,4,4,"7,0",9,"0,0000","0,0000","0,0000",0,967.568,0,964.419,"100,00%","100,00%","100,00%","77,78%","100,00%","0,1300","0,1300","0,2000","0,2100","0,2700","1,0000",94%,1,Level 3
jul 25,COLOMBIA,SYSTEMS ENGINEERING,RETAIL,343,MÓVIL RETAIL,1,1,1,1,20,21,"0,0",1,"0,0000","0,0000","0,0000",0,88.189,0,87.772,"100,00%","100,00%","95,24%","0,00%","100,00%","0,1300","0,1300","0,1905","0,0000","0,2700","1,0000",72%,1,Level 1
jul 25,COLOMBIA,SYSTEMS ENGINEERING,RETAIL,4065,CANALES ASISTIDOS IVR/CBs,2,2,2,2,1,1,"0,5",2,"0,0000","0,0000","0,0000",0,128.021,0,129.664,"100,00%","100,00%","100,00%","25,00%","100,00%","0,1300","0,1300","0,2000","0,0675","0,2700","1,0000",80%,1,Level 1
jul 25,COLOMBIA,SYSTEMS ENGINEERING,RETAIL,4066,CANALES ASISTIDOS ATMs/RPA,2,2,2,2,0,0,"1,0",1,"0,0000","0,0000","0,0000",0,12.225,0,12.225,"100,00%","100,00%",-,"100,00%","100,00%","0,1300","0,1300",-,"0,2700","0,2700","0,8000",100%,1,Level 3
jul 25,COLOMBIA,SYSTEMS ENGINEERING,RETAIL,5088,ANTIFRAUDE,6,6,6,6,1,1,"5,0",6,"0,0340","0,0341","-0,3278",30,882.243,30,879.351,"100,00%","100,00%","100,00%","83,33%","75,00%","0,1300","0,1300","0,2000","0,2250","0,2025","1,0000",89%,1,Level 2
jul 25,COLOMBIA,SYSTEMS ENGINEERING,SALESFORCE,6371,SALESFORCE,6,6,6,6,0,0,"2,0",2,"0,0000","0,0000","0,0000",0,37.693,0,37.686,"100,00%","100,00%",-,"100,00%","100,00%","0,1300","0,1300",-,"0,2700","0,2700","0,8000",100%,1,Level 3
jul 25,COLOMBIA,SYSTEMS ENGINEERING,SEGUROS,4061,SEGUROS SISTEMAS ESPECIALIZADOS,3,3,3,3,0,0,"1,5",2,"0,0000","0,0000","0,0000",0,218.212,0,218.212,"100,00%","100,00%",-,"75,00%","100,00%","0,1300","0,1300",-,"0,2025","0,2700","0,8000",92%,1,Level 3
jul 25,COLOMBIA,SYSTEMS ENGINEERING,SEGUROS,4063,SEGUROS AUTOMATION,7,7,7,7,0,5,"1,0",5,"0,0000","0,0000","0,0000",0,23.501,0,23.099,"100,00%","100,00%","0,00%","20,00%","100,00%","0,1300","0,1300","0,0000","0,0540","0,2700","1,0000",58%,0,Not certified
jul 25,COLOMBIA,SYSTEMS ENGINEERING,SEGUROS,6650,SEGUROS PROCESOS,6,6,6,6,0,0,"3,0",4,"0,0000","0,0000","0,0000",0,13.285,0,12.777,"100,00%","100,00%",-,"75,00%","100,00%","0,1300","0,1300",-,"0,2025","0,2700","0,8000",92%,1,Level 3
jul 25,COLOMBIA,SYSTEMS ENGINEERING,SEGUROS,6651,SEGUROS FINANCIERO,4,4,4,4,0,0,"0,0",0,"0,0000","0,0000","0,0000",0,5.896,0,5.896,"100,00%","100,00%",-,-,"100,00%","0,1300","0,1300",-,-,"0,2700","0,5300",100%,1,Level 3
jul 25,COLOMBIA,SYSTEMS ENGINEERING,SEGUROS,6652,BUSINESS CORE,3,3,3,3,0,0,"2,5",4,"0,2182","0,2337","-6,6312",413,1.893.046,436,1.865.948,"100,00%","100,00%",-,"62,50%","0,00%","0,1300","0,1300",-,"0,1688","0,0000","0,8000",54%,0,Not certified
jul 25,COMMERCIAL CLIENT SOLUTIONS,CHANNELS & PROCESSES,COREX & BANKING PLATFORM EVOLUTION,134,INFRA MULTICANAL EMPRESAS,0,0,5,5,1,1,"3,0",6,"0,0713","0,0931","-23,4231",231,3.239.386,300,3.221.585,-,"100,00%","100,00%","50,00%","100,00%",-,"0,1300","0,2000","0,1350","0,2700","0,8700",84%,1,Level 2
jul 25,COMMERCIAL CLIENT SOLUTIONS,CHANNELS & PROCESSES,COREX & BANKING PLATFORM EVOLUTION,260,DIGITAL SIGNING,1,1,1,1,0,0,"1,0",1,"0,0000","0,0000","0,0000",0,74.112,0,72.061,"100,00%","100,00%",-,"100,00%","100,00%","0,1300","0,1300",-,"0,2700","0,2700","0,8000",100%,1,Level 3
jul 25,COMMERCIAL CLIENT SOLUTIONS,CHANNELS & PROCESSES,COREX & BANKING PLATFORM EVOLUTION,261,ALERTAS FX,1,1,1,1,0,0,"0,0",0,"0,0000","0,0000","0,0000",0,12.758,0,12.942,"100,00%","100,00%",-,-,"100,00%","0,1300","0,1300",-,-,"0,2700","0,5300",100%,1,Level 3
jul 25,COMMERCIAL CLIENT SOLUTIONS,CHANNELS & PROCESSES,COREX & BANKING PLATFORM EVOLUTION,4958,FACTORÍA ENTERPRISE CLIENTS AMERICA,0,0,1,1,0,0,"0,5",1,"0,0000","0,0000","0,0000",0,28.895,0,29.882,-,"100,00%",-,"50,00%","100,00%",-,"0,1300",-,"0,1350","0,2700","0,6700",80%,1,Level 1
jul 25,COMMERCIAL CLIENT SOLUTIONS,CHANNELS & PROCESSES,COREX & BANKING PLATFORM EVOLUTION,6762,FX SMART HEDGING,0,0,1,1,0,0,"0,0",0,"0,0000","0,0000","0,0000",0,105.320,0,105.320,-,"100,00%",-,-,"100,00%",-,"0,1300",-,-,"0,2700","0,4000",100%,1,Level 3
jul 25,COMMERCIAL CLIENT SOLUTIONS,CHANNELS & PROCESSES,COREX & BANKING PLATFORM EVOLUTION,7184,PROCESOS ONBOARDING & CONTRATACIÓN,0,0,1,1,0,0,"1,0",1,"0,0000","0,0000","0,0000",0,11.772,0,4.403,-,"100,00%",-,"100,00%","100,00%",-,"0,1300",-,"0,2700","0,2700","0,6700",100%,1,Level 3
jul 25,COMMERCIAL CLIENT SOLUTIONS,CHANNELS & PROCESSES,COREX & BANKING PLATFORM EVOLUTION,7395,CREDIT EXPERIENCE,0,0,2,2,0,0,"1,0",1,"0,0000","0,0000","0,0000",0,21.139,0,9.318,-,"100,00%",-,"100,00%","100,00%",-,"0,1300",-,"0,2700","0,2700","0,6700",100%,1,Level 3
jul 25,COMMERCIAL CLIENT SOLUTIONS,CHANNELS & PROCESSES,DIGITAL CHANNELS,388,PLATAFORMA SENDA,0,0,5,5,0,0,"4,0",5,"0,0011","0,0006","71,8911",3,2.712.626,2,3.108.508,-,"100,00%",-,"80,00%","100,00%",-,"0,1300",-,"0,2160","0,2700","0,6700",92%,1,Level 3
jul 25,COMMERCIAL CLIENT SOLUTIONS,CHANNELS & PROCESSES,DIGITAL CHANNELS,389,PLATAFORMA GEMA,0,0,1,1,0,0,"1,0",1,"0,0000","0,0000","0,0000",0,945.700,0,1.418.986,-,"100,00%",-,"100,00%","100,00%",-,"0,1300",-,"0,2700","0,2700","0,6700",100%,1,Level 3
jul 25,COMMERCIAL CLIENT SOLUTIONS,CHANNELS & PROCESSES,EMBEDDED FINANCE,390,PLATAFORMA API CHANNEL,1,1,2,2,0,0,"0,5",1,"0,0000","0,0000","0,0000",0,250.968,0,252.309,"100,00%","100,00%",-,"50,00%","100,00%","0,1300","0,1300",-,"0,1350","0,2700","0,8000",83%,1,Level 2
jul 25,COMMERCIAL CLIENT SOLUTIONS,CHANNELS & PROCESSES,GLOBAL CHANNELS,344,PIVOT NET,4,4,4,4,4,5,"4,0",4,"0,0144","1,1883","-98,7911",5,348.052,677,569.718,"100,00%","100,00%","80,00%","100,00%","100,00%","0,1300","0,1300","0,1600","0,2700","0,2700","1,0000",96%,1,Level 3
jul 25,COMMERCIAL CLIENT SOLUTIONS,CHANNELS & PROCESSES,GLOBAL CHANNELS,348,INFRAESTRUCTURA MULTICANAL ALPHA,20,20,20,20,0,0,"5,0",5,"0,0000","0,0000","0,0000",0,138.126,0,132.223,"100,00%","100,00%",-,"100,00%","100,00%","0,1300","0,1300",-,"0,2700","0,2700","0,8000",100%,1,Level 3
jul 25,COMMERCIAL CLIENT SOLUTIONS,CHANNELS & PROCESSES,GLOBAL CHANNELS,4779,GLOBAL CHANNELS,2,2,1,1,0,0,"2,0",2,"0,0000","0,0000","0,0000",0,23.005,0,18.169,"100,00%","100,00%",-,"100,00%","100,00%","0,1300","0,1300",-,"0,2700","0,2700","0,8000",100%,1,Level 3
jul 25,COMMERCIAL CLIENT SOLUTIONS,CHANNELS & PROCESSES,SERVICING & CLIENT EXPERIENCE TRANSFORMATION,4358,PIVOT IMPLEMENTATION,1,1,1,1,1,1,"1,0",1,"0,0000","0,0000","0,0000",0,233.419,0,244.177,"100,00%","100,00%","100,00%","100,00%","100,00%","0,1300","0,1300","0,2000","0,2700","0,2700","1,0000",100%,1,Level 3
jul 25,COMMERCIAL CLIENT SOLUTIONS,CHANNELS & PROCESSES,SERVICING & CLIENT EXPERIENCE TRANSFORMATION,7210,PRODUCTIVIDAD Y DEVOPS,0,0,1,1,0,0,"0,0",1,"0,0000","0,0000","0,0000",0,10.938,0,33.206,-,"100,00%",-,"0,00%","100,00%",-,"0,1300",-,"0,0000","0,2700","0,6700",60%,0,Not certified
jul 25,COMMERCIAL CLIENT SOLUTIONS,SUSTAINABILITY RELATIONSHIP MODELS & SPARK,BBVA SPARK,7429,HERRAMIENTAS SPARK,0,0,2,2,0,0,"2,0",2,"0,0000","0,0000","0,0000",0,45.829,0,44.630,-,"100,00%",-,"100,00%","100,00%",-,"0,1300",-,"0,2700","0,2700","0,6700",100%,1,Level 3
jul 25,COMMERCIAL CLIENT SOLUTIONS,SUSTAINABILITY RELATIONSHIP MODELS & SPARK,RELATIONSHIP MODELS,259,SERVICE BANKERS'S TOOLS - DWP,1,1,1,1,0,0,"0,0",2,"0,0019","0,0019","-0,0015",2,1.033.750,2,1.033.734,"100,00%","100,00%",-,"0,00%","100,00%","0,1300","0,1300",-,"0,0000","0,2700","0,8000",66%,0,Not certified
jul 25,COMMERCIAL CLIENT SOLUTIONS,SUSTAINABILITY RELATIONSHIP MODELS & SPARK,RELATIONSHIP MODELS,4961,GESTOR DE INTERVINIENTES,1,1,1,1,0,0,"1,0",1,"-99,0000","-99,0000","0,0000",0,0,0,0,"100,00%","100,00%",-,"100,00%",-,"0,1300","0,1300",-,"0,2700",-,"0,5300",100%,1,Level 3
jul 25,COMMERCIAL CLIENT SOLUTIONS,SUSTAINABILITY RELATIONSHIP MODELS & SPARK,RELATIONSHIP MODELS,6335,INTERNATIONAL CROSSBORDER COORDINATION TOOL,1,1,1,1,0,0,"0,0",1,"0,0000","1,4629","-100,0000",0,292.003,484,330.840,"100,00%","100,00%",-,"0,00%","100,00%","0,1300","0,1300",-,"0,0000","0,2700","0,8000",66%,0,Not certified
jul 25,COMMERCIAL CLIENT SOLUTIONS,SUSTAINABILITY RELATIONSHIP MODELS & SPARK,RELATIONSHIP MODELS,7875,SALES SALESFORCE - CCS,1,0,1,2,0,0,"0,0",0,"-99,0000","-99,0000","0,0000",0,0,0,0,"0,00%","50,00%",-,-,-,"0,0000","0,0650",-,-,-,"0,2600",25%,0,Not certified
jul 25,COMMERCIAL CLIENT SOLUTIONS,SUSTAINABILITY RELATIONSHIP MODELS & SPARK,SUSTAINABILITY,7721,SUSTAINABILITY - COMMERCIAL,0,0,1,1,0,0,"2,0",2,"0,0000","0,0000","0,0000",0,272.136,0,260.721,-,"100,00%",-,"100,00%","100,00%",-,"0,1300",-,"0,2700","0,2700","0,6700",100%,1,Level 3
jul 25,COMMERCIAL CLIENT SOLUTIONS,VALUE PROPOSITION,DOMESTIC TREASURY MANAGEMENT,349,PLATAFORMA ETPB,0,0,1,1,1,1,"1,0",1,"0,0000","0,0000","0,0000",0,1.132.550,0,1.093.897,-,"100,00%","100,00%","100,00%","100,00%",-,"0,1300","0,2000","0,2700","0,2700","0,8700",100%,1,Level 3
jul 25,COMMERCIAL CLIENT SOLUTIONS,VALUE PROPOSITION,HIGH VALUE SOLUTIONS,98,FINANCIACIÓN ESPECIALIZADA,0,0,1,1,0,0,"0,0",1,"0,0000","0,0000","0,0000",0,12.930,0,2.154,-,"100,00%",-,"0,00%","100,00%",-,"0,1300",-,"0,0000","0,2700","0,6700",60%,0,Not certified
jul 25,COMMERCIAL CLIENT SOLUTIONS,VALUE PROPOSITION,HIGH VALUE SOLUTIONS,7699,TRADE FINANCE,1,1,1,1,0,0,"1,0",1,"0,0000","0,0000","0,0000",0,6.694,0,6.750,"100,00%","100,00%",-,"100,00%","100,00%","0,1300","0,1300",-,"0,2700","0,2700","0,8000",100%,1,Level 3
jul 25,COMMERCIAL CLIENT SOLUTIONS,VALUE PROPOSITION,INTERNATIONAL TREASURY MANAGEMENT,345,PIVOT CONNECT,2,2,2,2,30,31,"2,0",2,"0,0000","0,0000","0,0000",0,840.761,0,622.600,"100,00%","100,00%","96,77%","100,00%","100,00%","0,1300","0,1300","0,1935","0,2700","0,2700","1,0000",99%,1,Level 3
jul 25,COMMERCIAL CLIENT SOLUTIONS,VALUE PROPOSITION,INTERNATIONAL TREASURY MANAGEMENT,7135,Pivot Data,0,0,1,1,0,0,"0,0",0,"0,0000","-99,0000","0,0000",0,252,0,0,-,"100,00%",-,-,"100,00%",-,"0,1300",-,-,"0,2700","0,4000",100%,1,Level 3
jul 25,COMMERCIAL CLIENT SOLUTIONS,VALUE PROPOSITION,LIQUIDITY MANAGEMENT,345,PIVOT CONNECT,2,2,2,2,3,3,"2,0",2,"0,0000","0,0000","0,0000",0,863.095,0,826.944,"100,00%","100,00%","100,00%","100,00%","100,00%","0,1300","0,1300","0,2000","0,2700","0,2700","1,0000",100%,1,Level 3
jul 25,COMMERCIAL CLIENT SOLUTIONS,VALUE PROPOSITION,VAM SCF CARDS,346,PIVOT - COMMERCIAL CARD,1,1,1,1,4,4,"1,0",1,"0,0000","0,0000","0,0000",0,733.522,0,715.350,"100,00%","100,00%","100,00%","100,00%","100,00%","0,1300","0,1300","0,2000","0,2700","0,2700","1,0000",100%,1,Level 3
jul 25,COMMERCIAL CLIENT SOLUTIONS,VALUE PROPOSITION,VAM SCF CARDS,347,PIVOT - GLOBAL SUPPLY CHAIN FINANCE,1,1,0,0,0,0,"1,0",1,"0,0000","0,0000","0,0000",0,9.125,0,9.125,"100,00%",-,-,"100,00%","100,00%","0,1300",-,-,"0,2700","0,2700","0,6700",100%,1,Level 3
jul 25,COMMERCIAL CLIENT SOLUTIONS,VALUE PROPOSITION,VAM SCF CARDS,6141,PIVOT - VIRTUAL ACCOUNTS,1,1,1,1,0,0,"1,0",1,"0,0000","0,0000","0,0000",0,57.959,0,57.637,"100,00%","100,00%",-,"100,00%","100,00%","0,1300","0,1300",-,"0,2700","0,2700","0,8000",100%,1,Level 3
jul 25,COMMERCIAL CLIENT SOLUTIONS,VALUE PROPOSITION,VAM SCF CARDS,7423,GLOBAL SCF (LOCAL MULTICOUNTRY),0,0,1,1,0,0,"1,0",1,"0,0000","0,0000","0,0000",0,2.674,0,263,-,"100,00%",-,"100,00%","100,00%",-,"0,1300",-,"0,2700","0,2700","0,6700",100%,1,Level 3
jul 25,COMMERCIAL CLIENT SOLUTIONS,VALUE PROPOSITION,VAM SCF CARDS,7424,BBVA CONNECTA,0,0,1,1,0,0,"1,0",1,"0,0000","0,0000","0,0000",0,6.122,0,5.261,-,"100,00%",-,"100,00%","100,00%",-,"0,1300",-,"0,2700","0,2700","0,6700",100%,1,Level 3
jul 25,DATA ENGINEERING,DATA ENGINEERING,DATA HUB,400,CS INGESTAS,2,2,4,4,89,97,"3,5",4,"0,0000","0,0000","0,0000",0,107.372,0,123.350,"100,00%","100,00%","91,75%","87,50%","100,00%","0,1300","0,1300","0,1835","0,2363","0,2700","1,0000",95%,1,Level 3
jul 25,DATA ENGINEERING,DATA ENGINEERING,DATA HUB,401,HERRAMIENTAS DATA,7,7,6,7,17,21,"5,0",7,"0,0668","0,1156","-42,1987",264,3.949.486,459,3.969.051,"100,00%","85,71%","80,95%","71,43%","100,00%","0,1300","0,1114","0,1619","0,1929","0,2700","1,0000",87%,1,Level 2
jul 25,DATA ENGINEERING,DATA ENGINEERING,DATA HUB,402,"T&C, CROSS Y ENGINEERING INGESTAS",1,1,1,1,155,156,"0,0",1,"0,0000","0,0000","0,0000",0,470.344,0,470.666,"100,00%","100,00%","99,36%","0,00%","100,00%","0,1300","0,1300","0,1987","0,0000","0,2700","1,0000",73%,1,Level 1
jul 25,DATA ENGINEERING,DATA ENGINEERING,DATA HUB,403,VISUAL CLIENT,1,1,1,1,0,0,"0,0",0,"0,0000","0,0000","0,0000",0,135.612,0,135.612,"100,00%","100,00%",-,-,"100,00%","0,1300","0,1300",-,-,"0,2700","0,5300",100%,1,Level 3
jul 25,DATA ENGINEERING,DATA ENGINEERING,DATA HUB,404,DE PLATAFORMA INFORMACIONAL HOLDING (HIS Y MAESTROS),1,1,1,1,6,6,"0,0",0,"0,0000","0,0000","0,0000",0,113.017,0,113.017,"100,00%","100,00%","100,00%",-,"100,00%","0,1300","0,1300","0,2000",-,"0,2700","0,7300",100%,1,Level 3
jul 25,DATA ENGINEERING,DATA ENGINEERING,DATA HUB,405,DATAHUB R&F,3,3,1,3,207,246,"2,0",3,"0,0000","0,0000","0,0000",0,259.628,0,264.943,"100,00%","33,33%","84,15%","66,67%","100,00%","0,1300","0,0433","0,1683","0,1800","0,2700","1,0000",79%,1,Level 1
jul 25,DATA ENGINEERING,DATA ENGINEERING,DATA HUB,406,GDH ALPHA,1,1,1,1,10,10,"0,0",1,"0,0000","0,0000","0,0000",0,871.458,0,952.528,"100,00%","100,00%","100,00%","0,00%","100,00%","0,1300","0,1300","0,2000","0,0000","0,2700","1,0000",73%,1,Level 1
jul 25,DATA ENGINEERING,DATA ENGINEERING,DATA HUB,5504,DQ HOLDING,1,1,1,1,0,0,"0,0",1,"0,0000","0,0000","0,0000",0,5.002,0,5.002,"100,00%","100,00%",-,"0,00%","100,00%","0,1300","0,1300",-,"0,0000","0,2700","0,8000",66%,0,Not certified
jul 25,DATA ENGINEERING,DATA ENGINEERING,DATA HUB,6136,DEVOPS - CI/CD,1,1,0,1,0,0,"0,0",1,"0,0000","0,0000","0,0000",0,64.536,0,64.408,"100,00%","0,00%",-,"0,00%","100,00%","0,1300","0,0000",-,"0,0000","0,2700","0,8000",50%,0,Not certified
jul 25,ESPAÑA,DATA ENGINEERING,DATA HUB,392,TERADATA SYSTEMS,1,1,1,1,3,3,"0,0",1,"0,0994","0,1001","-0,7785",123,1.238.041,123,1.228.403,"100,00%","100,00%","100,00%","0,00%","75,00%","0,1300","0,1300","0,2000","0,0000","0,2025","1,0000",66%,0,Not certified
jul 25,ESPAÑA,DATA ENGINEERING,DATA HUB,5709,Riesgos & Finanzas,3,2,2,3,55,55,"2,0",3,"0,0000","0,0000","0,0000",0,165.716,0,157.512,"66,67%","66,67%","100,00%","66,67%","100,00%","0,0867","0,0867","0,2000","0,1800","0,2700","1,0000",82%,1,Level 2
jul 25,ESPAÑA,DATA ENGINEERING,DATA HUB,5710,Cs & Sostenibilidad,4,4,4,4,67,68,"4,0",4,"0,0000","0,0000","0,0000",0,321.618,0,448.304,"100,00%","100,00%","98,53%","100,00%","100,00%","0,1300","0,1300","0,1971","0,2700","0,2700","1,0000",100%,1,Level 3
jul 25,ESPAÑA,DATA ENGINEERING,DATA HUB,5711,Cross System,1,1,1,1,7,8,"0,0",1,"0,0000","0,0000","0,0000",0,202.828,0,199.819,"100,00%","100,00%","87,50%","0,00%","100,00%","0,1300","0,1300","0,1750","0,0000","0,2700","1,0000",71%,1,Level 1
jul 25,ESPAÑA,DATA ENGINEERING,Data Modelling,5713,SDM,2,2,2,2,70,72,"0,0",2,"0,0000","0,0000","0,0000",0,397.311,0,396.369,"100,00%","100,00%","97,22%","0,00%","100,00%","0,1300","0,1300","0,1944","0,0000","0,2700","1,0000",72%,1,Level 1
jul 25,ESPAÑA,SYSTEMS ENGINEERING,ALPHA,52,CLIENTS REGULATORY COMPLIANCE,3,3,3,3,10,11,"3,0",3,"0,0000","0,0000","0,0000",0,764.681,0,764.243,"100,00%","100,00%","90,91%","100,00%","100,00%","0,1300","0,1300","0,1818","0,2700","0,2700","1,0000",98%,1,Level 3
jul 25,ESPAÑA,SYSTEMS ENGINEERING,ALPHA,71,BACKEND,3,3,3,3,20,20,"0,0",2,"0,0026","0,0026","0,4653",4,1.543.402,4,1.550.583,"100,00%","100,00%","100,00%","0,00%","100,00%","0,1300","0,1300","0,2000","0,0000","0,2700","1,0000",73%,1,Level 1
jul 25,ESPAÑA,SYSTEMS ENGINEERING,ALPHA,157,CLIENTS,3,3,2,3,10,12,"3,0",3,"0,0000","0,0000","0,0000",0,70.602,0,70.602,"100,00%","66,67%","83,33%","100,00%","100,00%","0,1300","0,0867","0,1667","0,2700","0,2700","1,0000",92%,1,Level 3
jul 25,ESPAÑA,SYSTEMS ENGINEERING,ALPHA,431,ALPHA CORE PLATFORM,3,3,2,2,5,5,"2,0",2,"0,0000","0,0000","0,0000",0,58.679,0,57.674,"100,00%","100,00%","100,00%","100,00%","100,00%","0,1300","0,1300","0,2000","0,2700","0,2700","1,0000",100%,1,Level 3
jul 25,ESPAÑA,SYSTEMS ENGINEERING,CONSUMER FINANCE SYSTEMS,53,CONSUMER FINANCE,1,1,1,1,3,3,"1,0",1,"0,1889","0,1875","0,7809",216,1.143.323,216,1.152.251,"100,00%","100,00%","100,00%","100,00%","25,00%","0,1300","0,1300","0,2000","0,2700","0,0675","1,0000",80%,1,Level 1
jul 25,ESPAÑA,SYSTEMS ENGINEERING,CONSUMER FINANCE SYSTEMS,266,CONSUMER FINANCE CHANNEL,4,3,4,4,6,6,"3,0",4,"0,0619","0,0622","-0,3775",134,2.163.393,134,2.155.227,"75,00%","100,00%","100,00%","75,00%","75,00%","0,0975","0,1300","0,2000","0,2025","0,2025","1,0000",83%,1,Level 2
jul 25,ESPAÑA,SYSTEMS ENGINEERING,CONSUMER FINANCE SYSTEMS,267,COBRANDED,4,4,2,4,4,4,"3,0",4,"0,0524","0,0520","0,7663",97,1.852.094,96,1.847.046,"100,00%","50,00%","100,00%","75,00%","25,00%","0,1300","0,0650","0,2000","0,2025","0,0675","1,0000",67%,0,Not certified
jul 25,ESPAÑA,SYSTEMS ENGINEERING,CONSUMER FINANCE SYSTEMS,268,RED DE AGENTES,1,1,1,1,3,3,"1,0",1,"0,0000","0,0000","0,0000",0,1.020.635,0,1.016.615,"100,00%","100,00%","100,00%","100,00%","100,00%","0,1300","0,1300","0,2000","0,2700","0,2700","1,0000",100%,1,Level 3
jul 25,ESPAÑA,SYSTEMS ENGINEERING,CORE BANKING PRODUCTS,425,"VALORES, FONDOS INTERNACIONALES, DEPOSITARÍA Y ACCIONISTAS",13,13,12,12,18,18,"7,5",11,"0,0839","0,0840","-0,1072",269,3.205.409,269,3.201.973,"100,00%","100,00%","100,00%","68,18%","75,00%","0,1300","0,1300","0,2000","0,1841","0,2025","1,0000",85%,1,Level 2
jul 25,ESPAÑA,SYSTEMS ENGINEERING,CORE BANKING PRODUCTS,428,VENTA DE CARTERAS,1,1,1,1,1,1,"1,0",1,"0,0000","0,0000","0,0000",0,244.495,0,244.118,"100,00%","100,00%","100,00%","100,00%","100,00%","0,1300","0,1300","0,2000","0,2700","0,2700","1,0000",100%,1,Level 3
jul 25,ESPAÑA,SYSTEMS ENGINEERING,CORE BANKING PRODUCTS,430,FINANCIACIÓN,9,9,9,9,17,18,"8,0",9,"0,0008","0,0007","2,9093",1,1.296.325,1,1.334.039,"100,00%","100,00%","94,44%","88,89%","100,00%","0,1300","0,1300","0,1889","0,2400","0,2700","1,0000",96%,1,Level 3
jul 25,ESPAÑA,SYSTEMS ENGINEERING,CORE CROSS SYSTEMS,128,CCS PRICING,4,4,4,4,0,0,"3,0",3,"0,0000","0,0000","0,0000",0,203.073,0,201.307,"100,00%","100,00%",-,"100,00%","100,00%","0,1300","0,1300",-,"0,2700","0,2700","0,8000",100%,1,Level 3
jul 25,ESPAÑA,SYSTEMS ENGINEERING,CORE CROSS SYSTEMS,129,TRANSFORMACIÓN DE OPERACIONES,8,8,8,8,1,2,"5,0",7,"0,0502","0,1205","-58,3714",157,3.130.573,482,4.000.946,"100,00%","100,00%","50,00%","71,43%","100,00%","0,1300","0,1300","0,1000","0,1929","0,2700","1,0000",82%,1,Level 2
jul 25,ESPAÑA,SYSTEMS ENGINEERING,CORE CROSS SYSTEMS,130,INFRAESTRUCTURA OPERACIONAL,4,4,4,4,14,15,"2,5",4,"0,0000","0,0000","0,0000",0,300.038,0,301.233,"100,00%","100,00%","93,33%","62,50%","100,00%","0,1300","0,1300","0,1867","0,1688","0,2700","1,0000",89%,1,Level 2
jul 25,ESPAÑA,SYSTEMS ENGINEERING,CORE CROSS SYSTEMS,131,CONTRATACIÓN,4,3,4,4,14,19,"4,0",4,"0,0114","0,0108","6,0824",71,6.210.757,75,6.959.707,"75,00%","100,00%","73,68%","100,00%","25,00%","0,0975","0,1300","0,1474","0,2700","0,0675","1,0000",71%,1,Level 1
jul 25,ESPAÑA,SYSTEMS ENGINEERING,CORE CROSS SYSTEMS,132,"DOC, TTGG, LIQUIDACIÓN",3,3,3,3,5,5,"1,0",2,"0,0000","0,0000","0,0000",0,339.729,0,339.729,"100,00%","100,00%","100,00%","50,00%","100,00%","0,1300","0,1300","0,2000","0,1350","0,2700","1,0000",87%,1,Level 2
jul 25,ESPAÑA,SYSTEMS ENGINEERING,CORE CROSS SYSTEMS,133,MODELO DE DIRECCIÓN Y GESTIÓN,5,5,5,5,3,3,"4,0",4,"0,0000","0,0000","0,0000",0,39.849,0,39.849,"100,00%","100,00%","100,00%","100,00%","100,00%","0,1300","0,1300","0,2000","0,2700","0,2700","1,0000",100%,1,Level 3
jul 25,ESPAÑA,SYSTEMS ENGINEERING,CORPORATE FUNCTIONS SYSTEMS,4,RIESGOS DE CRÉDITO,8,8,6,6,15,15,"9,0",9,"0,0000","0,0015","-100,0000",0,2.753.839,4,2.654.464,"100,00%","100,00%","100,00%","100,00%","100,00%","0,1300","0,1300","0,2000","0,2700","0,2700","1,0000",100%,1,Level 3
jul 25,ESPAÑA,SYSTEMS ENGINEERING,CORPORATE FUNCTIONS SYSTEMS,319,GESTIÓN RECUPERATORIA Y CONTROL INTERNO,3,3,3,3,0,0,"2,0",3,"0,0000","0,0000","0,0000",0,774.229,0,774.229,"100,00%","100,00%",-,"66,67%","100,00%","0,1300","0,1300",-,"0,1800","0,2700","0,8000",89%,1,Level 2
jul 25,ESPAÑA,SYSTEMS ENGINEERING,CORPORATE FUNCTIONS SYSTEMS,320,T&C Y COMUNICACIONES,4,4,1,1,1,1,"4,0",4,"0,4778","0,4701","1,6445",1.649,3.451.299,1.649,3.508.056,"100,00%","100,00%","100,00%","100,00%","25,00%","0,1300","0,1300","0,2000","0,2700","0,0675","1,0000",80%,1,Level 1
jul 25,ESPAÑA,SYSTEMS ENGINEERING,CORPORATE FUNCTIONS SYSTEMS,321,REPORTING NORMATIVO,6,6,6,6,0,0,"5,0",7,"0,0000","0,0000","0,0000",0,6.843.345,0,6.832.890,"100,00%","100,00%",-,"71,43%","100,00%","0,1300","0,1300",-,"0,1929","0,2700","0,8000",90%,1,Level 3
jul 25,ESPAÑA,SYSTEMS ENGINEERING,CORPORATE FUNCTIONS SYSTEMS,322,IMPAGO Y COBERTURAS,8,8,7,7,7,8,"7,0",7,"0,0437","0,0316","38,3199",50,1.143.003,50,1.581.001,"100,00%","100,00%","87,50%","100,00%","0,00%","0,1300","0,1300","0,1750","0,2700","0,0000","1,0000",71%,1,Level 1
jul 25,ESPAÑA,SYSTEMS ENGINEERING,CORPORATE FUNCTIONS SYSTEMS,323,CONTABILIDAD Y REAL ESTATE,4,4,4,4,3,3,"4,0",4,"0,0452","0,0687","-34,2383",54,1.195.048,82,1.193.379,"100,00%","100,00%","100,00%","100,00%","100,00%","0,1300","0,1300","0,2000","0,2700","0,2700","1,0000",100%,1,Level 3
jul 25,ESPAÑA,SYSTEMS ENGINEERING,CORPORATE FUNCTIONS SYSTEMS,324,SSJJ Y OTROS,4,3,2,3,1,1,"2,0",2,"0,0000","0,0000","0,0000",0,261.413,0,260.798,"75,00%","66,67%","100,00%","100,00%","100,00%","0,0975","0,0867","0,2000","0,2700","0,2700","1,0000",92%,1,Level 3
jul 25,ESPAÑA,SYSTEMS ENGINEERING,DEVOPS & SWDEV TRANSFORMATION,4328,DEVOPS - DEVTOOLS CI/CD - ESPAÑA,0,0,0,0,0,0,"0,0",0,"-99,0000","-99,0000","0,0000",0,0,0,0,-,-,-,-,-,-,-,-,-,-,"0,0000",No tiene el mínimo para calcular indicadores,-,-
jul 25,ESPAÑA,SYSTEMS ENGINEERING,ENTERPRISE CLIENTS SYSTEMS,96,ENTERPRISE CLIENTS OPERATIONS,10,9,9,10,13,23,"5,0",8,"0,0162","0,0252","-35,8408",59,3.652.667,92,3.654.308,"90,00%","90,00%","56,52%","62,50%","100,00%","0,1170","0,1170","0,1130","0,1688","0,2700","1,0000",79%,1,Level 1
jul 25,ESPAÑA,SYSTEMS ENGINEERING,ENTERPRISE CLIENTS SYSTEMS,98,FINANCIACIÓN ESPECIALIZADA,4,4,4,4,9,14,"3,5",4,"0,0466","0,0466","-0,0044",82,1.757.853,82,1.757.776,"100,00%","100,00%","64,29%","87,50%","75,00%","0,1300","0,1300","0,1286","0,2363","0,2025","1,0000",83%,1,Level 2
jul 25,ESPAÑA,SYSTEMS ENGINEERING,ENTERPRISE CLIENTS SYSTEMS,100,ENTERPRISES CHANNEL,4,4,4,4,21,26,"3,0",4,"0,0965","0,1181","-18,3242",1.858,19.257.455,2.396,20.283.062,"100,00%","100,00%","80,77%","75,00%","100,00%","0,1300","0,1300","0,1615","0,2025","0,2700","1,0000",89%,1,Level 2
jul 25,ESPAÑA,SYSTEMS ENGINEERING,ENTERPRISE CLIENTS SYSTEMS,4739,ENTERPRISE MXM,2,2,2,2,9,9,"2,0",2,"0,0017","0,0029","-41,9181",1,596.831,1,346.651,"100,00%","100,00%","100,00%","100,00%","100,00%","0,1300","0,1300","0,2000","0,2700","0,2700","1,0000",100%,1,Level 3
jul 25,ESPAÑA,SYSTEMS ENGINEERING,ENTERPRISE CLIENTS SYSTEMS,5938,COMEX,2,2,2,2,1,1,"2,0",2,"0,0168","0,0168","0,0445",33,1.959.263,33,1.960.135,"100,00%","100,00%","100,00%","100,00%","25,00%","0,1300","0,1300","0,2000","0,2700","0,0675","1,0000",80%,1,Level 1
jul 25,ESPAÑA,SYSTEMS ENGINEERING,ENTERPRISE CLIENTS SYSTEMS,6169,ENTERPRISE MOBILE CHANNEL,2,2,2,2,16,18,"0,0",2,"0,0000","0,0000","0,0000",0,4.405.586,0,4.405.003,"100,00%","100,00%","88,89%","0,00%","100,00%","0,1300","0,1300","0,1778","0,0000","0,2700","1,0000",71%,1,Level 1
jul 25,ESPAÑA,SYSTEMS ENGINEERING,INSURANCE AND ASSET MANAGEMENT SYSTEMS,300,INSURANCE - POSTVENTA,2,2,2,2,1,2,"1,5",2,"0,0000","0,0000","0,0000",0,19.918,0,19.930,"100,00%","100,00%","50,00%","75,00%","100,00%","0,1300","0,1300","0,1000","0,2025","0,2700","1,0000",83%,1,Level 2
jul 25,ESPAÑA,SYSTEMS ENGINEERING,INSURANCE AND ASSET MANAGEMENT SYSTEMS,301,INSURANCE - AHORRO Y PREVISIÓN,5,5,5,5,5,5,"4,0",4,"0,0000","0,0000","0,0000",0,34.375.163,0,40.958.633,"100,00%","100,00%","100,00%","100,00%","100,00%","0,1300","0,1300","0,2000","0,2700","0,2700","1,0000",100%,1,Level 3
jul 25,ESPAÑA,SYSTEMS ENGINEERING,INSURANCE AND ASSET MANAGEMENT SYSTEMS,302,INSURANCE - FINANCIERO ACTUARIAL,4,4,3,3,0,0,"4,0",4,"0,0000","0,0000","0,0000",0,29.483,0,28.995,"100,00%","100,00%",-,"100,00%","100,00%","0,1300","0,1300",-,"0,2700","0,2700","0,8000",100%,1,Level 3
jul 25,ESPAÑA,SYSTEMS ENGINEERING,INSURANCE AND ASSET MANAGEMENT SYSTEMS,303,INSURANCE - DISTRIBUCIÓN,1,1,1,1,6,6,"1,0",1,"0,0000","0,0000","0,0000",0,8.180.814,0,8.180.415,"100,00%","100,00%","100,00%","100,00%","100,00%","0,1300","0,1300","0,2000","0,2700","0,2700","1,0000",100%,1,Level 3
jul 25,ESPAÑA,SYSTEMS ENGINEERING,INSURANCE AND ASSET MANAGEMENT SYSTEMS,304,INSURANCE - BACKOFFICE Y DATA,3,3,3,3,1,1,"1,5",2,"0,0000","0,0000","0,0000",0,3.135.536,0,3.120.615,"100,00%","100,00%","100,00%","75,00%","100,00%","0,1300","0,1300","0,2000","0,2025","0,2700","1,0000",93%,1,Level 3
jul 25,ESPAÑA,SYSTEMS ENGINEERING,INSURANCE AND ASSET MANAGEMENT SYSTEMS,307,ASSET MANAGEMENT - MIDDLE OFFICE,4,4,2,2,2,2,"3,0",4,"0,0000","0,0000","0,0000",0,314.375,0,314.375,"100,00%","100,00%","100,00%","75,00%","100,00%","0,1300","0,1300","0,2000","0,2025","0,2700","1,0000",93%,1,Level 3
jul 25,ESPAÑA,SYSTEMS ENGINEERING,INSURANCE AND ASSET MANAGEMENT SYSTEMS,308,ASSET MANAGEMENT - INFORMACIONAL & WEBS,5,5,5,5,5,5,"3,0",5,"0,2364","0,2349","0,6348",2.294,9.703.641,2.291,9.752.467,"100,00%","100,00%","100,00%","60,00%","0,00%","0,1300","0,1300","0,2000","0,1620","0,0000","1,0000",62%,0,Not certified
jul 25,ESPAÑA,SYSTEMS ENGINEERING,INSURANCE AND ASSET MANAGEMENT SYSTEMS,310,ASSET MANAGEMENT - FRONT OFFICE,3,3,3,3,1,1,"2,0",3,"0,0037","0,0037","0,0000",8,2.175.056,8,2.175.056,"100,00%","100,00%","100,00%","66,67%","100,00%","0,1300","0,1300","0,2000","0,1800","0,2700","1,0000",91%,1,Level 3
jul 25,ESPAÑA,SYSTEMS ENGINEERING,INSURANCE AND ASSET MANAGEMENT SYSTEMS,4154,ASSET MANAGEMENT - BACKOFFICE Y FONDOS DE INVERSIÓN,3,3,1,1,10,10,"0,5",2,"0,2943","0,3041","-3,2211",431,1.464.313,471,1.548.668,"100,00%","100,00%","100,00%","25,00%","0,00%","0,1300","0,1300","0,2000","0,0675","0,0000","1,0000",53%,0,Not certified
jul 25,ESPAÑA,SYSTEMS ENGINEERING,INSURANCE AND ASSET MANAGEMENT SYSTEMS,4301,ASSET MANAGEMENT - FONDOS Y PLANES DE PENSIONES,1,1,1,1,14,14,"0,0",1,"0,0000","0,0000","0,0000",0,111.169,0,110.902,"100,00%","100,00%","100,00%","0,00%","100,00%","0,1300","0,1300","0,2000","0,0000","0,2700","1,0000",73%,1,Level 1
jul 25,ESPAÑA,SYSTEMS ENGINEERING,PASIVO / PAYMENT SYSTEMS,426,MMPP,12,12,10,10,15,15,"8,0",11,"0,0584","0,0587","-0,5193",139,2.379.021,139,2.366.666,"100,00%","100,00%","100,00%","72,73%","75,00%","0,1300","0,1300","0,2000","0,1964","0,2025","1,0000",86%,1,Level 2
jul 25,ESPAÑA,SYSTEMS ENGINEERING,PASIVO / PAYMENT SYSTEMS,427,PASIVO,10,10,10,10,14,15,"7,0",8,"0,0000","0,0000","0,0000",0,2.751.835,0,2.726.385,"100,00%","100,00%","93,33%","87,50%","100,00%","0,1300","0,1300","0,1867","0,2363","0,2700","1,0000",95%,1,Level 3
jul 25,ESPAÑA,SYSTEMS ENGINEERING,PASIVO / PAYMENT SYSTEMS,429,SERVICIOS BANCARIOS (COBROS Y PAGOS),14,14,13,14,30,30,"9,0",14,"0,2372","0,2411","-1,6239",392,1.652.847,392,1.626.006,"100,00%","92,86%","100,00%","64,29%","0,00%","0,1300","0,1207","0,2000","0,1736","0,0000","1,0000",62%,0,Not certified
jul 25,ESPAÑA,SYSTEMS ENGINEERING,RETAIL CUSTOMERS SYSTEMS,79,MOBILE CHANNEL,3,3,3,3,38,38,"2,0",3,"0,0000","0,0000","0,0000",0,1.094.943,0,1.089.739,"100,00%","100,00%","100,00%","66,67%","100,00%","0,1300","0,1300","0,2000","0,1800","0,2700","1,0000",91%,1,Level 3
jul 25,ESPAÑA,SYSTEMS ENGINEERING,RETAIL CUSTOMERS SYSTEMS,89,ATM,2,2,2,2,2,2,"0,0",1,"0,0000","0,0000","0,0000",0,2.223.030,0,2.222.405,"100,00%","100,00%","100,00%","0,00%","100,00%","0,1300","0,1300","0,2000","0,0000","0,2700","1,0000",73%,1,Level 1
jul 25,ESPAÑA,SYSTEMS ENGINEERING,RETAIL CUSTOMERS SYSTEMS,93,WEB CHANNEL,5,5,5,5,18,19,"4,0",5,"0,0910","0,0911","-0,0433",367,4.031.195,367,4.029.450,"100,00%","100,00%","94,74%","80,00%","75,00%","0,1300","0,1300","0,1895","0,2160","0,2025","1,0000",87%,1,Level 2
jul 25,ESPAÑA,SYSTEMS ENGINEERING,RETAIL CUSTOMERS SYSTEMS,181,CONTACT CENTER,5,5,4,4,16,16,"5,0",5,"0,0258","0,0258","0,0145",90,3.482.535,90,3.483.041,"100,00%","100,00%","100,00%","100,00%","25,00%","0,1300","0,1300","0,2000","0,2700","0,0675","1,0000",80%,1,Level 1
jul 25,ESPAÑA,SYSTEMS ENGINEERING,RETAIL CUSTOMERS SYSTEMS,281,PRIVATE BANKING,6,4,6,6,0,0,"5,0",6,"0,0000","0,0000","0,0000",0,209.633,0,208.375,"66,67%","100,00%",-,"83,33%","100,00%","0,0867","0,1300",-,"0,2250","0,2700","0,8000",89%,1,Level 2
jul 25,ESPAÑA,SYSTEMS ENGINEERING,RETAIL CUSTOMERS SYSTEMS,327,RETAIL DIGITAL SERVICES,12,12,12,12,0,0,"11,0",11,"0,0000","0,0000","0,0000",0,947.576,0,942.136,"100,00%","100,00%",-,"100,00%","100,00%","0,1300","0,1300",-,"0,2700","0,2700","0,8000",100%,1,Level 3
jul 25,ESPAÑA,SYSTEMS ENGINEERING,RETAIL CUSTOMERS SYSTEMS,328,BRANCH CHANNEL,7,7,4,4,15,15,"1,5",6,"0,0040","0,0099","-59,3424",98,24.341.908,239,24.136.137,"100,00%","100,00%","100,00%","25,00%","100,00%","0,1300","0,1300","0,2000","0,0675","0,2700","1,0000",80%,1,Level 1
jul 25,ESPAÑA,SYSTEMS ENGINEERING,RETAIL CUSTOMERS SYSTEMS,329,OPEN BANKING,1,1,1,1,1,1,"1,0",1,"0,0000","0,0000","0,0000",0,6.843,0,6.843,"100,00%","100,00%","100,00%","100,00%","100,00%","0,1300","0,1300","0,2000","0,2700","0,2700","1,0000",100%,1,Level 3
jul 25,ESPAÑA,SYSTEMS ENGINEERING,RETAIL CUSTOMERS SYSTEMS,330,OPERATIONAL CRM,6,6,4,4,5,5,"5,0",5,"0,0139","0,0335","-58,3985",13,932.628,29,865.511,"100,00%","100,00%","100,00%","100,00%","100,00%","0,1300","0,1300","0,2000","0,2700","0,2700","1,0000",100%,1,Level 3
jul 25,ESPAÑA,SYSTEMS ENGINEERING,RETAIL CUSTOMERS SYSTEMS,331,DIGITAL MARKETING,2,2,0,0,3,3,"1,0",2,"0,0000","0,0000","0,0000",0,124.812,0,128.269,"100,00%",-,"100,00%","50,00%","100,00%","0,1300",-,"0,2000","0,1350","0,2700","0,8700",84%,1,Level 2
jul 25,GSD,GSD,ALPHA,4621,CATÁLOGOS,0,0,2,2,0,0,"2,0",2,"0,0000","0,0000","0,0000",0,237.562,0,235.696,-,"100,00%",-,"100,00%","100,00%",-,"0,1300",-,"0,2700","0,2700","0,6700",100%,1,Level 3
jul 25,GSD,GSD,ALPHA,4622,FIRMA,0,0,1,1,0,0,"0,0",1,"0,0000","0,0000","0,0000",0,66.803,0,66.568,-,"100,00%",-,"0,00%","100,00%",-,"0,1300",-,"0,0000","0,2700","0,6700",60%,0,Not certified
jul 25,GSD,GSD,ALPHA,4623,INFRAESTRUCTURA MULTICANAL,0,0,5,5,1,1,"2,0",5,"0,0000","0,0000","0,0000",0,598.672,0,564.109,-,"100,00%","100,00%","40,00%","100,00%",-,"0,1300","0,2000","0,1080","0,2700","0,8700",81%,1,Level 2
jul 25,GSD,GSD,ALPHA,4625,OPERATIONAL DATA INFRASTRUCTURE,0,0,3,6,0,0,"3,5",5,"0,0000","0,0000","0,0000",0,186.485,0,184.351,-,"50,00%",-,"70,00%","100,00%",-,"0,0650",-,"0,1890","0,2700","0,6700",78%,1,Level 1
jul 25,GSD,GSD,ALPHA,4647,INFRAESTRUCTURA PERSONAS Y CONTRATOS,0,0,5,5,0,0,"1,5",5,"0,0000","0,0000","0,0000",0,721.502,0,624.472,-,"100,00%",-,"30,00%","100,00%",-,"0,1300",-,"0,0810","0,2700","0,6700",72%,1,Level 1
jul 25,GSD,GSD,DEVOPS & SW DEV TOOLS,4308,SW DEVTOOLS SUITE,4,4,4,4,0,0,"3,0",3,"0,0532","0,0595","-10,6464",116,2.181.036,136,2.284.841,"100,00%","100,00%",-,"100,00%","100,00%","0,1300","0,1300",-,"0,2700","0,2700","0,8000",100%,1,Level 3
jul 25,GSD,GSD,DEVOPS & SW DEV TOOLS,6091,IAGEN SDLC,1,1,1,1,0,0,"0,0",2,"0,0000","0,0000","0,0000",0,8.794,0,8.795,"100,00%","100,00%",-,"0,00%","100,00%","0,1300","0,1300",-,"0,0000","0,2700","0,8000",66%,0,Not certified
jul 25,GSD,GSD,DEVOPS & SW DEV TOOLS,6110,TESTING TOOLS,5,5,5,5,4,4,"5,0",5,"0,0074","0,0111","-33,8444",6,815.152,14,1.258.293,"100,00%","100,00%","100,00%","100,00%","100,00%","0,1300","0,1300","0,2000","0,2700","0,2700","1,0000",100%,1,Level 3
jul 25,GSD,GSD,DEVOPS & SW DEV TOOLS,6124,UX & DESIGN,0,0,0,0,0,0,"0,0",1,"0,0000","0,0000","0,0000",0,173.636,0,173.313,-,-,-,"0,00%","100,00%",-,-,-,"0,0000","0,2700","0,5400",50%,0,Not certified
jul 25,GSD,GSD,DEVOPS & SW DEV TOOLS,6136,DEVOPS - CI/CD,7,5,8,8,2,3,"7,0",8,"0,0030","0,0034","-11,0292",17,5.658.939,5,1.480.824,"71,43%","100,00%","66,67%","87,50%","100,00%","0,0929","0,1300","0,1333","0,2363","0,2700","1,0000",86%,1,Level 2
jul 25,GSD,GSD,PAYMENT,427,PASIVO,0,0,1,1,0,0,"1,0",1,"0,0000","0,0000","0,0000",0,10.539,0,11.024,-,"100,00%",-,"100,00%","100,00%",-,"0,1300",-,"0,2700","0,2700","0,6700",100%,1,Level 3
jul 25,GSD,GSD,PAYMENT,4357,PAYMENT AUTHORIZATION,1,1,3,3,0,0,"2,0",3,"0,0000","0,0000","0,0000",0,169.465,0,162.183,"100,00%","100,00%",-,"66,67%","100,00%","0,1300","0,1300",-,"0,1800","0,2700","0,8000",89%,1,Level 2
jul 25,GSD,GSD,PAYMENT,4979,TRACKING PAYMENT,0,0,1,1,0,0,"1,0",1,"0,0000","0,0000","0,0000",0,5.651,0,5.651,-,"100,00%",-,"100,00%","100,00%",-,"0,1300",-,"0,2700","0,2700","0,6700",100%,1,Level 3
jul 25,GSD,GSD,PAYMENT,5527,PAYMENT METHODS SYSTEM,0,0,1,1,2,2,"0,0",1,"0,0000","0,0000","0,0000",0,317.552,0,282.841,-,"100,00%","100,00%","0,00%","100,00%",-,"0,1300","0,2000","0,0000","0,2700","0,8700",69%,0,Not certified
jul 25,GSD,GSD,SECURITY GSD,5222,S-SDLC PROCESSES GLOBAL,1,1,1,1,0,0,"1,0",1,"0,0000","0,0000","0,0000",0,89.027,0,122.851,"100,00%","100,00%",-,"100,00%","100,00%","0,1300","0,1300",-,"0,2700","0,2700","0,8000",100%,1,Level 3
jul 25,GSD,GSD,SW DEV TRANSF,238,SDLC PROCESSES GLOBAL,1,1,1,1,0,0,"1,0",1,"0,0089","0,0043","106,9718",2,224.532,1,232.359,"100,00%","100,00%",-,"100,00%","0,00%","0,1300","0,1300",-,"0,2700","0,0000","0,8000",66%,0,Not certified
jul 25,GSD,GSD,SW DEV TRANSF,6198,SOPORTE HELIX,0,0,0,0,0,0,"0,0",0,"-99,0000","-99,0000","0,0000",0,0,0,0,-,-,-,-,-,-,-,-,-,-,"0,0000",No tiene el mínimo para calcular indicadores,-,-
jul 25,GSD,GSD,SW DEV TRANSF,6290,TRAINING - SERVICE FOR PRACTICE,1,0,0,1,0,0,"0,0",1,"-99,0000","0,0000","0,0000",0,0,0,1.821,"0,00%","0,00%",-,"0,00%",-,"0,0000","0,0000",-,"0,0000",-,"0,5300",0%,0,Not certified
jul 25,I&O HUB AMÉRICA,R&IC,CFE,6151,SCREENING & TRANSACTION MONITORING AML,1,1,0,1,0,0,"0,0",1,"0,0000","0,0000","0,0000",0,12.605,0,12.605,"100,00%","0,00%",-,"0,00%","100,00%","0,1300","0,0000",-,"0,0000","0,2700","0,8000",50%,0,Not certified
jul 25,MÉXICO,DATA TRANSFORMATION & ENGINEERING,DATAHUB EXTENDED,109,TRANSACTIONAL S&C,3,3,3,3,77,77,"0,0",3,"0,0000","0,0000","0,0000",0,58.580,0,56.492,"100,00%","100,00%","100,00%","0,00%","100,00%","0,1300","0,1300","0,2000","0,0000","0,2700","1,0000",73%,1,Level 1
jul 25,MÉXICO,DATA TRANSFORMATION & ENGINEERING,DATAHUB EXTENDED,111,CLIENT SOLUTIONS,4,4,4,4,104,106,"2,0",4,"0,0000","0,0000","0,0000",0,266.064,0,269.739,"100,00%","100,00%","98,11%","50,00%","100,00%","0,1300","0,1300","0,1962","0,1350","0,2700","1,0000",86%,1,Level 2
jul 25,MÉXICO,DATA TRANSFORMATION & ENGINEERING,DATAHUB EXTENDED,112,DATA BANKING,3,3,3,3,91,91,"3,0",3,"0,0000","0,0000","0,0000",0,159.580,0,148.305,"100,00%","100,00%","100,00%","100,00%","100,00%","0,1300","0,1300","0,2000","0,2700","0,2700","1,0000",100%,1,Level 3
jul 25,MÉXICO,DATA TRANSFORMATION & ENGINEERING,DATAHUB EXTENDED,3560,OPERATIONAL ENTERPRISE,3,3,3,3,92,92,"1,0",3,"0,0000","0,0000","0,0000",0,115.148,0,114.867,"100,00%","100,00%","100,00%","33,33%","100,00%","0,1300","0,1300","0,2000","0,0900","0,2700","1,0000",82%,1,Level 2
jul 25,MÉXICO,DATA TRANSFORMATION & ENGINEERING,DATAHUB EXTENDED,7514,DATA INSURANCE,1,1,1,1,3,3,"1,0",1,"0,0000","0,0000","0,0000",0,18.264,0,18.410,"100,00%","100,00%","100,00%","100,00%","100,00%","0,1300","0,1300","0,2000","0,2700","0,2700","1,0000",100%,1,Level 3
jul 25,MÉXICO,DATA TRANSFORMATION & ENGINEERING,DATAHUB FINANZAS Y RIESGOS,113,DATA RISK,4,4,3,4,203,203,"1,5",4,"0,0324","0,0000","0,0000",40,1.236.125,0,1.241.711,"100,00%","75,00%","100,00%","37,50%","0,00%","0,1300","0,0975","0,2000","0,1013","0,0000","1,0000",53%,0,Not certified
jul 25,MÉXICO,DATA TRANSFORMATION & ENGINEERING,DATAHUB FINANZAS Y RIESGOS,5552,DATA FINANCE,5,4,4,5,38,39,"2,0",5,"0,0000","0,0000","0,0000",0,216.697,0,199.868,"80,00%","80,00%","97,44%","40,00%","100,00%","0,1040","0,1040","0,1949","0,1080","0,2700","1,0000",78%,1,Level 1
jul 25,MÉXICO,DATA TRANSFORMATION & ENGINEERING,SEGURIDAD Y OTRAS PI,5009,DATA LEGACY,3,3,0,3,2,2,"2,0",2,"0,0000","0,2234","-100,0000",0,86.711,14,62.662,"100,00%","0,00%","100,00%","100,00%","100,00%","0,1300","0,0000","0,2000","0,2700","0,2700","1,0000",87%,1,Level 2
jul 25,MÉXICO,SYSTEMS ENGINEERING,C&IB,61,ASSET MANAGEMENT,1,1,1,1,0,0,"1,0",1,"0,3334","0,3328","0,2018",495,1.484.588,494,1.484.579,"100,00%","100,00%",-,"100,00%","0,00%","0,1300","0,1300",-,"0,2700","0,0000","0,8000",66%,0,Not certified
jul 25,MÉXICO,SYSTEMS ENGINEERING,C&IB,280,CROSS & LENDING,8,7,7,8,1,1,"5,0",7,"0,0346","0,0020","1599,5787",68,1.965.227,4,1.964.740,"87,50%","87,50%","100,00%","71,43%","0,00%","0,1138","0,1138","0,2000","0,1929","0,0000","1,0000",62%,0,Not certified
jul 25,MÉXICO,SYSTEMS ENGINEERING,C&IB,281,PRIVATE BANKING,2,2,2,2,1,1,"2,0",2,"0,0104","0,0000","0,0000",7,675.705,0,667.954,"100,00%","100,00%","100,00%","100,00%","0,00%","0,1300","0,1300","0,2000","0,2700","0,0000","1,0000",73%,1,Level 1
jul 25,MÉXICO,SYSTEMS ENGINEERING,C&IB,282,"FX, DERIVATIVES & CUSTODY",9,9,8,9,1,1,"4,0",8,"0,0249","0,0281","-11,1962",64,2.568.014,71,2.529.922,"100,00%","88,89%","100,00%","50,00%","100,00%","0,1300","0,1156","0,2000","0,1350","0,2700","1,0000",85%,1,Level 2
jul 25,MÉXICO,SYSTEMS ENGINEERING,C&IB,283,OTC & RISK,5,4,4,5,0,0,"4,0",4,"0,1686","0,1667","1,1610",174,1.031.836,172,1.031.818,"80,00%","80,00%",-,"100,00%","25,00%","0,1040","0,1040",-,"0,2700","0,0675","0,8000",68%,0,Not certified
jul 25,MÉXICO,SYSTEMS ENGINEERING,C&IB,284,FI & REPORTING,7,7,6,7,4,4,"5,0",6,"0,6382","0,8065","-20,8647",2.018,3.161.915,2.548,3.159.356,"100,00%","85,71%","100,00%","83,33%","0,00%","0,1300","0,1114","0,2000","0,2250","0,0000","1,0000",67%,0,Not certified
jul 25,MÉXICO,SYSTEMS ENGINEERING,C&IB,285,EQUITY,4,4,4,4,1,1,"3,0",4,"8,4029","6,5521","28,2489",20.942,2.492.224,26.983,4.118.250,"100,00%","100,00%","100,00%","75,00%","0,00%","0,1300","0,1300","0,2000","0,2025","0,0000","1,0000",66%,0,Not certified
jul 25,MÉXICO,SYSTEMS ENGINEERING,CORE BANKING PRODUCTS,55,LOANS,7,5,6,7,6,6,"4,5",6,"0,0002","0,0002","-0,1823",1,5.848.575,1,5.837.915,"71,43%","85,71%","100,00%","75,00%","100,00%","0,0929","0,1114","0,2000","0,2025","0,2700","1,0000",88%,1,Level 2
jul 25,MÉXICO,SYSTEMS ENGINEERING,CORE BANKING PRODUCTS,157,CLIENTS,5,5,5,5,4,4,"5,0",6,"0,0000","0,0000","0,0000",0,4.886.998,0,4.877.856,"100,00%","100,00%","100,00%","83,33%","100,00%","0,1300","0,1300","0,2000","0,2250","0,2700","1,0000",96%,1,Level 3
jul 25,MÉXICO,SYSTEMS ENGINEERING,CORE BANKING PRODUCTS,167,PAYROLLS AND TRANSFERS,4,4,4,4,0,0,"2,5",4,"0,0000","0,0000","0,0000",0,4.042.506,0,2.813.450,"100,00%","100,00%",-,"62,50%","100,00%","0,1300","0,1300",-,"0,1688","0,2700","0,8000",87%,1,Level 2
jul 25,MÉXICO,SYSTEMS ENGINEERING,CORE BANKING PRODUCTS,169,ACCOUNTS,8,6,7,8,5,5,"6,5",8,"0,0962","0,0966","-0,4471",440,4.573.928,440,4.553.480,"75,00%","87,50%","100,00%","81,25%","75,00%","0,0975","0,1138","0,2000","0,2194","0,2025","1,0000",83%,1,Level 2
jul 25,MÉXICO,SYSTEMS ENGINEERING,CORE BANKING PRODUCTS,7744,CONTRACTING METHODS AND DIGITAL DOCUMENTATION,2,2,2,2,0,0,"2,0",2,"0,0000","0,0000","0,0000",0,2.342.966,0,1.934.559,"100,00%","100,00%",-,"100,00%","100,00%","0,1300","0,1300",-,"0,2700","0,2700","0,8000",100%,1,Level 3
jul 25,MÉXICO,SYSTEMS ENGINEERING,CORE CROSS SYSTEMS,362,ACCOUNT STATEMENTS & TAX STAMPS,2,2,2,2,2,2,"1,0",1,"0,0871","0,1042","-16,4427",71,815.265,76,729.186,"100,00%","100,00%","100,00%","100,00%","100,00%","0,1300","0,1300","0,2000","0,2700","0,2700","1,0000",100%,1,Level 3
jul 25,MÉXICO,SYSTEMS ENGINEERING,CORE CROSS SYSTEMS,363,APPLICATION SECURITY,1,1,1,1,0,2,"0,5",1,"0,0000","0,0000","0,0000",0,1.596.030,0,1.595.400,"100,00%","100,00%","0,00%","50,00%","100,00%","0,1300","0,1300","0,0000","0,1350","0,2700","1,0000",67%,0,Not certified
jul 25,MÉXICO,SYSTEMS ENGINEERING,CORE CROSS SYSTEMS,364,DIGITAL CONTACTABILITY,2,2,2,2,12,12,"2,0",2,"0,5369","0,0007","71798,8725",719,1.339.146,1,1.339.125,"100,00%","100,00%","100,00%","100,00%","0,00%","0,1300","0,1300","0,2000","0,2700","0,0000","1,0000",73%,1,Level 1
jul 25,MÉXICO,SYSTEMS ENGINEERING,CORE CROSS SYSTEMS,365,ATMS & INFRASTRUCTURE,2,2,2,2,1,1,"0,0",2,"0,0435","0,0000","0,0000",35,805.101,0,789.692,"100,00%","100,00%","100,00%","0,00%","0,00%","0,1300","0,1300","0,2000","0,0000","0,0000","1,0000",46%,0,Not certified
jul 25,MÉXICO,SYSTEMS ENGINEERING,CORE CROSS SYSTEMS,5469,SYSTEMS CONTACT CENTER,6,6,6,6,1,9,"4,0",6,"0,9879","0,9763","1,1893",22.613,22.889.823,22.473,23.018.656,"100,00%","100,00%","11,11%","66,67%","0,00%","0,1300","0,1300","0,0222","0,1800","0,0000","1,0000",46%,0,Not certified
jul 25,MÉXICO,SYSTEMS ENGINEERING,CORPORATE FUNCTIONS,200,TALENT & CULTURE,3,3,3,3,13,13,"2,0",3,"0,4068","0,7242","-43,8288",6.780,16.667.029,13.785,19.034.814,"100,00%","100,00%","100,00%","66,67%","0,00%","0,1300","0,1300","0,2000","0,1800","0,0000","1,0000",64%,0,Not certified
jul 25,MÉXICO,SYSTEMS ENGINEERING,CORPORATE FUNCTIONS,298,RISK,7,7,6,6,14,14,"2,0",5,"0,0706","0,0967","-27,0013",497,7.037.666,692,7.153.085,"100,00%","100,00%","100,00%","40,00%","100,00%","0,1300","0,1300","0,2000","0,1080","0,2700","1,0000",84%,1,Level 2
jul 25,MÉXICO,SYSTEMS ENGINEERING,CORPORATE FUNCTIONS,351,AACC,2,2,2,2,2,2,"2,0",2,"0,0935","0,1070","-12,6404",649,6.940.908,802,7.493.012,"100,00%","100,00%","100,00%","100,00%","100,00%","0,1300","0,1300","0,2000","0,2700","0,2700","1,0000",100%,1,Level 3
jul 25,MÉXICO,SYSTEMS ENGINEERING,CORPORATE FUNCTIONS,354,FINANCE & PROCUREMENT,3,3,3,3,1,1,"0,5",3,"0,8968","1,2048","-25,5640",2.976,3.318.486,4.505,3.739.252,"100,00%","100,00%","100,00%","16,67%","0,00%","0,1300","0,1300","0,2000","0,0450","0,0000","1,0000",51%,0,Not certified
jul 25,MÉXICO,SYSTEMS ENGINEERING,CORPORATE FUNCTIONS,355,COMPLIANCE & LEGAL,2,2,2,2,5,5,"0,5",2,"0,4920","0,5826","-15,5407",1.245,2.530.353,1.228,2.107.938,"100,00%","100,00%","100,00%","25,00%","0,00%","0,1300","0,1300","0,2000","0,0675","0,0000","1,0000",53%,0,Not certified
jul 25,MÉXICO,SYSTEMS ENGINEERING,CORPORATE FUNCTIONS,356,CREDIT ACQUISITION & AUTOMATION,3,3,3,3,8,8,"2,0",3,"0,1676","0,1687","-0,6276",361,2.153.837,361,2.140.319,"100,00%","100,00%","100,00%","66,67%","75,00%","0,1300","0,1300","0,2000","0,1800","0,2025","1,0000",84%,1,Level 2
jul 25,MÉXICO,SYSTEMS ENGINEERING,CORPORATE FUNCTIONS,3613,LOCAL SERVICES,1,1,1,1,2,2,"0,0",1,"0,0105","0,0105","-0,0114",5,474.780,5,474.726,"100,00%","100,00%","100,00%","0,00%","75,00%","0,1300","0,1300","0,2000","0,0000","0,2025","1,0000",66%,0,Not certified
jul 25,MÉXICO,SYSTEMS ENGINEERING,ENTERPRISE,53,CONSUMER FINANCE,3,3,3,3,2,2,"3,0",3,"0,0000","0,0000","0,0000",0,257.786,0,230.738,"100,00%","100,00%","100,00%","100,00%","100,00%","0,1300","0,1300","0,2000","0,2700","0,2700","1,0000",100%,1,Level 3
jul 25,MÉXICO,SYSTEMS ENGINEERING,ENTERPRISE,210,API CHANNEL,4,4,3,4,0,0,"4,0",4,"0,0000","0,1349","-100,0000",0,332.009,80,592.972,"100,00%","75,00%",-,"100,00%","100,00%","0,1300","0,0975",-,"0,2700","0,2700","0,8000",96%,1,Level 3
jul 25,MÉXICO,SYSTEMS ENGINEERING,ENTERPRISE,211,ENTERPRISE WEB,7,7,7,7,8,8,"3,0",7,"0,0491","0,0488","0,5833",1.447,29.454.375,1.459,29.871.864,"100,00%","100,00%","100,00%","42,86%","25,00%","0,1300","0,1300","0,2000","0,1157","0,0675","1,0000",64%,0,Not certified
jul 25,MÉXICO,SYSTEMS ENGINEERING,ENTERPRISE,212,SPECIALIZED PRODUCTS,4,4,4,4,0,1,"2,5",4,"4,4129","7,3909","-40,2920",20.115,4.558.179,38.979,5.273.934,"100,00%","100,00%","0,00%","62,50%","0,00%","0,1300","0,1300","0,0000","0,1688","0,0000","1,0000",43%,0,Not certified
jul 25,MÉXICO,SYSTEMS ENGINEERING,ENTERPRISE,3604,MOBILE ENTERPRISE,1,1,1,1,0,0,"1,0",1,"-99,0000","-99,0000","0,0000",0,0,0,0,"100,00%","100,00%",-,"100,00%",-,"0,1300","0,1300",-,"0,2700",-,"0,5300",100%,1,Level 3
jul 25,MÉXICO,SYSTEMS ENGINEERING,ENTERPRISE,4038,DIGITAL WORKPLACE & CRM,7,4,5,7,2,4,"6,0",6,"0,0026","0,0048","-46,7781",23,8.969.577,23,4.773.775,"57,14%","71,43%","50,00%","100,00%","100,00%","0,0743","0,0929","0,1000","0,2700","0,2700","1,0000",81%,1,Level 2
jul 25,MÉXICO,SYSTEMS ENGINEERING,ENTERPRISE,6123,DIGITAL SMEs,2,2,2,2,0,0,"2,0",2,"0,0000","0,0000","0,0000",0,8.538,0,8.538,"100,00%","100,00%",-,"100,00%","100,00%","0,1300","0,1300",-,"0,2700","0,2700","0,8000",100%,1,Level 3
jul 25,MÉXICO,SYSTEMS ENGINEERING,INSURANCE,223,INFORMATIONAL,1,1,1,1,0,0,"0,0",1,"0,0000","0,0000","0,0000",0,410,0,410,"100,00%","100,00%",-,"0,00%","100,00%","0,1300","0,1300",-,"0,0000","0,2700","0,8000",66%,0,Not certified
jul 25,MÉXICO,SYSTEMS ENGINEERING,INSURANCE,224,CHANNELS,4,4,4,4,1,1,"2,0",4,"0,0343","0,0453","-24,3907",534,15.581.478,505,11.141.251,"100,00%","100,00%","100,00%","50,00%","100,00%","0,1300","0,1300","0,2000","0,1350","0,2700","1,0000",87%,1,Level 2
jul 25,MÉXICO,SYSTEMS ENGINEERING,INSURANCE,225,CORE CROSS,4,4,4,4,0,0,"3,5",4,"0,0053","0,0049","7,9837",27,5.083.052,25,5.082.286,"100,00%","100,00%",-,"87,50%","25,00%","0,1300","0,1300",-,"0,2363","0,0675","0,8000",70%,1,Level 1
jul 25,MÉXICO,SYSTEMS ENGINEERING,INSURANCE,4036,MULTIASISTENCIA,2,2,2,2,4,4,"2,0",2,"0,0275","0,0015","1795,3341",172,6.248.617,9,6.197.032,"100,00%","100,00%","100,00%","100,00%","0,00%","0,1300","0,1300","0,2000","0,2700","0,0000","1,0000",73%,1,Level 1
jul 25,MÉXICO,SYSTEMS ENGINEERING,PAYMENTS SYSTEMS,213,METHODS,4,3,3,4,5,5,"4,0",4,"0,0000","0,0000","0,0000",0,14.353,0,14.108,"75,00%","75,00%","100,00%","100,00%","100,00%","0,0975","0,0975","0,2000","0,2700","0,2700","1,0000",94%,1,Level 3
jul 25,MÉXICO,SYSTEMS ENGINEERING,PAYMENTS SYSTEMS,215,TRANSACTIONS ENGINE,2,2,2,2,1,1,"1,0",2,"0,0000","0,0000","0,0000",0,119.368,0,49.609,"100,00%","100,00%","100,00%","50,00%","100,00%","0,1300","0,1300","0,2000","0,1350","0,2700","1,0000",87%,1,Level 2
jul 25,MÉXICO,SYSTEMS ENGINEERING,PAYMENTS SYSTEMS,217,CREDITS,5,5,5,5,6,6,"5,0",5,"0,0000","0,0000","0,0000",0,6.100.405,0,3.794.161,"100,00%","100,00%","100,00%","100,00%","100,00%","0,1300","0,1300","0,2000","0,2700","0,2700","1,0000",100%,1,Level 3
jul 25,MÉXICO,SYSTEMS ENGINEERING,PAYMENTS SYSTEMS,218,MERCHANTS,2,2,2,2,3,3,"0,5",2,"0,0132","0,0107","22,7069",16,1.214.979,13,1.211.326,"100,00%","100,00%","100,00%","25,00%","0,00%","0,1300","0,1300","0,2000","0,0675","0,0000","1,0000",53%,0,Not certified
jul 25,MÉXICO,SYSTEMS ENGINEERING,PAYMENTS SYSTEMS,219,BANXICO,1,1,1,1,1,1,"0,0",1,"0,0005","0,0005","-0,2211",2,4.416.239,2,4.406.475,"100,00%","100,00%","100,00%","0,00%","100,00%","0,1300","0,1300","0,2000","0,0000","0,2700","1,0000",73%,1,Level 1
jul 25,MÉXICO,SYSTEMS ENGINEERING,PAYMENTS SYSTEMS,221,SUBSCRIPTIONS AND SERVICES,2,2,2,2,0,0,"0,5",2,"0,0000","0,0000","0,0000",0,1.720.566,0,1.716.500,"100,00%","100,00%",-,"25,00%","100,00%","0,1300","0,1300",-,"0,0675","0,2700","0,8000",75%,1,Level 1
jul 25,MÉXICO,SYSTEMS ENGINEERING,RETAIL,81,WEB,3,3,3,3,11,11,"2,5",3,"0,2165","0,0003","82201,7186",870,4.018.463,1,3.801.453,"100,00%","100,00%","100,00%","83,33%","0,00%","0,1300","0,1300","0,2000","0,2250","0,0000","1,0000",69%,0,Not certified
jul 25,MÉXICO,SYSTEMS ENGINEERING,RETAIL,83,BRANCHES,7,7,7,7,6,6,"4,0",7,"0,0281","0,0274","2,5287",266,9.451.996,256,9.326.688,"100,00%","100,00%","100,00%","57,14%","25,00%","0,1300","0,1300","0,2000","0,1543","0,0675","1,0000",68%,0,Not certified
jul 25,MÉXICO,SYSTEMS ENGINEERING,RETAIL,84,CRM,9,9,9,9,12,14,"8,0",9,"0,0065","0,0065","-0,2436",19,2.924.992,19,2.917.868,"100,00%","100,00%","85,71%","88,89%","75,00%","0,1300","0,1300","0,1714","0,2400","0,2025","1,0000",87%,1,Level 2
jul 25,MÉXICO,SYSTEMS ENGINEERING,RETAIL,85,OPEN MARKET,1,1,1,1,0,0,"0,0",1,"0,0007","0,0526","-98,7503",1,1.521.095,101,1.919.867,"100,00%","100,00%",-,"0,00%","100,00%","0,1300","0,1300",-,"0,0000","0,2700","0,8000",66%,0,Not certified
jul 25,MÉXICO,SYSTEMS ENGINEERING,RETAIL,3592,MOBILE RETAIL,2,1,2,2,4,5,"1,0",1,"0,0017","0,0012","33,3277",8,4.813.827,6,4.813.624,"50,00%","100,00%","80,00%","100,00%","100,00%","0,0650","0,1300","0,1600","0,2700","0,2700","1,0000",90%,1,Level 2
jul 25,MÉXICO,SYSTEMS ENGINEERING,RETAIL,6538,MULTICHANNEL RETAIL,2,2,2,2,1,1,"1,0",1,"-99,0000","-99,0000","0,0000",0,0,0,0,"100,00%","100,00%","100,00%","100,00%",-,"0,1300","0,1300","0,2000","0,2700",-,"0,7300",100%,1,Level 3
jul 25,MÉXICO,SYSTEMS ENGINEERING,Systems Strategy & Transformation,7168,DEVOPS & SW DEVELOPMENT TOOLS,1,1,1,1,0,0,"1,0",1,"-99,0000","-99,0000","0,0000",0,0,0,0,"100,00%","100,00%",-,"100,00%",-,"0,1300","0,1300",-,"0,2700",-,"0,5300",100%,1,Level 3
jul 25,PERÚ,DATA,DATAHUB,3730,DATIO CLIENT SOLUTIONS,5,5,5,5,5,5,"1,0",5,"0,0000","0,0000","0,0000",0,107.563,0,102.436,"100,00%","100,00%","100,00%","20,00%","100,00%","0,1300","0,1300","0,2000","0,0540","0,2700","1,0000",78%,1,Level 1
jul 25,PERÚ,DATA,DATAHUB,3756,DATIO ENGINEERING,5,5,5,5,12,12,"3,0",3,"0,0017","0,0018","-6,2671",1,588.725,1,551.829,"100,00%","100,00%","100,00%","100,00%","100,00%","0,1300","0,1300","0,2000","0,2700","0,2700","1,0000",100%,1,Level 3
jul 25,PERÚ,DATA,DATAHUB,3842,DATIO CIB/T&C/RIC,3,3,3,3,0,0,"3,0",3,"0,0000","0,0000","0,0000",0,36.872,0,36.872,"100,00%","100,00%",-,"100,00%","100,00%","0,1300","0,1300",-,"0,2700","0,2700","0,8000",100%,1,Level 3
jul 25,PERÚ,DATA,DATAHUB,6094,DATIO RIESGOS,4,4,4,4,8,9,"3,5",4,"0,0000","0,0000","0,0000",0,184.323,0,183.736,"100,00%","100,00%","88,89%","87,50%","100,00%","0,1300","0,1300","0,1778","0,2363","0,2700","1,0000",94%,1,Level 3
jul 25,PERÚ,DATA,DATAHUB,6097,DATIO FINANZAS,6,6,6,6,4,4,"3,0",6,"0,0000","0,0000","0,0000",0,204.993,0,194.386,"100,00%","100,00%","100,00%","50,00%","100,00%","0,1300","0,1300","0,2000","0,1350","0,2700","1,0000",87%,1,Level 2
jul 25,PERÚ,SYSTEMS,CIB SYSTEMS,61,ASSET MANAGEMENT,10,10,10,10,0,0,"1,0",3,"0,0607","0,1028","-40,9469",76,1.251.569,76,739.090,"100,00%","100,00%",-,"33,33%","100,00%","0,1300","0,1300",-,"0,0900","0,2700","0,8000",78%,1,Level 1
jul 25,PERÚ,SYSTEMS,CIB SYSTEMS,5729,CIB PRODUCTS,20,19,17,20,0,0,"13,0",14,"0,4326","0,4634","-6,6608",763,1.763.882,807,1.741.336,"95,00%","85,00%",-,"92,86%","0,00%","0,1235","0,1105",-,"0,2507","0,0000","0,8000",61%,0,Not certified
jul 25,PERÚ,SYSTEMS,CORE CLIENTS,54,INTERBANK PAYMENTS,11,11,11,11,0,0,"5,5",8,"0,0000","0,0000","0,0000",0,1.109.735,0,1.076.434,"100,00%","100,00%",-,"68,75%","100,00%","0,1300","0,1300",-,"0,1856","0,2700","0,8000",89%,1,Level 2
jul 25,PERÚ,SYSTEMS,CORE CLIENTS,376,PEOPLE,7,7,7,7,0,0,"3,5",5,"0,0000","0,0000","0,0000",0,765.696,0,764.873,"100,00%","100,00%",-,"70,00%","100,00%","0,1300","0,1300",-,"0,1890","0,2700","0,8000",90%,1,Level 2
jul 25,PERÚ,SYSTEMS,CORE CLIENTS,377,ACCOUNTS & DEPOSITS,6,6,6,6,2,2,"1,0",3,"0,0898","0,0738","21,6451",112,1.247.244,92,1.246.281,"100,00%","100,00%","100,00%","33,33%","0,00%","0,1300","0,1300","0,2000","0,0900","0,0000","1,0000",55%,0,Not certified
jul 25,PERÚ,SYSTEMS,CORPORATE,30,COMPLIANCE,11,11,11,11,1,1,"7,0",7,"0,0000","0,0133","-100,0000",0,743.632,11,826.539,"100,00%","100,00%","100,00%","100,00%","100,00%","0,1300","0,1300","0,2000","0,2700","0,2700","1,0000",100%,1,Level 3
jul 25,PERÚ,SYSTEMS,CORPORATE,198,LEGAL,3,3,3,3,1,1,"2,0",3,"0,1426","0,1496","-4,6494",144,1.009.721,151,1.009.577,"100,00%","100,00%","100,00%","66,67%","75,00%","0,1300","0,1300","0,2000","0,1800","0,2025","1,0000",84%,1,Level 2
jul 25,PERÚ,SYSTEMS,CORPORATE,199,ENGINEERING,11,11,11,11,0,0,"5,0",5,"0,0919","0,0919","-0,0614",16,174.190,16,174.083,"100,00%","100,00%",-,"100,00%","75,00%","0,1300","0,1300",-,"0,2700","0,2025","0,8000",92%,1,Level 3
jul 25,PERÚ,SYSTEMS,CORPORATE,200,TALENT & CULTURE,13,13,12,12,2,2,"6,5",7,"0,0582","0,0582","-0,0329",101,1.734.949,101,1.734.379,"100,00%","100,00%","100,00%","92,86%","75,00%","0,1300","0,1300","0,2000","0,2507","0,2025","1,0000",91%,1,Level 3
jul 25,PERÚ,SYSTEMS,CROSS SYSTEMS,62,INSURANCE DISTRIBUTION,2,2,2,2,1,1,"1,0",2,"0,0000","0,0000","0,0000",0,1.652.451,0,1.632.313,"100,00%","100,00%","100,00%","50,00%","100,00%","0,1300","0,1300","0,2000","0,1350","0,2700","1,0000",87%,1,Level 2
jul 25,PERÚ,SYSTEMS,CROSS SYSTEMS,5311,OTHER CROSS PRODUCTS,7,7,7,7,2,2,"5,0",5,"0,0022","0,0022","-0,4166",6,2.678.058,6,2.666.900,"100,00%","100,00%","100,00%","100,00%","100,00%","0,1300","0,1300","0,2000","0,2700","0,2700","1,0000",100%,1,Level 3
jul 25,PERÚ,SYSTEMS,CROSS SYSTEMS,5360,COMMERCIAL SUPPORT,7,7,7,7,2,2,"4,5",6,"0,1776","0,1709","3,9131",405,2.280.211,392,2.293.383,"100,00%","100,00%","100,00%","75,00%","25,00%","0,1300","0,1300","0,2000","0,2025","0,0675","1,0000",73%,1,Level 1
jul 25,PERÚ,SYSTEMS,ENTERPRISE,58,ENTERPRISE BANKING CANALES WEB & MOBILE,12,11,12,12,4,5,"6,5",9,"0,6431","0,6184","3,9866",3.396,5.280.889,3.324,5.374.989,"91,67%","100,00%","80,00%","72,22%","0,00%","0,1192","0,1300","0,1600","0,1950","0,0000","1,0000",60%,0,Not certified
jul 25,PERÚ,SYSTEMS,ENTERPRISE,60,ENTERPRISE BRANCH,2,2,2,2,1,1,"1,0",2,"0,0524","0,0539","-2,7959",36,687.405,36,668.186,"100,00%","100,00%","100,00%","50,00%","75,00%","0,1300","0,1300","0,2000","0,1350","0,2025","1,0000",80%,1,Level 1
jul 25,PERÚ,SYSTEMS,ENTERPRISE,329,OPEN BANKING,5,5,5,5,1,1,"2,0",3,"0,0000","0,0000","0,0000",0,12.457,0,10.003,"100,00%","100,00%","100,00%","66,67%","100,00%","0,1300","0,1300","0,2000","0,1800","0,2700","1,0000",91%,1,Level 3
jul 25,PERÚ,SYSTEMS,FINANCE,80,FINANCE,15,15,15,15,4,4,"8,5",10,"0,0486","0,0478","1,6135",136,2.797.464,136,2.842.602,"100,00%","100,00%","100,00%","85,00%","25,00%","0,1300","0,1300","0,2000","0,2295","0,0675","1,0000",76%,1,Level 1
jul 25,PERÚ,SYSTEMS,FINANCE,378,ACCOUNTING,8,8,8,8,2,2,"5,5",7,"0,0943","0,0909","3,6935",57,604.476,54,593.813,"100,00%","100,00%","100,00%","78,57%","25,00%","0,1300","0,1300","0,2000","0,2121","0,0675","1,0000",74%,1,Level 1
jul 25,PERÚ,SYSTEMS,LOANS,53,CONSUMER FINANCE,5,5,4,4,0,1,"2,5",3,"0,0000","0,0000","0,0000",0,1.427.702,0,1.420.120,"100,00%","100,00%","0,00%","83,33%","100,00%","0,1300","0,1300","0,0000","0,2250","0,2700","1,0000",76%,1,Level 1
jul 25,PERÚ,SYSTEMS,LOANS,55,LOANS,6,5,5,6,0,0,"4,0",4,"0,0000","0,0000","0,0000",0,24.815,0,23.716,"83,33%","83,33%",-,"100,00%","100,00%","0,1083","0,1083",-,"0,2700","0,2700","0,8000",95%,1,Level 3
jul 25,PERÚ,SYSTEMS,LOANS,6190,LOANS OTHER PRODUCTS,14,6,14,14,1,1,"6,0",7,"0,4025","0,4062","-0,9242",585,1.453.500,611,1.504.069,"42,86%","100,00%","100,00%","85,71%","0,00%","0,0557","0,1300","0,2000","0,2314","0,0000","1,0000",62%,0,Not certified
jul 25,PERÚ,SYSTEMS,PAYMENT METHODS,263,ADQUIRENCIA,2,2,2,2,0,0,"1,0",2,"0,0000","0,0000","0,0000",0,263.101,0,261.050,"100,00%","100,00%",-,"50,00%","100,00%","0,1300","0,1300",-,"0,1350","0,2700","0,8000",83%,1,Level 2
jul 25,PERÚ,SYSTEMS,PAYMENT METHODS,264,OTHER PAYMENT PRODUCTS & SERVICES,4,4,4,4,0,0,"3,5",4,"0,0000","0,0000","0,0000",0,311.750,0,325.753,"100,00%","100,00%",-,"87,50%","100,00%","0,1300","0,1300",-,"0,2363","0,2700","0,8000",96%,1,Level 3
jul 25,PERÚ,SYSTEMS,PAYMENT METHODS,265,ISSUING,2,2,2,2,1,1,"2,0",3,"0,0000","0,0000","0,0000",0,1.977.075,0,1.977.265,"100,00%","100,00%","100,00%","66,67%","100,00%","0,1300","0,1300","0,2000","0,1800","0,2700","1,0000",91%,1,Level 3
jul 25,PERÚ,SYSTEMS,PAYMENT METHODS,7282,NEW PAYMENT RAILS,2,2,2,2,2,2,"0,5",1,"0,0000","0,0000","0,0000",0,262.521,0,251.120,"100,00%","100,00%","100,00%","50,00%","100,00%","0,1300","0,1300","0,2000","0,1350","0,2700","1,0000",87%,1,Level 2
jul 25,PERÚ,SYSTEMS,RETAIL,94,CRM & DIGITAL MARKETING,2,2,2,2,0,0,"2,0",2,"0,0000","0,0066","-100,0000",0,142.144,1,151.188,"100,00%","100,00%",-,"100,00%","100,00%","0,1300","0,1300",-,"0,2700","0,2700","0,8000",100%,1,Level 3
jul 25,PERÚ,SYSTEMS,RETAIL,180,MOBILE CHANNELS,9,9,9,9,14,15,"6,0",7,"0,0000","0,0000","0,0000",0,1.270.576,0,1.281.305,"100,00%","100,00%","93,33%","85,71%","100,00%","0,1300","0,1300","0,1867","0,2314","0,2700","1,0000",95%,1,Level 3
jul 25,PERÚ,SYSTEMS,RETAIL,181,CONTACT CENTER,3,3,1,1,1,1,"2,0",3,"0,0406","0,0407","-0,2536",26,639.665,26,638.043,"100,00%","100,00%","100,00%","66,67%","75,00%","0,1300","0,1300","0,2000","0,1800","0,2025","1,0000",84%,1,Level 2
jul 25,PERÚ,SYSTEMS,RETAIL,182,AGENTES CORRESPONSALES,3,3,3,3,1,1,"0,5",1,"1,8876","1,0315","83,0061",2.524,1.337.115,1.270,1.231.257,"100,00%","100,00%","100,00%","50,00%","0,00%","0,1300","0,1300","0,2000","0,1350","0,0000","1,0000",60%,0,Not certified
jul 25,PERÚ,SYSTEMS,RETAIL,183,ATMS Y AUTOSERVICIOS,6,6,6,6,0,0,"2,0",3,"0,0000","0,0000","0,0000",0,1.544.080,0,1.583.079,"100,00%","100,00%",-,"66,67%","100,00%","0,1300","0,1300",-,"0,1800","0,2700","0,8000",89%,1,Level 2
jul 25,PERÚ,SYSTEMS,RETAIL,184,BRANCHES & SALES ADVISORY,14,14,14,14,0,0,"8,0",12,"0,0000","0,0084","-100,0000",0,844.156,7,832.470,"100,00%","100,00%",-,"66,67%","100,00%","0,1300","0,1300",-,"0,1800","0,2700","0,8000",89%,1,Level 2
jul 25,PERÚ,SYSTEMS,RETAIL,185,WEB Y PORTALES,6,6,6,6,0,0,"1,0",4,"0,0051","0,0000","0,0000",8,1.582.491,0,1.578.864,"100,00%","100,00%",-,"25,00%","0,00%","0,1300","0,1300",-,"0,0675","0,0000","0,8000",41%,0,Not certified
jul 25,PERÚ,SYSTEMS,RISK,39,RISKS,20,20,6,20,6,7,"15,0",17,"0,0293","0,1206","-75,7068",85,2.900.848,381,3.158.751,"100,00%","30,00%","85,71%","88,24%","100,00%","0,1300","0,0390","0,1714","0,2382","0,2700","1,0000",85%,1,Level 2
jul 25,PERÚ,SYSTEMS,RISK,393,COLLECTIONS,6,6,5,5,0,0,"3,5",4,"0,0000","0,0000","0,0000",0,225.054,0,223.950,"100,00%","100,00%",-,"87,50%","100,00%","0,1300","0,1300",-,"0,2363","0,2700","0,8000",96%,1,Level 3
jul 25,PERÚ,SYSTEMS,SYSTEM OFFICE MIRST,6110,TESTING TOOLS,0,0,0,0,0,0,"0,0",0,"-99,0000","-99,0000","0,0000",0,0,0,0,-,-,-,-,-,-,-,-,-,-,"0,0000",No tiene el mínimo para calcular indicadores,-,-
jul 25,PERÚ,SYSTEMS,SYSTEM OFFICE MIRST,6136,DEVOPS - CI/CD,0,0,0,0,0,0,"0,0",0,"-99,0000","-99,0000","0,0000",0,0,0,0,-,-,-,-,-,-,-,-,-,-,"0,0000",No tiene el mínimo para calcular indicadores,-,-
jul 25,PERÚ,SYSTEMS,SYSTEM OFFICE MIRST,7150,Z PERU,0,0,0,0,0,0,"0,0",0,"-99,0000","-99,0000","0,0000",0,0,0,0,-,-,-,-,-,-,-,-,-,-,"0,0000",No tiene el mínimo para calcular indicadores,-,-
jul 25,RETAIL CLIENT SOLUTIONS,CROSS,CONTENT MANAGEMENT,288,CONTENT MANAGEMENT,9,7,9,9,0,0,"4,0",6,"0,0715","0,0450","58,9664",812,11.357.533,333,7.404.188,"77,78%","100,00%",-,"66,67%","0,00%","0,1011","0,1300",-,"0,1800","0,0000","0,8000",51%,0,Not certified
jul 25,RETAIL CLIENT SOLUTIONS,CROSS,DATA & ANALYTICS,170,DATA & ANALYTICS,3,3,4,4,0,0,"3,0",5,"0,0054","0,0000","0,0000",1,186.729,0,181.989,"100,00%","100,00%",-,"60,00%","0,00%","0,1300","0,1300",-,"0,1620","0,0000","0,8000",53%,0,Not certified
jul 25,RETAIL CLIENT SOLUTIONS,CROSS,DIGITAL ASSETS,6576,DIGITAL ASSETS,0,0,1,1,0,0,"1,0",1,"0,0000","0,0000","0,0000",0,202.043,0,211.588,-,"100,00%",-,"100,00%","100,00%",-,"0,1300",-,"0,2700","0,2700","0,6700",100%,1,Level 3
jul 25,RETAIL CLIENT SOLUTIONS,CROSS,OPTIMIZATION & FUNNEL HEALTH,32,OPTIMIZATION & FUNNEL HEALTH,10,10,3,4,0,0,"7,0",9,"0,0000","0,0000","0,0000",0,294.107,0,294.033,"100,00%","75,00%",-,"77,78%","100,00%","0,1300","0,0975",-,"0,2100","0,2700","0,8000",88%,1,Level 2
jul 25,RETAIL CLIENT SOLUTIONS,CROSS,TRAFFIC GENERATION & MARKETING AUTOMATION,339,TRAFFIC GENERATION & MARKETING AUTOMATION,0,0,2,2,0,0,"2,0",3,"0,0000","0,0000","0,0000",0,39.957,0,39.331,-,"100,00%",-,"66,67%","100,00%",-,"0,1300",-,"0,1800","0,2700","0,6700",87%,1,Level 2
jul 25,RETAIL CLIENT SOLUTIONS,RETAIL,,7028,US GWA,3,0,0,3,0,0,"1,0",1,"-99,0000","-99,0000","0,0000",0,0,0,0,"0,00%","0,00%",-,"100,00%",-,"0,0000","0,0000",-,"0,2700",-,"0,5300",51%,0,Not certified
jul 25,RETAIL CLIENT SOLUTIONS,RETAIL,AM&GW,6250,AM&GW,1,1,1,1,0,0,"0,0",1,"0,0165","0,0165","-0,0080",48,2.917.115,48,2.916.881,"100,00%","100,00%",-,"0,00%","75,00%","0,1300","0,1300",-,"0,0000","0,2025","0,8000",58%,0,Not certified
jul 25,RETAIL CLIENT SOLUTIONS,RETAIL,RETAIL - INFRA MULTICANAL,292,INFRAESTRUCTURA MULTICANAL - RETAIL,0,0,1,1,0,0,"1,0",1,"0,0000","0,0000","0,0000",0,1.036.019,0,1.019.611,-,"100,00%",-,"100,00%","100,00%",-,"0,1300",-,"0,2700","0,2700","0,6700",100%,1,Level 3
jul 25,RETAIL CLIENT SOLUTIONS,RETAIL,RETAIL - MOBILE,287,PLATAFORMA RETAIL - MOBILE,4,2,7,10,12,18,"5,0",10,"0,0034","0,0014","146,5429",40,11.608.259,16,11.447.737,"50,00%","70,00%","66,67%","50,00%","100,00%","0,0650","0,0910","0,1333","0,1350","0,2700","1,0000",69%,0,Not certified
jul 25,RETAIL CLIENT SOLUTIONS,RETAIL,RETAIL - PAYMENTS,439,GP2 - HORUS,1,1,1,1,0,0,"0,0",0,"0,0000","0,0000","0,0000",0,4.827,0,4.827,"100,00%","100,00%",-,-,"100,00%","0,1300","0,1300",-,-,"0,2700","0,5300",100%,1,Level 3
jul 25,RETAIL CLIENT SOLUTIONS,RETAIL,RETAIL - PAYMENTS,440,GP2 - TOHU,2,1,2,2,0,0,"1,0",1,"0,0000","0,0000","0,0000",0,33.204,0,33.204,"50,00%","100,00%",-,"100,00%","100,00%","0,0650","0,1300",-,"0,2700","0,2700","0,8000",92%,1,Level 3
jul 25,RETAIL CLIENT SOLUTIONS,RETAIL,RETAIL - PAYMENTS,441,GP2 - BCEA,1,1,1,1,0,0,"0,0",0,"-99,0000","-99,0000","0,0000",0,0,0,0,"100,00%","100,00%",-,-,-,"0,1300","0,1300",-,-,-,"0,2600",100%,1,Level 3
jul 25,RETAIL CLIENT SOLUTIONS,RETAIL,RETAIL - PAYMENTS,4964,PLATAFORMA ADQUIRENCIA,0,0,3,3,0,0,"3,0",3,"0,0000","0,0000","0,0000",0,170.304,0,166.578,-,"100,00%",-,"100,00%","100,00%",-,"0,1300",-,"0,2700","0,2700","0,6700",100%,1,Level 3
jul 25,RETAIL CLIENT SOLUTIONS,RETAIL,RETAIL - PAYMENTS,7165,PLATAFORMA EMISION,0,0,1,2,0,0,"2,0",2,"0,0000","0,0000","0,0000",0,30.883,0,35.889,-,"50,00%",-,"100,00%","100,00%",-,"0,0650",-,"0,2700","0,2700","0,6700",90%,1,Level 3
jul 25,RETAIL CLIENT SOLUTIONS,RETAIL,RETAIL-PRESCRIPTION BUSINESS,53,CONSUMER FINANCE,0,0,1,3,0,0,"2,0",3,"0,0000","0,0000","0,0000",0,2.996,0,2.996,-,"33,33%",-,"66,67%","100,00%",-,"0,0433",-,"0,1800","0,2700","0,6700",74%,1,Level 1
jul 25,RETAIL CLIENT SOLUTIONS,RETAIL,SMES,7434,SMES,0,0,1,2,0,0,"1,0",1,"0,0000","0,0000","0,0000",0,141.440,0,129.126,-,"50,00%",-,"100,00%","100,00%",-,"0,0650",-,"0,2700","0,2700","0,6700",90%,1,Level 3
jul 25,URUGUAY,Engineering & Data,DE #ONE Datahub Uruguay,5685,Engineering & Data,1,1,1,1,0,0,"0,0",1,"0,0000","0,0000","0,0000",0,0,0,0,"100,00%","100,00%",-,"0,00%",-,"0,1300","0,1300",-,"0,0000",-,"0,5300",49%,0,Not certified
jul 25,URUGUAY,SYSTEMS ENGINEERING,,224,CHANNELS,17,1,3,17,11,11,"5,0",13,"0,3470","0,3673","-5,5255",2.942,8.479.325,3.108,8.462.800,"5,88%","17,65%","100,00%","38,46%","0,00%","0,0076","0,0229","0,2000","0,1038","0,0000","1,0000",33%,0,Not certified
jul 25,URUGUAY,SYSTEMS ENGINEERING,,350,CROSS SYSTEMS,3,1,3,3,0,0,"2,0",2,"0,2729","0,0682","300,0000",4,14.655,1,14.655,"33,33%","100,00%",-,"100,00%","0,00%","0,0433","0,1300",-,"0,2700","0,0000","0,8000",55%,0,Not certified
jul 25,URUGUAY,SYSTEMS ENGINEERING,,4801,CFE,11,1,1,11,0,0,"1,0",3,"0,0000","0,0000","0,0000",0,14.696,0,14.696,"9,09%","9,09%",-,"33,33%","100,00%","0,0118","0,0118",-,"0,0900","0,2700","0,8000",48%,0,Not certified
jul 25,URUGUAY,SYSTEMS ENGINEERING,,5117,CORE BANKING,19,2,17,19,5,6,"6,5",9,"0,0000","0,0000","0,0000",0,1.145.887,0,1.143.472,"10,53%","89,47%","83,33%","72,22%","100,00%","0,0137","0,1163","0,1667","0,1950","0,2700","1,0000",76%,1,Level 1
jul 25,VENEZUELA,SYSTEMS,BANKING SYSTEMS,61,ASSET MANAGEMENT,10,10,10,10,2,2,"1,0",1,"-99,0000","-99,0000","0,0000",0,0,0,0,"100,00%","100,00%","100,00%","100,00%",-,"0,1300","0,1300","0,2000","0,2700",-,"0,7300",100%,1,Level 3
jul 25,VENEZUELA,SYSTEMS,BANKING SYSTEMS,298,RISK,15,15,16,16,3,3,"9,0",10,"-99,0000","-99,0000","0,0000",0,0,0,0,"100,00%","100,00%","100,00%","90,00%",-,"0,1300","0,1300","0,2000","0,2430",-,"0,7300",96%,1,Level 3
jul 25,VENEZUELA,SYSTEMS,BANKING SYSTEMS,299,BANKING CREDIT PRODUCTS,6,6,6,6,3,3,"1,0",3,"-99,0000","-99,0000","0,0000",0,0,0,0,"100,00%","100,00%","100,00%","33,33%",-,"0,1300","0,1300","0,2000","0,0900",-,"0,7300",75%,1,Level 1
jul 25,VENEZUELA,SYSTEMS,CHANNELS,153,BRANCH,6,6,6,6,4,4,"3,0",3,"0,0071","0,0000","0,0000",12,1.694.158,0,1.694.158,"100,00%","100,00%","100,00%","100,00%","0,00%","0,1300","0,1300","0,2000","0,2700","0,0000","1,0000",73%,1,Level 1
jul 25,VENEZUELA,SYSTEMS,CHANNELS,269,OTHER WEB & CC,16,16,13,13,2,2,"6,0",9,"0,6515","0,0142","4484,7814",2.028,3.112.857,44,3.096.439,"100,00%","100,00%","100,00%","66,67%","0,00%","0,1300","0,1300","0,2000","0,1800","0,0000","1,0000",64%,0,Not certified
jul 25,VENEZUELA,SYSTEMS,CHANNELS,270,ENTERPRISE WEB & MOBILE,13,13,13,13,0,1,"3,0",5,"0,4601","0,2225","106,7470",858,1.864.862,415,1.864.862,"100,00%","100,00%","0,00%","60,00%","0,00%","0,1300","0,1300","0,0000","0,1620","0,0000","1,0000",42%,0,Not certified
jul 25,VENEZUELA,SYSTEMS,CHANNELS,271,RETAIL WEB & MOBILE,8,8,8,8,12,17,"2,0",4,"0,0611","0,0603","1,3872",129,2.110.839,132,2.189.890,"100,00%","100,00%","70,59%","50,00%","25,00%","0,1300","0,1300","0,1412","0,1350","0,0675","1,0000",60%,0,Not certified
jul 25,VENEZUELA,SYSTEMS,CORPORATE FUNCTIONS,80,FINANCE,17,17,17,17,3,3,"1,0",1,"-99,0000","-99,0000","0,0000",0,0,0,0,"100,00%","100,00%","100,00%","100,00%",-,"0,1300","0,1300","0,2000","0,2700",-,"0,7300",100%,1,Level 3
jul 25,VENEZUELA,SYSTEMS,CORPORATE FUNCTIONS,200,TALENT & CULTURE,9,9,9,9,1,1,"0,0",0,"-99,0000","-99,0000","0,0000",0,0,0,0,"100,00%","100,00%","100,00%",-,-,"0,1300","0,1300","0,2000",-,-,"0,4600",100%,1,Level 3
jul 25,VENEZUELA,SYSTEMS,CORPORATE FUNCTIONS,290,COMPLIANCE & DATA,11,11,10,10,1,1,"2,0",4,"0,0000","0,0000","0,0000",0,1.593,0,1.593,"100,00%","100,00%","100,00%","50,00%","100,00%","0,1300","0,1300","0,2000","0,1350","0,2700","1,0000",87%,1,Level 2
jul 25,VENEZUELA,SYSTEMS,CORPORATE FUNCTIONS,291,INTRANET,7,7,6,7,7,7,"3,0",4,"0,0000","0,0000","0,0000",0,14.860.896,0,14.843.173,"100,00%","85,71%","100,00%","75,00%","100,00%","0,1300","0,1114","0,2000","0,2025","0,2700","1,0000",91%,1,Level 3
jul 25,VENEZUELA,SYSTEMS,CROSS SERVICES,54,INTERBANK PAYMENTS,8,8,8,8,1,1,"2,0",4,"0,0000","0,0000","0,0000",0,686.690,0,686.690,"100,00%","100,00%","100,00%","50,00%","100,00%","0,1300","0,1300","0,2000","0,1350","0,2700","1,0000",87%,1,Level 2
jul 25,VENEZUELA,SYSTEMS,CROSS SERVICES,169,ACCOUNTS,5,5,5,5,4,4,"2,0",2,"0,0000","0,0000","0,0000",0,10.762,0,10.878,"100,00%","100,00%","100,00%","100,00%","100,00%","0,1300","0,1300","0,2000","0,2700","0,2700","1,0000",100%,1,Level 3
jul 25,VENEZUELA,SYSTEMS,CROSS SERVICES,350,CROSS SYSTEMS,13,13,13,13,6,6,"7,0",8,"0,0000","0,0000","0,0000",0,1.757.031,0,126,"100,00%","100,00%","100,00%","87,50%","100,00%","0,1300","0,1300","0,2000","0,2363","0,2700","1,0000",97%,1,Level 3
jul 25,VENEZUELA,SYSTEMS,PAYMENT,201,ISSUING(EMISOR/AUTORIZADOR),4,4,4,4,3,3,"1,5",2,"0,0000","0,0000","0,0000",0,20.640,0,15.915,"100,00%","100,00%","100,00%","75,00%","100,00%","0,1300","0,1300","0,2000","0,2025","0,2700","1,0000",93%,1,Level 3
jul 25,VENEZUELA,SYSTEMS,PAYMENT,202,MERCHANTS ACQUIARING,4,4,4,4,0,0,"2,0",2,"-99,0000","-99,0000","0,0000",0,0,0,0,"100,00%","100,00%",-,"100,00%",-,"0,1300","0,1300",-,"0,2700",-,"0,5300",100%,1,Level 3
jul 25,VENEZUELA,SYSTEMS,PAYMENT,203,OTHERS PAYMENTS,6,6,6,6,0,0,"4,0",4,"-99,0000","-99,0000","0,0000",0,0,0,0,"100,00%","100,00%",-,"100,00%",-,"0,1300","0,1300",-,"0,2700",-,"0,5300",100%,1,Level 3
ago 25,ARGENTINA,INGENIERÍA & DATA,ALPHA ARCHITECTURE,3572,ALPHA,1,1,1,1,35,39,"1,0",1,"0,0000","0,0000","0,0000",0,59.583,0,59.576,"100,00%","100,00%","89,74%","100,00%","100,00%","0,1300","0,1300","0,1795","0,2700","0,2700","1,0000",98%,1,Level 3
ago 25,ARGENTINA,INGENIERÍA & DATA,DATAHUB ARGENTINA,4343,DATIO-AR RIESGOS Y FINANZAS,1,1,1,1,16,18,"1,0",1,"0,0000","0,0000","0,0000",0,27.944,0,27.944,"100,00%","100,00%","88,89%","100,00%","100,00%","0,1300","0,1300","0,1778","0,2700","0,2700","1,0000",98%,1,Level 3
ago 25,ARGENTINA,INGENIERÍA & DATA,DATAHUB ARGENTINA,4344,DATIO-AR MODELOS LOCALES,1,1,1,1,4,4,"1,0",1,"0,0000","0,0000","0,0000",0,35.919,0,35.919,"100,00%","100,00%","100,00%","100,00%","100,00%","0,1300","0,1300","0,2000","0,2700","0,2700","1,0000",100%,1,Level 3
ago 25,ARGENTINA,INGENIERÍA & DATA,DATAHUB ARGENTINA,4345,DATIO-AR MODELOS GLOBALES,1,1,1,1,52,56,"1,0",1,"0,0000","0,0000","0,0000",0,58.717,0,58.717,"100,00%","100,00%","92,86%","100,00%","100,00%","0,1300","0,1300","0,1857","0,2700","0,2700","1,0000",99%,1,Level 3
ago 25,ARGENTINA,SYSTEMS ENGINEERING,ADQUIRENCIA,416,PA02 MERCHANTS-ACQUIRING / COMERCIOS-ADQUIRENCIA,4,4,4,4,1,1,"3,0",4,"-99,0000","-99,0000","0,0000",0,0,0,0,"100,00%","100,00%","100,00%","75,00%",-,"0,1300","0,1300","0,2000","0,2025",-,"0,7300",91%,1,Level 3
ago 25,ARGENTINA,SYSTEMS ENGINEERING,ADQUIRENCIA,4851,PA04 BBVA ADQUIRENTE - CICLO DE VIDA COMERCIOS,3,3,3,3,0,0,"1,0",1,"0,0000","0,0000","0,0000",0,45.909,0,45.909,"100,00%","100,00%",-,"100,00%","100,00%","0,1300","0,1300",-,"0,2700","0,2700","0,8000",100%,1,Level 3
ago 25,ARGENTINA,SYSTEMS ENGINEERING,ADQUIRENCIA,4853,PA03 PSP - MERCURIO,1,1,1,1,3,3,"1,0",2,"0,0000","0,0000","0,0000",0,35.535,0,34.978,"100,00%","100,00%","100,00%","50,00%","100,00%","0,1300","0,1300","0,2000","0,1350","0,2700","1,0000",87%,1,Level 2
ago 25,ARGENTINA,SYSTEMS ENGINEERING,ADQUIRENCIA,5297,PA05 BBVA ADQUIRENTE - TRANSACCIONALIDAD,0,0,0,0,1,1,"1,0",2,"0,0000","0,0000","0,0000",0,9.329,0,9.329,-,-,"100,00%","50,00%","100,00%",-,-,"0,2000","0,1350","0,2700","0,7400",82%,1,Level 2
ago 25,ARGENTINA,SYSTEMS ENGINEERING,ADQUIRENCIA,7836,PA06 BBVA ADQUIRENTE - ULTIMA MILLA,1,0,0,1,0,0,"0,0",0,"-99,0000","-99,0000","0,0000",0,0,0,0,"0,00%","0,00%",-,-,-,"0,0000","0,0000",-,-,-,"0,2600",0%,0,Not certified
ago 25,ARGENTINA,SYSTEMS ENGINEERING,CANALES EMPRESAS,379,AR02 ENTERPRISE WEB CORE,2,2,2,2,0,0,"0,0",0,"-99,0000","-99,0000","0,0000",0,0,0,0,"100,00%","100,00%",-,-,-,"0,1300","0,1300",-,-,-,"0,2600",100%,1,Level 3
ago 25,ARGENTINA,SYSTEMS ENGINEERING,CANALES EMPRESAS,381,EB02 ENTERPRISE MOBILE / MOVILES EMPRESAS,1,1,0,1,0,0,"0,0",0,"0,0472","0,0472","0,0000",17,360.221,17,360.221,"100,00%","0,00%",-,-,"50,00%","0,1300","0,0000",-,-,"0,1350","0,5300",50%,0,Not certified
ago 25,ARGENTINA,SYSTEMS ENGINEERING,CANALES EMPRESAS,382,EB01 ENTERPRISE WEB / WEB EMPRESAS,4,4,1,4,2,2,"0,0",2,"0,0000","0,0000","0,0000",0,1.240.266,0,1.240.266,"100,00%","25,00%","100,00%","0,00%","100,00%","0,1300","0,0325","0,2000","0,0000","0,2700","1,0000",63%,0,Not certified
ago 25,ARGENTINA,SYSTEMS ENGINEERING,CANALES EMPRESAS,4264,AR37 WEB PUBLICA EMPRESAS,2,2,0,2,0,0,"0,0",0,"0,0000","0,0000","0,0000",0,26.630,0,26.630,"100,00%","0,00%",-,-,"100,00%","0,1300","0,0000",-,-,"0,2700","0,5300",75%,1,Level 1
ago 25,ARGENTINA,SYSTEMS ENGINEERING,CANALES EMPRESAS,4651,EB03 Canales Empresas,5,5,2,5,0,0,"2,0",3,"0,0000","0,0000","0,0000",0,16.363,0,16.363,"100,00%","40,00%",-,"66,67%","100,00%","0,1300","0,0520",-,"0,1800","0,2700","0,8000",79%,1,Level 1
ago 25,ARGENTINA,SYSTEMS ENGINEERING,CANALES EMPRESAS,5963,AR43 OPEN BANKING EMPRESAS,1,1,1,1,0,0,"1,0",1,"0,0000","0,0000","0,0000",0,568,0,568,"100,00%","100,00%",-,"100,00%","100,00%","0,1300","0,1300",-,"0,2700","0,2700","0,8000",100%,1,Level 3
ago 25,ARGENTINA,SYSTEMS ENGINEERING,CANALES EMPRESAS,5964,AR42 ETPB,1,1,1,1,1,1,"0,5",1,"0,0000","0,0000","0,0000",0,2.129,0,2.129,"100,00%","100,00%","100,00%","50,00%","100,00%","0,1300","0,1300","0,2000","0,1350","0,2700","1,0000",87%,1,Level 2
ago 25,ARGENTINA,SYSTEMS ENGINEERING,CANALES EMPRESAS,6478,AR44 PLATAFORMA SENDA ARG,5,5,3,5,1,1,"1,0",2,"0,0000","0,0000","0,0000",0,40.272,0,40.272,"100,00%","60,00%","100,00%","50,00%","100,00%","0,1300","0,0780","0,2000","0,1350","0,2700","1,0000",81%,1,Level 2
ago 25,ARGENTINA,SYSTEMS ENGINEERING,CANALES EMPRESAS,6479,AR45 HELP DESK ARG,1,1,0,1,0,0,"1,0",1,"-99,0000","-99,0000","0,0000",0,0,0,0,"100,00%","0,00%",-,"100,00%",-,"0,1300","0,0000",-,"0,2700",-,"0,5300",75%,1,Level 1
ago 25,ARGENTINA,SYSTEMS ENGINEERING,CANALES EMPRESAS,6696,AR46 GEMA ARG,2,1,0,2,0,0,"0,0",0,"0,0000","0,0000","0,0000",0,50.326,0,50.326,"50,00%","0,00%",-,-,"100,00%","0,0650","0,0000",-,-,"0,2700","0,5300",63%,0,Not certified
ago 25,ARGENTINA,SYSTEMS ENGINEERING,CASH MANAGEMENT,140,AR28 PAGOS Y COBROS,10,10,6,10,5,5,"8,0",9,"0,0000","0,0000","0,0000",0,34.100,0,34.100,"100,00%","60,00%","100,00%","88,89%","100,00%","0,1300","0,0780","0,2000","0,2400","0,2700","1,0000",92%,1,Level 3
ago 25,ARGENTINA,SYSTEMS ENGINEERING,CASH MANAGEMENT,141,AR27 GESTIÓN DE CHEQUES,1,1,1,1,0,0,"1,0",1,"-99,0000","-99,0000","0,0000",0,0,0,0,"100,00%","100,00%",-,"100,00%",-,"0,1300","0,1300",-,"0,2700",-,"0,5300",100%,1,Level 3
ago 25,ARGENTINA,SYSTEMS ENGINEERING,CASH MANAGEMENT,142,PE01 PENSIONS,9,8,9,9,1,1,"5,0",5,"0,0000","0,0000","0,0000",0,107.761,0,107.761,"88,89%","100,00%","100,00%","100,00%","100,00%","0,1156","0,1300","0,2000","0,2700","0,2700","1,0000",99%,1,Level 3
ago 25,ARGENTINA,SYSTEMS ENGINEERING,CASH MANAGEMENT,7624,AR53 PAGOS NOMINAS / CONVENIOS,5,5,5,5,1,1,"4,0",4,"-99,0000","-99,0000","0,0000",0,0,0,0,"100,00%","100,00%","100,00%","100,00%",-,"0,1300","0,1300","0,2000","0,2700",-,"0,7300",100%,1,Level 3
ago 25,ARGENTINA,SYSTEMS ENGINEERING,CASH MANAGEMENT,7625,AR50 EFECTOS,1,1,1,1,1,1,"1,0",1,"-99,0000","-99,0000","0,0000",0,0,0,0,"100,00%","100,00%","100,00%","100,00%",-,"0,1300","0,1300","0,2000","0,2700",-,"0,7300",100%,1,Level 3
ago 25,ARGENTINA,SYSTEMS ENGINEERING,CASH MANAGEMENT,7626,AR51 ECHEQ / FCEM,2,2,2,2,0,0,"1,0",2,"0,0000","0,0000","0,0000",0,63.239,0,63.239,"100,00%","100,00%",-,"50,00%","100,00%","0,1300","0,1300",-,"0,1350","0,2700","0,8000",83%,1,Level 2
ago 25,ARGENTINA,SYSTEMS ENGINEERING,COMEX,435,AR16 COMERCIO EXTERIOR,5,4,3,5,1,1,"3,0",4,"0,0000","0,0000","0,0000",0,6.139,0,6.139,"80,00%","60,00%","100,00%","75,00%","100,00%","0,1040","0,0780","0,2000","0,2025","0,2700","1,0000",85%,1,Level 2
ago 25,ARGENTINA,SYSTEMS ENGINEERING,COMEX,7623,AR49 EXTRANJERO,5,5,5,5,4,4,"3,0",3,"0,0000","0,0000","0,0000",0,4.798,0,4.815,"100,00%","100,00%","100,00%","100,00%","100,00%","0,1300","0,1300","0,2000","0,2700","0,2700","1,0000",100%,1,Level 3
ago 25,ARGENTINA,SYSTEMS ENGINEERING,CORE PRODUCTS,332,AR21 SERVICIOS CORE FINANCIEROS,4,4,4,4,1,1,"4,0",4,"0,0000","0,0000","0,0000",0,1.630,0,1.630,"100,00%","100,00%","100,00%","100,00%","100,00%","0,1300","0,1300","0,2000","0,2700","0,2700","1,0000",100%,1,Level 3
ago 25,ARGENTINA,SYSTEMS ENGINEERING,CORE PRODUCTS,333,AR20 LOANS / PRÉSTAMOS,3,3,3,3,0,0,"3,0",3,"0,0000","0,0000","0,0000",0,3.038,0,3.038,"100,00%","100,00%",-,"100,00%","100,00%","0,1300","0,1300",-,"0,2700","0,2700","0,8000",100%,1,Level 3
ago 25,ARGENTINA,SYSTEMS ENGINEERING,CORE PRODUCTS,334,AR25 PEOPLE NEXTGEN,2,2,2,2,6,6,"0,5",1,"0,0000","0,0000","0,0000",0,86.069,0,85.986,"100,00%","100,00%","100,00%","50,00%","100,00%","0,1300","0,1300","0,2000","0,1350","0,2700","1,0000",87%,1,Level 2
ago 25,ARGENTINA,SYSTEMS ENGINEERING,CORE PRODUCTS,335,AR24 PEOPLE LEGACY,4,2,4,4,0,0,"2,5",3,"0,0000","0,0000","0,0000",0,267.196,0,267.196,"50,00%","100,00%",-,"83,33%","100,00%","0,0650","0,1300",-,"0,2250","0,2700","0,8000",86%,1,Level 2
ago 25,ARGENTINA,SYSTEMS ENGINEERING,CORE PRODUCTS,336,AR22 ACCOUNTS & DEPOSITS / CUENTAS,10,10,10,10,0,0,"7,0",9,"0,0000","0,0000","0,0000",0,122.224,0,122.224,"100,00%","100,00%",-,"77,78%","100,00%","0,1300","0,1300",-,"0,2100","0,2700","0,8000",93%,1,Level 3
ago 25,ARGENTINA,SYSTEMS ENGINEERING,CORE PRODUCTS,337,AR23 PEOPLE SERVICING,5,5,5,5,0,0,"3,0",3,"0,0000","0,0000","0,0000",0,197.080,0,197.080,"100,00%","100,00%",-,"100,00%","100,00%","0,1300","0,1300",-,"0,2700","0,2700","0,8000",100%,1,Level 3
ago 25,ARGENTINA,SYSTEMS ENGINEERING,CORE PRODUCTS,338,AR26 SERVICIOS PASIVOS,6,6,6,6,1,1,"5,0",6,"-99,0000","-99,0000","0,0000",0,0,0,0,"100,00%","100,00%","100,00%","83,33%",-,"0,1300","0,1300","0,2000","0,2250",-,"0,7300",94%,1,Level 3
ago 25,ARGENTINA,SYSTEMS ENGINEERING,CORPORATE FUNCTIONS,186,CF06 FINANCE / FINANZAS,13,13,13,13,2,2,"6,0",7,"-99,0000","-99,0000","0,0000",0,0,0,0,"100,00%","100,00%","100,00%","85,71%",-,"0,1300","0,1300","0,2000","0,2314",-,"0,7300",95%,1,Level 3
ago 25,ARGENTINA,SYSTEMS ENGINEERING,CORPORATE FUNCTIONS,187,CF07 PROCUREMENT,6,6,6,6,0,0,"2,0",3,"0,0000","0,0000","0,0000",0,85.829,0,85.732,"100,00%","100,00%",-,"66,67%","100,00%","0,1300","0,1300",-,"0,1800","0,2700","0,8000",89%,1,Level 2
ago 25,ARGENTINA,SYSTEMS ENGINEERING,CORPORATE FUNCTIONS,189,AR36 LOCAL SERVICES,9,9,8,9,0,0,"2,0",4,"0,0050","0,0050","0,0000",3,603.337,3,603.337,"100,00%","88,89%",-,"50,00%","50,00%","0,1300","0,1156",-,"0,1350","0,1350","0,8000",64%,0,Not certified
ago 25,ARGENTINA,SYSTEMS ENGINEERING,CORPORATE FUNCTIONS,190,CF02 COMPLIANCE,7,7,7,7,0,0,"1,0",2,"0,2383","0,2383","0,0000",81,339.933,81,339.933,"100,00%","100,00%",-,"50,00%","0,00%","0,1300","0,1300",-,"0,1350","0,0000","0,8000",49%,0,Not certified
ago 25,ARGENTINA,SYSTEMS ENGINEERING,CORPORATE FUNCTIONS,191,CF03 LEGAL,1,1,1,1,2,2,"1,0",1,"-99,0000","-99,0000","0,0000",0,0,0,0,"100,00%","100,00%","100,00%","100,00%",-,"0,1300","0,1300","0,2000","0,2700",-,"0,7300",100%,1,Level 3
ago 25,ARGENTINA,SYSTEMS ENGINEERING,CORPORATE FUNCTIONS,192,AR19 DIGITALIZACIÓN DE IMAGENES,3,3,2,3,1,1,"1,5",2,"0,0503","0,0503","0,0000",4,79.491,4,79.491,"100,00%","66,67%","100,00%","75,00%","50,00%","0,1300","0,0867","0,2000","0,2025","0,1350","1,0000",75%,1,Level 1
ago 25,ARGENTINA,SYSTEMS ENGINEERING,CORPORATE FUNCTIONS,193,AR18 AUTOMATIZACIÓN DE PROCESOS,1,1,1,1,2,2,"0,0",0,"-99,0000","-99,0000","0,0000",0,0,0,0,"100,00%","100,00%","100,00%",-,-,"0,1300","0,1300","0,2000",-,-,"0,4600",100%,1,Level 3
ago 25,ARGENTINA,SYSTEMS ENGINEERING,CORPORATE FUNCTIONS,194,AR17 ENGINEERING SERVICES,13,13,10,13,0,0,"4,0",4,"0,0000","0,0000","0,0000",0,312.092,0,312.092,"100,00%","76,92%",-,"100,00%","100,00%","0,1300","0,1000",-,"0,2700","0,2700","0,8000",96%,1,Level 3
ago 25,ARGENTINA,SYSTEMS ENGINEERING,CORPORATE FUNCTIONS,195,CF01 TALENT & CULTURA,17,17,13,13,0,0,"2,5",7,"0,0618","0,0618","0,0000",61,986.727,61,986.727,"100,00%","100,00%",-,"35,71%","50,00%","0,1300","0,1300",-,"0,0964","0,1350","0,8000",61%,0,Not certified
ago 25,ARGENTINA,SYSTEMS ENGINEERING,MEDIOS DE PAGO,409,AR06 COBRANZAS EMISIÓN TC,4,4,4,4,0,0,"3,0",3,"-99,0000","-99,0000","0,0000",0,0,0,0,"100,00%","100,00%",-,"100,00%",-,"0,1300","0,1300",-,"0,2700",-,"0,5300",100%,1,Level 3
ago 25,ARGENTINA,SYSTEMS ENGINEERING,MEDIOS DE PAGO,410,AR11 ABM,2,2,1,2,0,0,"1,0",1,"0,0000","0,0000","0,0000",0,12.056,0,12.056,"100,00%","50,00%",-,"100,00%","100,00%","0,1300","0,0650",-,"0,2700","0,2700","0,8000",92%,1,Level 3
ago 25,ARGENTINA,SYSTEMS ENGINEERING,MEDIOS DE PAGO,412,RB04 ATM /CAJEROS AUTOMATICOS,1,1,1,1,0,0,"1,0",1,"-99,0000","-99,0000","0,0000",0,0,0,0,"100,00%","100,00%",-,"100,00%",-,"0,1300","0,1300",-,"0,2700",-,"0,5300",100%,1,Level 3
ago 25,ARGENTINA,SYSTEMS ENGINEERING,MEDIOS DE PAGO,413,AR07 TARJETA DE DÉBITO,1,1,1,1,0,0,"1,0",1,"-99,0000","-99,0000","0,0000",0,0,0,0,"100,00%","100,00%",-,"100,00%",-,"0,1300","0,1300",-,"0,2700",-,"0,5300",100%,1,Level 3
ago 25,ARGENTINA,SYSTEMS ENGINEERING,MEDIOS DE PAGO,414,AR12 CONTABILIDAD TC,3,3,1,3,3,3,"3,0",3,"-99,0000","-99,0000","0,0000",0,0,0,0,"100,00%","33,33%","100,00%","100,00%",-,"0,1300","0,0433","0,2000","0,2700",-,"0,7300",88%,1,Level 2
ago 25,ARGENTINA,SYSTEMS ENGINEERING,MEDIOS DE PAGO,418,AR10 IMPUESTOS TC,2,2,2,2,0,0,"2,0",2,"-99,0000","-99,0000","0,0000",0,0,0,0,"100,00%","100,00%",-,"100,00%",-,"0,1300","0,1300",-,"0,2700",-,"0,5300",100%,1,Level 3
ago 25,ARGENTINA,SYSTEMS ENGINEERING,MEDIOS DE PAGO,7622,AR48 DISTRIBUCIÓN DE PRODUCTOS,2,2,1,2,0,0,"1,0",2,"0,0000","0,0000","0,0000",0,8.298,0,8.298,"100,00%","50,00%",-,"50,00%","100,00%","0,1300","0,0650",-,"0,1350","0,2700","0,8000",75%,1,Level 1
ago 25,ARGENTINA,SYSTEMS ENGINEERING,MERCADOS Y CUSTODIAS,433,CIB04 GLOBAL MARKET,4,4,4,4,7,7,"2,0",2,"0,0000","0,0000","0,0000",0,14.797,0,14.800,"100,00%","100,00%","100,00%","100,00%","100,00%","0,1300","0,1300","0,2000","0,2700","0,2700","1,0000",100%,1,Level 3
ago 25,ARGENTINA,SYSTEMS ENGINEERING,MERCADOS Y CUSTODIAS,7605,CIB07 ASSET MANAGEMENT,3,3,3,3,4,4,"2,0",2,"-99,0000","-99,0000","0,0000",0,0,0,0,"100,00%","100,00%","100,00%","100,00%",-,"0,1300","0,1300","0,2000","0,2700",-,"0,7300",100%,1,Level 3
ago 25,ARGENTINA,SYSTEMS ENGINEERING,MERCADOS Y CUSTODIAS,7608,CIB05 OPERATION DATA,1,1,1,1,13,13,"1,0",2,"0,0000","0,0000","0,0000",0,44.952,0,45.855,"100,00%","100,00%","100,00%","50,00%","100,00%","0,1300","0,1300","0,2000","0,1350","0,2700","1,0000",87%,1,Level 2
ago 25,ARGENTINA,SYSTEMS ENGINEERING,MERCADOS Y CUSTODIAS,7610,CIB06 ALYC,1,1,0,1,7,7,"1,0",2,"-99,0000","-99,0000","0,0000",0,0,0,0,"100,00%","0,00%","100,00%","50,00%",-,"0,1300","0,0000","0,2000","0,1350",-,"0,7300",64%,0,Not certified
ago 25,ARGENTINA,SYSTEMS ENGINEERING,MODELOS DE ATENCIÓN,136,RB05 RETAIL CONTACT CENTER / CONTACT CENTER PARTICULARES,7,5,6,7,0,0,"4,0",4,"5,7625","5,7625","0,0000",792,137.441,792,137.441,"71,43%","85,71%",-,"100,00%","0,00%","0,0929","0,1114",-,"0,2700","0,0000","0,8000",59%,0,Not certified
ago 25,ARGENTINA,SYSTEMS ENGINEERING,MODELOS DE ATENCIÓN,137,AR34 GESTION SUCURSALES y RECLAMOS,2,2,2,2,2,2,"1,0",2,"0,2097","0,2097","0,0000",24,114.443,24,114.443,"100,00%","100,00%","100,00%","50,00%","0,00%","0,1300","0,1300","0,2000","0,1350","0,0000","1,0000",60%,0,Not certified
ago 25,ARGENTINA,SYSTEMS ENGINEERING,MODELOS DE ATENCIÓN,139,AR01 AUTOSERVICIOS SUCURSALES,4,4,3,4,0,0,"2,0",4,"0,0043","0,0043","0,0000",1,231.583,1,231.583,"100,00%","75,00%",-,"50,00%","50,00%","0,1300","0,0975",-,"0,1350","0,1350","0,8000",62%,0,Not certified
ago 25,ARGENTINA,SYSTEMS ENGINEERING,MODELOS DE ATENCIÓN,4263,RB07 CONTACT CENTER / GESTION DE MORA,4,4,4,4,2,2,"3,0",4,"-99,0000","-99,0000","0,0000",0,0,0,0,"100,00%","100,00%","100,00%","75,00%",-,"0,1300","0,1300","0,2000","0,2025",-,"0,7300",91%,1,Level 3
ago 25,ARGENTINA,SYSTEMS ENGINEERING,MODELOS DE ATENCIÓN,5854,AR41 TRAFFIC GENERATION & MARKETING AUTOMATION,1,1,1,1,0,0,"1,0",1,"0,1476","0,1476","0,0000",2,13.547,2,13.547,"100,00%","100,00%",-,"100,00%","50,00%","0,1300","0,1300",-,"0,2700","0,1350","0,8000",83%,1,Level 2
ago 25,ARGENTINA,SYSTEMS ENGINEERING,MODELOS DE ATENCIÓN,7602,AR30 TESORO y CAJA,2,2,1,2,0,0,"1,0",2,"0,0145","0,0145","0,0000",3,207.359,3,207.359,"100,00%","50,00%",-,"50,00%","50,00%","0,1300","0,0650",-,"0,1350","0,1350","0,8000",58%,0,Not certified
ago 25,ARGENTINA,SYSTEMS ENGINEERING,MOTOR AGRO,8004,AR08 AGRO,2,0,0,2,0,0,"0,0",0,"-99,0000","-99,0000","0,0000",0,0,0,0,"0,00%","0,00%",-,-,-,"0,0000","0,0000",-,-,-,"0,2600",0%,0,Not certified
ago 25,ARGENTINA,SYSTEMS ENGINEERING,PRODUCTOS RETAIL,5193,AR39 PRÉSTAMOS PERSONALES,4,4,4,4,0,0,"1,0",1,"-99,0000","-99,0000","0,0000",0,0,0,0,"100,00%","100,00%",-,"100,00%",-,"0,1300","0,1300",-,"0,2700",-,"0,5300",100%,1,Level 3
ago 25,ARGENTINA,SYSTEMS ENGINEERING,PRODUCTOS RETAIL,5473,AR55 PRESTAMOS PRENDARIOS CANALES INTERNOS,3,3,3,3,0,0,"3,0",3,"1,5744","1,5744","0,0000",194,123.225,194,123.225,"100,00%","100,00%",-,"100,00%","0,00%","0,1300","0,1300",-,"0,2700","0,0000","0,8000",66%,0,Not certified
ago 25,ARGENTINA,SYSTEMS ENGINEERING,PRODUCTOS RETAIL,7145,AR03 PRESTAMOS HIPOTECARIOS CANALES INTERNOS,1,1,1,1,3,3,"1,0",1,"0,0000","0,0000","0,0000",0,126,0,126,"100,00%","100,00%","100,00%","100,00%","100,00%","0,1300","0,1300","0,2000","0,2700","0,2700","1,0000",100%,1,Level 3
ago 25,ARGENTINA,SYSTEMS ENGINEERING,PRODUCTOS RETAIL,7935,AR54 PRESTAMOS HIPOTECARIOS CANALES DIGITALES,3,3,0,3,1,1,"3,0",3,"-99,0000","-99,0000","0,0000",0,0,0,0,"100,00%","0,00%","100,00%","100,00%",-,"0,1300","0,0000","0,2000","0,2700",-,"0,7300",82%,1,Level 2
ago 25,ARGENTINA,SYSTEMS ENGINEERING,RIESGOS MAYORISTAS,188,CF05 RISKS / RIESGOS MAYORISTA,14,14,5,14,11,11,"10,0",11,"0,0222","0,0000","0,0000",2,89.899,0,88.964,"100,00%","35,71%","100,00%","90,91%","0,00%","0,1300","0,0464","0,2000","0,2455","0,0000","1,0000",62%,0,Not certified
ago 25,ARGENTINA,SYSTEMS ENGINEERING,STAFFING Y METODOLOGÍA,149,AR35 BRANCHES / OFICINAS OPERATORIA,3,3,3,3,0,0,"1,0",2,"0,3782","0,3782","0,0000",1.494,3.950.728,1.494,3.950.728,"100,00%","100,00%",-,"50,00%","0,00%","0,1300","0,1300",-,"0,1350","0,0000","0,8000",49%,0,Not certified
ago 25,ARGENTINA,SYSTEMS ENGINEERING,SWF SEGUROS,72,IN01 INSURANCE DISTRIBUTION/CHANNELS WEB,6,5,0,6,0,0,"1,5",2,"0,0000","0,0000","0,0000",0,393.907,0,393.907,"83,33%","0,00%",-,"75,00%","100,00%","0,1083","0,0000",-,"0,2025","0,2700","0,8000",73%,1,Level 1
ago 25,ARGENTINA,SYSTEMS ENGINEERING,SWF SEGUROS,73,AR14 INSURANCE SERVICES,3,3,3,3,0,0,"2,0",2,"-99,0000","-99,0000","0,0000",0,0,0,0,"100,00%","100,00%",-,"100,00%",-,"0,1300","0,1300",-,"0,2700",-,"0,5300",100%,1,Level 3
ago 25,ARGENTINA,SYSTEMS ENGINEERING,SWF SEGUROS,74,AR13 INSURANCE DISTRIBUTION/CHANNELS CORE,5,5,2,5,0,0,"1,0",1,"-99,0000","-99,0000","0,0000",0,0,0,0,"100,00%","40,00%",-,"100,00%",-,"0,1300","0,0520",-,"0,2700",-,"0,5300",85%,1,Level 2
ago 25,ARGENTINA,SYSTEMS ENGINEERING,SWF VINCULADAS,7632,AM05 CONSUMER FINANCE,12,12,10,12,1,1,"8,5",10,"0,1195","0,1195","0,0000",42,351.579,42,351.579,"100,00%","83,33%","100,00%","85,00%","50,00%","0,1300","0,1083","0,2000","0,2295","0,1350","1,0000",80%,1,Level 2
ago 25,ARGENTINA,SYSTEMS ENGINEERING,SWF VINCULADAS,7633,AM03 CONSUMER FINANCE,5,5,5,5,2,2,"0,5",1,"0,0000","0,0000","0,0000",0,272.896,0,272.664,"100,00%","100,00%","100,00%","50,00%","100,00%","0,1300","0,1300","0,2000","0,1350","0,2700","1,0000",87%,1,Level 2
ago 25,ARGENTINA,SYSTEMS ENGINEERING,SWF VINCULADAS,7634,AM04 CONSUMER FINANCE,6,5,5,6,0,0,"0,0",1,"0,0000","0,0000","0,0000",0,285.799,0,285.799,"83,33%","83,33%",-,"0,00%","100,00%","0,1083","0,1083",-,"0,0000","0,2700","0,8000",61%,0,Not certified
ago 25,ARGENTINA,SYSTEMS ENGINEERING,TRANSFORMACION Y CALIDAD OPERATIVA,6213,TRANSFORMACIÓN NEXTGEN,1,0,0,1,0,0,"0,0",1,"0,0000","0,0000","0,0000",0,247.805,0,247.805,"0,00%","0,00%",-,"0,00%","100,00%","0,0000","0,0000",-,"0,0000","0,2700","0,8000",34%,0,Not certified
ago 25,ARGENTINA,SYSTEMS ENGINEERING,TRANSFORMACION Y CALIDAD OPERATIVA,6778,PROCESS SYSTEMS ARG,0,0,0,0,0,0,"2,0",2,"0,0000","0,0000","0,0000",0,1.434,0,1.434,-,-,-,"100,00%","100,00%",-,-,-,"0,2700","0,2700","0,5400",100%,1,Level 3
ago 25,ARGENTINA,SYSTEMS ENGINEERING,TRANSFORMACION Y CALIDAD OPERATIVA,6860,DEVOPS AR,2,2,0,2,0,0,"0,0",2,"0,0000","0,0000","0,0000",0,746.421,0,746.421,"100,00%","0,00%",-,"0,00%","100,00%","0,1300","0,0000",-,"0,0000","0,2700","0,8000",50%,0,Not certified
ago 25,ARGENTINA,SYSTEMS ENGINEERING,VENTAS,5194,RB06 NECESIDADES DIGITALES,2,2,2,2,0,0,"1,0",1,"0,3119","0,3119","0,0000",101,323.840,101,323.840,"100,00%","100,00%",-,"100,00%","0,00%","0,1300","0,1300",-,"0,2700","0,0000","0,8000",66%,0,Not certified
ago 25,ARGENTINA,SYSTEMS ENGINEERING,VENTAS,5195,AR31 PAQUETES Y TARJETAS,5,5,5,5,1,1,"0,0",1,"-99,0000","-99,0000","0,0000",0,0,0,0,"100,00%","100,00%","100,00%","0,00%",-,"0,1300","0,1300","0,2000","0,0000",-,"0,7300",63%,0,Not certified
ago 25,ARGENTINA,SYSTEMS ENGINEERING,VENTAS,5196,AR33 PRODUCTOS NO CREDITICIOS,4,4,4,4,0,0,"0,5",1,"0,0000","0,0000","0,0000",0,1.664.566,0,1.664.566,"100,00%","100,00%",-,"50,00%","100,00%","0,1300","0,1300",-,"0,1350","0,2700","0,8000",83%,1,Level 2
ago 25,ARGENTINA,SYSTEMS ENGINEERING,VENTAS,5197,AR40 PRODUCTIVIDAD,1,1,1,1,0,0,"0,0",0,"0,0000","0,0000","0,0000",0,230,0,230,"100,00%","100,00%",-,-,"100,00%","0,1300","0,1300",-,-,"0,2700","0,5300",100%,1,Level 3
ago 25,ARGENTINA,SYSTEMS ENGINEERING,VENTAS,5198,AR32 MOTOR DE RIESGOS,2,2,2,2,0,0,"0,0",1,"0,0000","0,0000","0,0000",0,119.802,0,119.802,"100,00%","100,00%",-,"0,00%","100,00%","0,1300","0,1300",-,"0,0000","0,2700","0,8000",66%,0,Not certified
ago 25,ARGENTINA,SYSTEMS ENGINEERING,VENTAS,6161,AR47 FORMULARIOS Y CONTRATOS DIGITALES,2,1,1,2,0,0,"3,5",4,"0,0000","0,0000","0,0000",0,39.531,0,39.405,"50,00%","50,00%",-,"87,50%","100,00%","0,0650","0,0650",-,"0,2363","0,2700","0,8000",80%,1,Level 1
ago 25,ARGENTINA,SYSTEMS ENGINEERING,WALLET & DIGITAL CHANNELS,229,RB02 RETAIL MOBILE / MOVILES PARTICULARES,17,17,1,17,3,4,"15,0",19,"0,0000","0,0000","0,0000",0,3.390,0,3.317,"100,00%","5,88%","75,00%","78,95%","100,00%","0,1300","0,0076","0,1500","0,2132","0,2700","1,0000",77%,1,Level 1
ago 25,ARGENTINA,SYSTEMS ENGINEERING,WALLET & DIGITAL CHANNELS,230,RB01 RETAIL WEB / WEBS PARTICULARES,23,23,6,23,6,7,"15,0",19,"0,0000","0,0000","0,0000",0,313.395,0,313.395,"100,00%","26,09%","85,71%","78,95%","100,00%","0,1300","0,0339","0,1714","0,2132","0,2700","1,0000",82%,1,Level 2
ago 25,ARGENTINA,SYSTEMS ENGINEERING,WALLET & DIGITAL CHANNELS,411,AR09 BENEFICIOS,3,3,0,3,0,0,"0,0",3,"0,0016","0,0016","0,0000",2,1.261.333,2,1.261.333,"100,00%","0,00%",-,"0,00%","100,00%","0,1300","0,0000",-,"0,0000","0,2700","0,8000",50%,0,Not certified
ago 25,ARGENTINA,SYSTEMS ENGINEERING,WALLET & DIGITAL CHANNELS,415,AR04 MEDIOS ELECTRONICOS DE PAGOS - MOBILE,2,2,0,2,0,0,"0,0",1,"0,0000","0,0000","0,0000",0,76.395,0,76.395,"100,00%","0,00%",-,"0,00%","100,00%","0,1300","0,0000",-,"0,0000","0,2700","0,8000",50%,0,Not certified
ago 25,ARGENTINA,SYSTEMS ENGINEERING,WALLET & DIGITAL CHANNELS,417,AR05 LOYALTY,2,2,2,2,0,0,"0,0",1,"0,0000","0,0000","0,0000",0,103.151,0,103.151,"100,00%","100,00%",-,"0,00%","100,00%","0,1300","0,1300",-,"0,0000","0,2700","0,8000",66%,0,Not certified
ago 25,ARGENTINA,SYSTEMS ENGINEERING,WALLET & DIGITAL CHANNELS,4265,AR38 SALUD FINANCIERA,1,1,0,1,0,0,"0,0",0,"0,0000","0,0000","0,0000",0,0,0,0,"100,00%","0,00%",-,-,-,"0,1300","0,0000",-,-,-,"0,2600",50%,0,Not certified
ago 25,ARGENTINA,SYSTEMS ENGINEERING,WALLET & DIGITAL CHANNELS,6716,AR15 EVOLUCION DIGITAL DE GESTION DE TARJETAS,1,1,0,1,0,0,"0,0",1,"0,0000","0,0000","0,0000",0,46.228,0,46.228,"100,00%","0,00%",-,"0,00%","100,00%","0,1300","0,0000",-,"0,0000","0,2700","0,8000",50%,0,Not certified
ago 25,CFE,AUD.LEGAL&CHAIRMAN UNITS,,12,"LEGAL, FUNDACIÓN BBVA….",23,21,15,17,2,2,"11,5",15,"0,0004","0,0004","0,0003",1,2.387.687,1,2.387.695,"91,30%","88,24%","100,00%","76,67%","100,00%","0,1187","0,1147","0,2000","0,2070","0,2700","1,0000",91%,1,Level 3
ago 25,CFE,AUD.LEGAL&CHAIRMAN UNITS,,13,AUDIT,6,6,5,5,0,0,"4,5",5,"0,0100","0,0100","0,0000",6,601.971,6,601.971,"100,00%","100,00%",-,"90,00%","50,00%","0,1300","0,1300",-,"0,2430","0,1350","0,8000",80%,1,Level 1
ago 25,CFE,AUD.LEGAL&CHAIRMAN UNITS,,16,OTHERS NO CFE,3,3,3,3,0,0,"2,0",3,"0,0469","0,0469","-0,0031",39,830.709,39,830.683,"100,00%","100,00%",-,"66,67%","75,00%","0,1300","0,1300",-,"0,1800","0,2025","0,8000",80%,1,Level 2
ago 25,CFE,AUD.LEGAL&CHAIRMAN UNITS,,17,COMMS,17,15,11,12,0,0,"10,0",16,"0,0241","0,0241","0,0000",43,1.782.468,43,1.782.468,"88,24%","91,67%",-,"62,50%","50,00%","0,1147","0,1192",-,"0,1688","0,1350","0,8000",67%,0,Not certified
ago 25,CFE,AUD.LEGAL&CHAIRMAN UNITS,,18,ENGINEERING FOR ENGINEERING,14,14,14,14,0,0,"9,5",13,"0,0005","0,0006","-2,7571",1,1.851.553,1,1.800.503,"100,00%","100,00%",-,"73,08%","100,00%","0,1300","0,1300",-,"0,1973","0,2700","0,8000",91%,1,Level 3
ago 25,CFE,AUD.LEGAL&CHAIRMAN UNITS,,37,M&A,10,9,4,4,2,2,"6,0",7,"0,0000","0,0000","0,0000",0,64.684,0,64.684,"90,00%","100,00%","100,00%","85,71%","100,00%","0,1170","0,1300","0,2000","0,2314","0,2700","1,0000",95%,1,Level 3
ago 25,CFE,FINANCE,,27,REPORTING REGULATORIO,10,10,11,11,0,0,"10,5",12,"0,0000","0,0000","0,0000",0,790.830,0,786.180,"100,00%","100,00%",-,"87,50%","100,00%","0,1300","0,1300",-,"0,2363","0,2700","0,8000",96%,1,Level 3
ago 25,CFE,FINANCE,,34,CONSOLIDACIÓN REPORTING Y FISCAL,12,10,10,10,1,1,"9,5",13,"0,0000","0,0000","0,0000",0,7.151.027,0,7.150.999,"83,33%","100,00%","100,00%","73,08%","100,00%","0,1083","0,1300","0,2000","0,1973","0,2700","1,0000",91%,1,Level 3
ago 25,CFE,FINANCE,,42,PROCUREMENT,6,6,5,5,1,1,"3,0",6,"0,1984","0,1984","0,0000",140,705.628,140,705.628,"100,00%","100,00%","100,00%","50,00%","50,00%","0,1300","0,1300","0,2000","0,1350","0,1350","1,0000",73%,1,Level 1
ago 25,CFE,FINANCE,,43,INVEST & COST MANAGEMENT,5,5,5,5,8,8,"2,0",5,"0,0000","0,0000","0,0000",0,1.578.685,0,1.577.970,"100,00%","100,00%","100,00%","40,00%","100,00%","0,1300","0,1300","0,2000","0,1080","0,2700","1,0000",84%,1,Level 2
ago 25,CFE,FINANCE,,45,RENTABILIDAD & PERFORMANCE MANAGEMENT,3,3,4,4,7,7,"2,0",3,"0,0000","0,0098","-100,0000",0,100.443,1,102.484,"100,00%","100,00%","100,00%","66,67%","100,00%","0,1300","0,1300","0,2000","0,1800","0,2700","1,0000",91%,1,Level 3
ago 25,CFE,R&IC,,9,NFR,5,5,4,4,6,6,"1,0",4,"0,0000","0,0000","0,0000",0,671.437,0,670.662,"100,00%","100,00%","100,00%","25,00%","100,00%","0,1300","0,1300","0,2000","0,0675","0,2700","1,0000",80%,1,Level 1
ago 25,CFE,R&IC,,29,CONTROL INTERNO DE RIESGOS,4,4,4,4,3,3,"2,0",5,"0,0750","0,0750","0,0000",45,600.299,45,600.299,"100,00%","100,00%","100,00%","40,00%","50,00%","0,1300","0,1300","0,2000","0,1080","0,1350","1,0000",70%,1,Level 1
ago 25,CFE,R&IC,,30,COMPLIANCE,15,13,11,14,0,0,"7,5",15,"0,0022","0,0022","-0,2877",7,3.130.537,7,3.121.532,"86,67%","78,57%",-,"50,00%","100,00%","0,1127","0,1021",-,"0,1350","0,2700","0,8000",77%,1,Level 1
ago 25,CFE,R&IC,,4911,CROSS DATA & AML,0,0,1,1,17,17,"1,0",1,"0,0000","0,0000","0,0000",0,272.719,0,264.245,-,"100,00%","100,00%","100,00%","100,00%",-,"0,1300","0,2000","0,2700","0,2700","0,8700",100%,1,Level 3
ago 25,CFE,R&IC,,6151,SCREENING & TRANSACTION MONITORING AML,6,5,0,7,7,7,"3,0",5,"0,0000","0,0000","0,0000",0,75.802,0,75.802,"83,33%","0,00%","100,00%","60,00%","100,00%","0,1083","0,0000","0,2000","0,1620","0,2700","1,0000",74%,1,Level 1
ago 25,CFE,R&IC,,7051,REPORTING FRAUDE,1,1,0,1,0,0,"0,0",0,"0,0000","0,0000","0,0000",0,367.477,0,367.477,"100,00%","0,00%",-,-,"100,00%","0,1300","0,0000",-,-,"0,2700","0,5300",75%,1,Level 1
ago 25,CFE,RISK,,6,RETAIL CREDIT RISK,0,0,3,3,0,0,"1,5",3,"0,0000","0,0000","0,0000",0,357.880,0,357.890,-,"100,00%",-,"50,00%","100,00%",-,"0,1300",-,"0,1350","0,2700","0,6700",80%,1,Level 1
ago 25,CFE,RISK,,7,PROVISIONES,3,3,3,3,2,2,"2,0",3,"0,0000","0,0000","0,0000",0,603.179,0,603.188,"100,00%","100,00%","100,00%","66,67%","100,00%","0,1300","0,1300","0,2000","0,1800","0,2700","1,0000",91%,1,Level 3
ago 25,CFE,RISK,,28,OTHER RISKS,15,15,11,15,1,1,"12,0",13,"0,0000","0,0000","0,0000",0,1.550.003,0,1.550.001,"100,00%","73,33%","100,00%","92,31%","100,00%","0,1300","0,0953","0,2000","0,2492","0,2700","1,0000",94%,1,Level 3
ago 25,CFE,RISK,,31,WHOLESALE CREDIT RISK,11,10,10,10,11,11,"9,0",11,"0,0000","0,0000","0,0000",0,1.824.061,0,1.817.905,"90,91%","100,00%","100,00%","81,82%","100,00%","0,1182","0,1300","0,2000","0,2209","0,2700","1,0000",94%,1,Level 3
ago 25,CFE,RISK,,38,ESG & REPORTING & ANALYTICS,8,7,9,9,13,14,"5,0",10,"0,0000","0,0000","0,0000",0,1.210.783,0,1.210.182,"87,50%","100,00%","92,86%","50,00%","100,00%","0,1138","0,1300","0,1857","0,1350","0,2700","1,0000",83%,1,Level 2
ago 25,CFE,RISK,,46,CAPITAL,10,10,5,10,7,7,"6,0",8,"0,0000","0,0000","0,0000",0,623.838,0,623.833,"100,00%","50,00%","100,00%","75,00%","100,00%","0,1300","0,0650","0,2000","0,2025","0,2700","1,0000",87%,1,Level 2
ago 25,CFE,T&C,,11,TALENT MANAGEMENT,24,24,15,16,0,1,"15,0",21,"0,0000","0,0000","0,0000",0,1.942.171,0,1.942.402,"100,00%","93,75%","0,00%","71,43%","100,00%","0,1300","0,1219","0,0000","0,1929","0,2700","1,0000",71%,1,Level 1
ago 25,CFE,T&C,,41,PREMISES & SERVICES,24,21,19,21,2,2,"16,0",18,"0,0910","0,0910","0,0000",138,1.516.733,138,1.516.733,"87,50%","90,48%","100,00%","88,89%","50,00%","0,1138","0,1176","0,2000","0,2400","0,1350","1,0000",81%,1,Level 2
ago 25,CFE,T&C,,47,WORKFORCE ADMINISTRATION,2,2,1,1,3,3,"2,0",2,"0,0087","0,0087","0,0000",4,457.563,4,457.563,"100,00%","100,00%","100,00%","100,00%","50,00%","0,1300","0,1300","0,2000","0,2700","0,1350","1,0000",87%,1,Level 2
ago 25,CFE,T&C,,5028,WORKFORCE RECRUITING-TALENT,2,2,0,0,0,0,"3,0",3,"0,0000","0,0000","0,0000",0,6.158,0,6.158,"100,00%",-,-,"100,00%","100,00%","0,1300",-,-,"0,2700","0,2700","0,6700",100%,1,Level 3
ago 25,CIB,DATA ENGINEERING,ANALYTICS,7557,GTB ANALYTICS,2,2,2,2,0,0,"2,0",2,"0,0000","0,0000","0,0000",0,33.258,0,33.258,"100,00%","100,00%",-,"100,00%","100,00%","0,1300","0,1300",-,"0,2700","0,2700","0,8000",100%,1,Level 3
ago 25,CIB,DATA ENGINEERING,ANALYTICS,7558,POST-TRADE SOLUTIONS,11,10,11,11,35,35,"5,0",8,"0,2513","0,2768","-9,2092",3.500,13.929.345,3.858,13.940.128,"90,91%","100,00%","100,00%","62,50%","0,00%","0,1182","0,1300","0,2000","0,1688","0,0000","1,0000",62%,0,Not certified
ago 25,CIB,DATA ENGINEERING,ANALYTICS,7559,SUSTAINABILITY SOLUTIONS,4,4,4,4,1,1,"4,0",4,"0,0000","0,0000","0,0000",0,275.894,0,275.875,"100,00%","100,00%","100,00%","100,00%","100,00%","0,1300","0,1300","0,2000","0,2700","0,2700","1,0000",100%,1,Level 3
ago 25,CIB,DATA ENGINEERING,DATA HUB,4921,CIB DATAHUB & EXECUTION,1,1,1,1,51,52,"0,0",1,"0,0000","0,0000","0,0000",0,136.882,0,136.882,"100,00%","100,00%","98,08%","0,00%","100,00%","0,1300","0,1300","0,1962","0,0000","0,2700","1,0000",73%,1,Level 1
ago 25,CIB,DATA ENGINEERING,FINANCE DATA,7549,DATAWAREHOUSE & DATAMARTS,2,2,2,2,4,4,"2,0",2,"0,0086","0,0000","0,0000",18,2.095.921,0,2.095.921,"100,00%","100,00%","100,00%","100,00%","0,00%","0,1300","0,1300","0,2000","0,2700","0,0000","1,0000",73%,1,Level 1
ago 25,CIB,DATA ENGINEERING,FINANCE DATA,7967,FINANCE ANALYTICS,1,0,0,1,0,0,"0,0",0,"-99,0000","-99,0000","0,0000",0,0,0,0,"0,00%","0,00%",-,-,-,"0,0000","0,0000",-,-,-,"0,2600",0%,0,Not certified
ago 25,CIB,DATA ENGINEERING,RISK DATA,7551,GM RISK DATA,1,1,1,1,17,17,"0,0",1,"0,4258","0,4258","0,0000",322,756.261,322,756.261,"100,00%","100,00%","100,00%","0,00%","0,00%","0,1300","0,1300","0,2000","0,0000","0,0000","1,0000",46%,0,Not certified
ago 25,CIB,DATA ENGINEERING,RISK DATA,7552,GMRU ANALYTICS,1,1,1,1,15,15,"1,0",1,"0,0000","0,0000","0,0000",0,191.185,0,191.185,"100,00%","100,00%","100,00%","100,00%","100,00%","0,1300","0,1300","0,2000","0,2700","0,2700","1,0000",100%,1,Level 3
ago 25,CIB,DATA ENGINEERING,UNDERWRITING & COMMERCIAL PROCESS,7554,COMMERCIAL MANAGEMENT - CRM,2,2,1,1,7,7,"0,0",1,"0,0279","0,0322","-13,4179",46,1.650.704,50,1.553.493,"100,00%","100,00%","100,00%","0,00%","100,00%","0,1300","0,1300","0,2000","0,0000","0,2700","1,0000",73%,1,Level 1
ago 25,CIB,DATA ENGINEERING,UNDERWRITING & COMMERCIAL PROCESS,7556,UNDERWRITING SERVICE,5,4,3,5,5,5,"2,0",4,"0,0000","0,0000","0,0000",0,1.716.433,0,1.715.674,"80,00%","60,00%","100,00%","50,00%","100,00%","0,1040","0,0780","0,2000","0,1350","0,2700","1,0000",79%,1,Level 1
ago 25,CIB,SW DELIVERY,ACCOUNTING & CORE BANKING,378,ACCOUNTING,4,4,4,4,6,6,"1,0",2,"0,0000","0,0000","0,0000",0,1.134.484,0,1.134.484,"100,00%","100,00%","100,00%","50,00%","100,00%","0,1300","0,1300","0,2000","0,1350","0,2700","1,0000",87%,1,Level 2
ago 25,CIB,SW DELIVERY,ACCOUNTING & CORE BANKING,5117,CORE BANKING,3,3,3,3,23,24,"0,0",1,"2,0382","2,0382","0,0000",301,147.680,301,147.680,"100,00%","100,00%","95,83%","0,00%","0,00%","0,1300","0,1300","0,1917","0,0000","0,0000","1,0000",45%,0,Not certified
ago 25,CIB,SW DELIVERY,DIGITAL ASSETS,6576,DIGITAL ASSETS,1,1,1,1,0,1,"1,0",1,"-99,0000","-99,0000","0,0000",0,0,0,0,"100,00%","100,00%","0,00%","100,00%",-,"0,1300","0,1300","0,0000","0,2700",-,"0,7300",73%,1,Level 1
ago 25,CIB,SW DELIVERY,EQUITIES,7566,DIGITAL DERIVATIVES: X-ASSET NOTES,12,11,10,10,12,12,"4,0",8,"0,1997","0,1989","0,4440",1.879,9.407.423,1.882,9.464.276,"91,67%","100,00%","100,00%","50,00%","25,00%","0,1192","0,1300","0,2000","0,1350","0,0675","1,0000",65%,0,Not certified
ago 25,CIB,SW DELIVERY,EQUITIES,7567,CASH EQUITY & MMOO,9,8,5,5,6,8,"6,0",8,"0,0000","0,0000","0,0000",0,543.305,0,543.305,"88,89%","100,00%","75,00%","75,00%","100,00%","0,1156","0,1300","0,1500","0,2025","0,2700","1,0000",87%,1,Level 2
ago 25,CIB,SW DELIVERY,EQUITIES,7568,QIS EQUITY FINANCE & CROSS,9,7,5,5,35,35,"7,0",8,"0,7157","0,7157","0,0000",1.102,1.539.726,1.102,1.539.726,"77,78%","100,00%","100,00%","87,50%","0,00%","0,1011","0,1300","0,2000","0,2363","0,0000","1,0000",67%,0,Not certified
ago 25,CIB,SW DELIVERY,FIXED INCOME,7578,FI BOOKING & PORTFOLIO MANAGEMENT,1,1,1,1,7,7,"0,0",1,"0,0032","0,0032","0,0000",1,314.039,1,314.039,"100,00%","100,00%","100,00%","0,00%","100,00%","0,1300","0,1300","0,2000","0,0000","0,2700","1,0000",73%,1,Level 1
ago 25,CIB,SW DELIVERY,FIXED INCOME,7579,FI PREDEAL & EXECUTION,7,7,5,6,19,21,"2,0",5,"0,0000","0,0000","0,0000",0,2.285.115,0,2.284.399,"100,00%","83,33%","90,48%","40,00%","100,00%","0,1300","0,1083","0,1810","0,1080","0,2700","1,0000",80%,1,Level 1
ago 25,CIB,SW DELIVERY,FIXED INCOME,7580,FI POSTDEAL & REPORTING,5,5,4,4,8,8,"3,0",3,"0,0142","0,0142","0,0000",12,846.981,12,846.981,"100,00%","100,00%","100,00%","100,00%","50,00%","0,1300","0,1300","0,2000","0,2700","0,1350","1,0000",87%,1,Level 2
ago 25,CIB,SW DELIVERY,FOREIGN EXCHANGE,7572,PRICE DISTRIBUTION AND ORDER MANAGEMENT,3,3,0,0,0,0,"1,0",2,"0,0000","0,0000","0,0000",0,255.093,0,255.093,"100,00%",-,-,"50,00%","100,00%","0,1300",-,-,"0,1350","0,2700","0,6700",80%,1,Level 1
ago 25,CIB,SW DELIVERY,FOREIGN EXCHANGE,7573,BOOKING & SETTLEMENT,13,10,7,11,18,25,"2,0",5,"0,0011","0,0011","-0,0058",2,1.766.564,2,1.766.462,"76,92%","63,64%","72,00%","40,00%","100,00%","0,1000","0,0827","0,1440","0,1080","0,2700","1,0000",70%,1,Level 1
ago 25,CIB,SW DELIVERY,FOREIGN EXCHANGE,7574,PRICE CONSTRUCTION ACCEPTANCE ARM & SOR,4,2,1,2,1,2,"2,0",3,"0,0000","0,0000","0,0000",0,70,0,70,"50,00%","50,00%","50,00%","66,67%","100,00%","0,0650","0,0650","0,1000","0,1800","0,2700","1,0000",68%,0,Not certified
ago 25,CIB,SW DELIVERY,GLOBAL MARKETS FRONT OFFICE,7231,CIB ONLINE INTEGRATION,2,2,2,2,9,13,"0,0",2,"0,2524","0,2524","0,0000",60,237.737,60,237.737,"100,00%","100,00%","69,23%","0,00%","0,00%","0,1300","0,1300","0,1385","0,0000","0,0000","1,0000",40%,0,Not certified
ago 25,CIB,SW DELIVERY,GLOBAL MARKETS FRONT OFFICE,7576,POSITION KEEPING & RISK MANAGEMENT,2,2,2,2,27,39,"1,0",2,"1,8827","1,8827","0,0000",34,18.059,34,18.059,"100,00%","100,00%","69,23%","50,00%","0,00%","0,1300","0,1300","0,1385","0,1350","0,0000","1,0000",53%,0,Not certified
ago 25,CIB,SW DELIVERY,GLOBAL MARKETS FRONT OFFICE,7577,POSITION KEEPING & RISK MANAGEMENT (LEGACY),2,2,2,2,0,2,"1,0",1,"0,0000","0,0000","0,0000",0,109,0,109,"100,00%","100,00%","0,00%","100,00%","100,00%","0,1300","0,1300","0,0000","0,2700","0,2700","1,0000",80%,1,Level 2
ago 25,CIB,SW DELIVERY,GTB & IB&F,7581,GTB,4,4,4,4,4,4,"2,0",3,"0,0000","0,0000","0,0000",0,3.967,0,3.967,"100,00%","100,00%","100,00%","66,67%","100,00%","0,1300","0,1300","0,2000","0,1800","0,2700","1,0000",91%,1,Level 3
ago 25,CIB,SW DELIVERY,GTB & IB&F,7582,IB&F,9,8,7,7,7,8,"4,0",5,"0,1591","0,1591","0,0000",698,4.387.185,698,4.387.185,"88,89%","100,00%","87,50%","80,00%","50,00%","0,1156","0,1300","0,1750","0,2160","0,1350","1,0000",77%,1,Level 1
ago 25,CIB,SW DELIVERY,REPOSITORIES AND SUPERVISORY FUNCTIONS,448,REGULATORY & ONBOARDING,1,1,1,1,0,0,"0,0",0,"-99,0000","-99,0000","0,0000",0,0,0,0,"100,00%","100,00%",-,-,-,"0,1300","0,1300",-,-,-,"0,2600",100%,1,Level 3
ago 25,CIB,SW DELIVERY,REPOSITORIES AND SUPERVISORY FUNCTIONS,7583,TRANSACTION REPORTING & RECONCILIATIONS,5,5,3,3,19,20,"4,0",5,"0,0000","0,0000","0,0000",0,125.218,0,125.218,"100,00%","100,00%","95,00%","80,00%","100,00%","0,1300","0,1300","0,1900","0,2160","0,2700","1,0000",94%,1,Level 3
ago 25,CIB,SW DELIVERY,REPOSITORIES AND SUPERVISORY FUNCTIONS,7584,SUPERVISORY FUNCTIONS,6,6,3,3,15,15,"9,0",9,"0,0097","0,0097","0,0000",11,1.137.187,11,1.137.187,"100,00%","100,00%","100,00%","100,00%","50,00%","0,1300","0,1300","0,2000","0,2700","0,1350","1,0000",87%,1,Level 2
ago 25,CIB,SW DELIVERY,REPOSITORIES AND SUPERVISORY FUNCTIONS,7585,REPOSITORIES,8,8,8,8,5,6,"3,0",5,"0,0000","0,0000","0,0000",0,1.217.144,0,1.217.144,"100,00%","100,00%","83,33%","60,00%","100,00%","0,1300","0,1300","0,1667","0,1620","0,2700","1,0000",86%,1,Level 2
ago 25,CIB,SW DELIVERY,RISK,7569,MARKET & COUNTERPARTY RISK,10,10,9,10,28,31,"4,0",7,"0,1450","0,1448","0,0863",20,137.960,20,138.079,"100,00%","90,00%","90,32%","57,14%","25,00%","0,1300","0,1170","0,1806","0,1543","0,0675","1,0000",65%,0,Not certified
ago 25,CIB,SW DELIVERY,RISK,7570,RISK MEASUREMENT 2.0,1,1,0,1,0,0,"0,0",0,"-99,0000","-99,0000","0,0000",0,0,0,0,"100,00%","0,00%",-,-,-,"0,1300","0,0000",-,-,-,"0,2600",50%,0,Not certified
ago 25,CIB,SW DELIVERY,RISK,7571,MARKET DATA & RISK SOLUTIONS,12,10,9,10,35,35,"4,0",8,"0,0042","0,0042","0,0000",8,1.921.738,8,1.921.738,"83,33%","90,00%","100,00%","50,00%","50,00%","0,1083","0,1170","0,2000","0,1350","0,1350","1,0000",70%,0,Not certified
ago 25,CIB,SW DELIVERY,RISK,7736,XVA,4,4,4,4,3,3,"1,0",3,"0,0346","0,0346","0,0000",10,289.030,10,289.030,"100,00%","100,00%","100,00%","33,33%","50,00%","0,1300","0,1300","0,2000","0,0900","0,1350","1,0000",69%,0,Not certified
ago 25,COLOMBIA,DATA TRANSFORMATION & ENGINEERING,DATA TRANSFORMATION,6018,CLIENT SOLUTIONS - DATA,6,6,6,6,5,5,"2,5",4,"0,0000","0,0000","0,0000",0,196.323,0,196.322,"100,00%","100,00%","100,00%","62,50%","100,00%","0,1300","0,1300","0,2000","0,1688","0,2700","1,0000",90%,1,Level 2
ago 25,COLOMBIA,DATA TRANSFORMATION & ENGINEERING,DATAHUB,4502,FINANZAS - DATA,3,3,3,3,6,6,"1,0",3,"0,0000","0,0000","0,0000",0,143.179,0,143.000,"100,00%","100,00%","100,00%","33,33%","100,00%","0,1300","0,1300","0,2000","0,0900","0,2700","1,0000",82%,1,Level 2
ago 25,COLOMBIA,DATA TRANSFORMATION & ENGINEERING,DATAHUB,4503,RIESGOS - DATA,5,5,5,5,25,25,"4,0",5,"0,0000","0,0000","0,0000",0,116.493,0,116.484,"100,00%","100,00%","100,00%","80,00%","100,00%","0,1300","0,1300","0,2000","0,2160","0,2700","1,0000",95%,1,Level 3
ago 25,COLOMBIA,DATA TRANSFORMATION & ENGINEERING,DATAHUB,4506,DATA MODELING & DEVELOPMENT,11,11,11,11,6,6,"8,0",11,"0,0000","0,0000","0,0000",0,73.959,0,73.959,"100,00%","100,00%","100,00%","72,73%","100,00%","0,1300","0,1300","0,2000","0,1964","0,2700","1,0000",93%,1,Level 3
ago 25,COLOMBIA,DATA TRANSFORMATION & ENGINEERING,DATAHUB,4914,ENGINEERING - DATA,4,4,4,4,0,0,"3,0",4,"0,0000","0,0000","0,0000",0,551.347,0,551.288,"100,00%","100,00%",-,"75,00%","100,00%","0,1300","0,1300",-,"0,2025","0,2700","0,8000",92%,1,Level 3
ago 25,COLOMBIA,DATA TRANSFORMATION & ENGINEERING,SALESFORCE,4495,SALESFORCE - DATA,3,3,3,3,2,2,"2,0",3,"0,0174","0,0174","-0,0089",55,3.152.565,55,3.152.283,"100,00%","100,00%","100,00%","66,67%","75,00%","0,1300","0,1300","0,2000","0,1800","0,2025","1,0000",84%,1,Level 2
ago 25,COLOMBIA,SYSTEMS ENGINEERING,CFS-FINANZAS-T&C-R&IC,293,T&C,11,11,9,9,0,0,"4,5",5,"0,0610","0,0610","0,0000",15,245.837,15,245.837,"100,00%","100,00%",-,"90,00%","50,00%","0,1300","0,1300",-,"0,2430","0,1350","0,8000",80%,1,Level 1
ago 25,COLOMBIA,SYSTEMS ENGINEERING,CFS-FINANZAS-T&C-R&IC,294,FINANZAS,16,16,16,16,10,10,"7,0",9,"0,0000","0,0000","0,0000",0,107.908,0,107.939,"100,00%","100,00%","100,00%","77,78%","100,00%","0,1300","0,1300","0,2000","0,2100","0,2700","1,0000",94%,1,Level 3
ago 25,COLOMBIA,SYSTEMS ENGINEERING,CFS-FINANZAS-T&C-R&IC,295,CUMPLIMIENTO & AUDITORÍA,13,13,13,13,2,2,"3,0",5,"0,0000","0,0000","0,0000",0,3.234,0,3.234,"100,00%","100,00%","100,00%","60,00%","100,00%","0,1300","0,1300","0,2000","0,1620","0,2700","1,0000",89%,1,Level 2
ago 25,COLOMBIA,SYSTEMS ENGINEERING,CFS-RIESGOS,5127,RIESGOS PARTICULARES,6,6,6,6,1,1,"6,0",6,"0,0000","0,0000","0,0000",0,713.469,0,713.469,"100,00%","100,00%","100,00%","100,00%","100,00%","0,1300","0,1300","0,2000","0,2700","0,2700","1,0000",100%,1,Level 3
ago 25,COLOMBIA,SYSTEMS ENGINEERING,CFS-RIESGOS,5130,RIESGOS COBRANZA,2,1,2,2,8,8,"1,0",1,"0,0000","0,0000","0,0000",0,5.988,0,5.988,"50,00%","100,00%","100,00%","100,00%","100,00%","0,0650","0,1300","0,2000","0,2700","0,2700","1,0000",94%,1,Level 3
ago 25,COLOMBIA,SYSTEMS ENGINEERING,CFS-RIESGOS,5131,"RIESGOS REPORTING, NORMATIVOS",6,6,6,6,5,5,"3,0",3,"0,0000","0,0000","0,0000",0,52.365,0,52.365,"100,00%","100,00%","100,00%","100,00%","100,00%","0,1300","0,1300","0,2000","0,2700","0,2700","1,0000",100%,1,Level 3
ago 25,COLOMBIA,SYSTEMS ENGINEERING,CFS-RIESGOS,6209,RIESGOS PYMES Y MAYORISTAS,6,6,6,6,2,2,"4,0",4,"0,0000","0,0000","0,0000",0,66.190,0,66.190,"100,00%","100,00%","100,00%","100,00%","100,00%","0,1300","0,1300","0,2000","0,2700","0,2700","1,0000",100%,1,Level 3
ago 25,COLOMBIA,SYSTEMS ENGINEERING,CIB & COMEX - FIDUCIARIA - VALORES,175,PAYMENTS,9,9,9,9,27,28,"7,5",8,"0,0000","0,0000","0,0000",0,1.517.512,0,1.512.644,"100,00%","100,00%","96,43%","93,75%","100,00%","0,1300","0,1300","0,1929","0,2531","0,2700","1,0000",98%,1,Level 3
ago 25,COLOMBIA,SYSTEMS ENGINEERING,CIB & COMEX - FIDUCIARIA - VALORES,456,BACKOFFICE,5,5,5,5,0,0,"0,0",1,"0,0000","0,0000","0,0000",0,813,0,813,"100,00%","100,00%",-,"0,00%","100,00%","0,1300","0,1300",-,"0,0000","0,2700","0,8000",66%,0,Not certified
ago 25,COLOMBIA,SYSTEMS ENGINEERING,CIB & COMEX - FIDUCIARIA - VALORES,457,FIDUCIARIA,6,6,6,6,3,3,"4,5",5,"0,0161","0,0161","0,0000",73,4.532.400,73,4.532.401,"100,00%","100,00%","100,00%","90,00%","25,00%","0,1300","0,1300","0,2000","0,2430","0,0675","1,0000",77%,1,Level 1
ago 25,COLOMBIA,SYSTEMS ENGINEERING,CIB & COMEX - FIDUCIARIA - VALORES,458,GLOBAL MARKET & COMEX,16,16,16,16,3,4,"7,0",11,"0,0000","0,0000","0,0000",0,641.764,0,638.703,"100,00%","100,00%","75,00%","63,64%","100,00%","0,1300","0,1300","0,1500","0,1718","0,2700","1,0000",85%,1,Level 2
ago 25,COLOMBIA,SYSTEMS ENGINEERING,CIB & COMEX - FIDUCIARIA - VALORES,459,VALORES,4,4,3,3,0,0,"0,0",1,"0,0000","0,0000","0,0000",0,38.988,0,38.862,"100,00%","100,00%",-,"0,00%","100,00%","0,1300","0,1300",-,"0,0000","0,2700","0,8000",66%,0,Not certified
ago 25,COLOMBIA,SYSTEMS ENGINEERING,CORE,55,LOANS,10,10,9,10,11,11,"7,0",8,"0,0013","0,0013","-0,0057",4,3.051.316,4,3.051.141,"100,00%","90,00%","100,00%","87,50%","100,00%","0,1300","0,1170","0,2000","0,2363","0,2700","1,0000",95%,1,Level 3
ago 25,COLOMBIA,SYSTEMS ENGINEERING,CORE,169,ACCOUNTS,7,7,7,7,10,10,"3,5",4,"0,0000","0,0000","0,0000",0,572.707,0,572.493,"100,00%","100,00%","100,00%","87,50%","100,00%","0,1300","0,1300","0,2000","0,2363","0,2700","1,0000",97%,1,Level 3
ago 25,COLOMBIA,SYSTEMS ENGINEERING,CORE,172,PERSONAS Y ARQ. HOST,4,4,4,4,2,2,"2,5",3,"0,0000","0,0000","0,0000",0,235.582,0,235.456,"100,00%","100,00%","100,00%","83,33%","100,00%","0,1300","0,1300","0,2000","0,2250","0,2700","1,0000",96%,1,Level 3
ago 25,COLOMBIA,SYSTEMS ENGINEERING,CORE,173,VENTAS ASISTIDAS CAP,2,2,2,2,1,1,"1,0",2,"0,1375","0,1375","0,0000",90,654.338,90,654.338,"100,00%","100,00%","100,00%","50,00%","50,00%","0,1300","0,1300","0,2000","0,1350","0,1350","1,0000",73%,1,Level 1
ago 25,COLOMBIA,SYSTEMS ENGINEERING,CORE,174,PROCESS AUTOMATION,18,17,17,17,1,1,"8,5",11,"0,0861","0,0861","-0,0362",307,3.567.229,307,3.565.939,"94,44%","100,00%","100,00%","77,27%","75,00%","0,1228","0,1300","0,2000","0,2086","0,2025","1,0000",86%,1,Level 2
ago 25,COLOMBIA,SYSTEMS ENGINEERING,CORE,7283,GESTIÓN REMOTA RETAIL,1,1,1,1,28,28,"0,0",1,"0,0000","0,0000","0,0000",0,160.716,0,158.619,"100,00%","100,00%","100,00%","0,00%","100,00%","0,1300","0,1300","0,2000","0,0000","0,2700","1,0000",73%,1,Level 1
ago 25,COLOMBIA,SYSTEMS ENGINEERING,CORE,7437,GESTIÓN REMOTA PYMES,0,0,0,0,2,2,"1,0",1,"0,0000","0,0000","0,0000",0,100.861,0,87.763,-,-,"100,00%","100,00%","100,00%",-,-,"0,2000","0,2700","0,2700","0,7400",100%,1,Level 3
ago 25,COLOMBIA,SYSTEMS ENGINEERING,DATA TRANSFORMATION,111,CLIENT SOLUTIONS,1,1,1,1,0,0,"1,0",1,"-99,0000","-99,0000","0,0000",0,0,0,0,"100,00%","100,00%",-,"100,00%",-,"0,1300","0,1300",-,"0,2700",-,"0,5300",100%,1,Level 3
ago 25,COLOMBIA,SYSTEMS ENGINEERING,DevOps,6110,TESTING TOOLS,0,0,0,0,0,0,"0,0",0,"-99,0000","-99,0000","0,0000",0,0,0,0,-,-,-,-,-,-,-,-,-,-,"0,0000",No tiene el mínimo para calcular indicadores,-,-
ago 25,COLOMBIA,SYSTEMS ENGINEERING,DevOps,6136,DEVOPS - CI/CD,0,0,0,0,0,0,"0,0",0,"-99,0000","-99,0000","0,0000",0,0,0,0,-,-,-,-,-,-,-,-,-,-,"0,0000",No tiene el mínimo para calcular indicadores,-,-
ago 25,COLOMBIA,SYSTEMS ENGINEERING,DevOps,7207,Z COLOMBIA,1,1,1,1,0,0,"0,0",0,"-99,0000","-99,0000","0,0000",0,0,0,0,"100,00%","100,00%",-,-,-,"0,1300","0,1300",-,-,-,"0,2600",100%,1,Level 3
ago 25,COLOMBIA,SYSTEMS ENGINEERING,ENTERPRISE,395,ENTERPRISE WEB CHANNEL,6,6,6,6,3,4,"3,5",5,"0,0513","0,0514","-0,1300",281,5.478.065,281,5.470.946,"100,00%","100,00%","75,00%","70,00%","75,00%","0,1300","0,1300","0,1500","0,1890","0,2025","1,0000",80%,1,Level 2
ago 25,COLOMBIA,SYSTEMS ENGINEERING,ENTERPRISE,396,TRANSACCIONALIDAD,6,6,6,6,4,4,"5,0",5,"0,0081","0,0081","-0,0104",9,1.110.831,9,1.110.715,"100,00%","100,00%","100,00%","100,00%","75,00%","0,1300","0,1300","0,2000","0,2700","0,2025","1,0000",93%,1,Level 3
ago 25,COLOMBIA,SYSTEMS ENGINEERING,ENTERPRISE,5209,ENTERPRISE MOBILE (GEMA),2,2,2,2,4,5,"1,0",1,"0,0000","0,0000","0,0000",0,70.145,0,70.145,"100,00%","100,00%","80,00%","100,00%","100,00%","0,1300","0,1300","0,1600","0,2700","0,2700","1,0000",96%,1,Level 3
ago 25,COLOMBIA,SYSTEMS ENGINEERING,ENTERPRISE,6667,SOLUCIONES FINANCIERAS,3,3,3,3,3,3,"2,0",2,"0,0000","0,0000","0,0000",0,28.689,0,28.689,"100,00%","100,00%","100,00%","100,00%","100,00%","0,1300","0,1300","0,2000","0,2700","0,2700","1,0000",100%,1,Level 3
ago 25,COLOMBIA,SYSTEMS ENGINEERING,RETAIL,85,OPEN MARKET,8,6,6,8,11,11,"2,0",3,"0,0000","0,0000","0,0000",0,183.970,0,183.965,"75,00%","75,00%","100,00%","66,67%","100,00%","0,0975","0,0975","0,2000","0,1800","0,2700","1,0000",85%,1,Level 2
ago 25,COLOMBIA,SYSTEMS ENGINEERING,RETAIL,340,NET,3,3,3,3,0,0,"2,0",3,"0,0000","0,0000","0,0000",0,2.307.250,0,2.306.582,"100,00%","100,00%",-,"66,67%","100,00%","0,1300","0,1300",-,"0,1800","0,2700","0,8000",89%,1,Level 2
ago 25,COLOMBIA,SYSTEMS ENGINEERING,RETAIL,341,OFICINA,10,10,10,10,4,4,"7,0",9,"0,0000","0,0000","0,0000",0,967.570,0,967.568,"100,00%","100,00%","100,00%","77,78%","100,00%","0,1300","0,1300","0,2000","0,2100","0,2700","1,0000",94%,1,Level 3
ago 25,COLOMBIA,SYSTEMS ENGINEERING,RETAIL,343,MÓVIL RETAIL,1,1,1,1,20,21,"0,0",1,"0,0000","0,0000","0,0000",0,88.224,0,88.189,"100,00%","100,00%","95,24%","0,00%","100,00%","0,1300","0,1300","0,1905","0,0000","0,2700","1,0000",72%,1,Level 1
ago 25,COLOMBIA,SYSTEMS ENGINEERING,RETAIL,4065,CANALES ASISTIDOS IVR/CBs,2,2,2,2,1,1,"0,5",2,"0,0000","0,0000","0,0000",0,128.021,0,128.021,"100,00%","100,00%","100,00%","25,00%","100,00%","0,1300","0,1300","0,2000","0,0675","0,2700","1,0000",80%,1,Level 1
ago 25,COLOMBIA,SYSTEMS ENGINEERING,RETAIL,4066,CANALES ASISTIDOS ATMs/RPA,2,2,2,2,0,0,"1,0",1,"0,0000","0,0000","0,0000",0,12.225,0,12.225,"100,00%","100,00%",-,"100,00%","100,00%","0,1300","0,1300",-,"0,2700","0,2700","0,8000",100%,1,Level 3
ago 25,COLOMBIA,SYSTEMS ENGINEERING,RETAIL,5088,ANTIFRAUDE,6,6,6,6,1,1,"5,0",6,"0,0000","0,0340","-100,0000",0,85.012,30,882.243,"100,00%","100,00%","100,00%","83,33%","100,00%","0,1300","0,1300","0,2000","0,2250","0,2700","1,0000",96%,1,Level 3
ago 25,COLOMBIA,SYSTEMS ENGINEERING,SALESFORCE,6371,SALESFORCE,6,6,6,6,0,0,"2,0",2,"0,0000","0,0000","0,0000",0,37.693,0,37.693,"100,00%","100,00%",-,"100,00%","100,00%","0,1300","0,1300",-,"0,2700","0,2700","0,8000",100%,1,Level 3
ago 25,COLOMBIA,SYSTEMS ENGINEERING,SEGUROS,4061,SEGUROS SISTEMAS ESPECIALIZADOS,3,3,3,3,0,0,"1,5",2,"0,0000","0,0000","0,0000",0,218.212,0,218.212,"100,00%","100,00%",-,"75,00%","100,00%","0,1300","0,1300",-,"0,2025","0,2700","0,8000",92%,1,Level 3
ago 25,COLOMBIA,SYSTEMS ENGINEERING,SEGUROS,4063,SEGUROS AUTOMATION,7,7,7,7,0,5,"1,0",5,"0,0000","0,0000","0,0000",0,23.793,0,23.501,"100,00%","100,00%","0,00%","20,00%","100,00%","0,1300","0,1300","0,0000","0,0540","0,2700","1,0000",58%,0,Not certified
ago 25,COLOMBIA,SYSTEMS ENGINEERING,SEGUROS,6650,SEGUROS PROCESOS,6,6,6,6,0,0,"3,0",4,"0,0000","0,0000","0,0000",0,15.219,0,13.285,"100,00%","100,00%",-,"75,00%","100,00%","0,1300","0,1300",-,"0,2025","0,2700","0,8000",92%,1,Level 3
ago 25,COLOMBIA,SYSTEMS ENGINEERING,SEGUROS,6651,SEGUROS FINANCIERO,4,4,4,4,0,0,"0,0",0,"0,0000","0,0000","0,0000",0,5.896,0,5.896,"100,00%","100,00%",-,-,"100,00%","0,1300","0,1300",-,-,"0,2700","0,5300",100%,1,Level 3
ago 25,COLOMBIA,SYSTEMS ENGINEERING,SEGUROS,6652,BUSINESS CORE,3,3,3,3,0,0,"2,5",4,"0,2181","0,2182","-0,0354",413,1.893.717,413,1.893.046,"100,00%","100,00%",-,"62,50%","0,00%","0,1300","0,1300",-,"0,1688","0,0000","0,8000",54%,0,Not certified
ago 25,COMMERCIAL CLIENT SOLUTIONS,CHANNELS & PROCESSES,COREX & BANKING PLATFORM EVOLUTION,134,INFRA MULTICANAL EMPRESAS,0,0,5,5,1,1,"3,0",6,"0,0713","0,0713","0,0000",231,3.239.386,231,3.239.386,-,"100,00%","100,00%","50,00%","50,00%",-,"0,1300","0,2000","0,1350","0,1350","0,8700",69%,0,Not certified
ago 25,COMMERCIAL CLIENT SOLUTIONS,CHANNELS & PROCESSES,COREX & BANKING PLATFORM EVOLUTION,260,DIGITAL SIGNING,1,1,1,1,0,0,"1,0",1,"0,0000","0,0000","0,0000",0,74.112,0,74.112,"100,00%","100,00%",-,"100,00%","100,00%","0,1300","0,1300",-,"0,2700","0,2700","0,8000",100%,1,Level 3
ago 25,COMMERCIAL CLIENT SOLUTIONS,CHANNELS & PROCESSES,COREX & BANKING PLATFORM EVOLUTION,261,ALERTAS FX,1,1,1,1,0,0,"0,0",0,"0,0000","0,0000","0,0000",0,12.758,0,12.758,"100,00%","100,00%",-,-,"100,00%","0,1300","0,1300",-,-,"0,2700","0,5300",100%,1,Level 3
ago 25,COMMERCIAL CLIENT SOLUTIONS,CHANNELS & PROCESSES,COREX & BANKING PLATFORM EVOLUTION,4958,FACTORÍA ENTERPRISE CLIENTS AMERICA,1,0,1,1,0,0,"0,5",1,"0,0000","0,0000","0,0000",0,28.895,0,28.895,"0,00%","100,00%",-,"50,00%","100,00%","0,0000","0,1300",-,"0,1350","0,2700","0,8000",67%,0,Not certified
ago 25,COMMERCIAL CLIENT SOLUTIONS,CHANNELS & PROCESSES,COREX & BANKING PLATFORM EVOLUTION,6762,FX SMART HEDGING,0,0,1,1,0,0,"0,0",0,"0,0000","0,0000","0,0000",0,105.320,0,105.320,-,"100,00%",-,-,"100,00%",-,"0,1300",-,-,"0,2700","0,4000",100%,1,Level 3
ago 25,COMMERCIAL CLIENT SOLUTIONS,CHANNELS & PROCESSES,COREX & BANKING PLATFORM EVOLUTION,7184,PROCESOS ONBOARDING & CONTRATACIÓN,0,0,1,1,0,0,"1,0",1,"0,0000","0,0000","0,0000",0,11.772,0,11.772,-,"100,00%",-,"100,00%","100,00%",-,"0,1300",-,"0,2700","0,2700","0,6700",100%,1,Level 3
ago 25,COMMERCIAL CLIENT SOLUTIONS,CHANNELS & PROCESSES,COREX & BANKING PLATFORM EVOLUTION,7395,CREDIT EXPERIENCE,0,0,2,2,0,0,"1,0",1,"0,0000","0,0000","0,0000",0,21.044,0,21.139,-,"100,00%",-,"100,00%","100,00%",-,"0,1300",-,"0,2700","0,2700","0,6700",100%,1,Level 3
ago 25,COMMERCIAL CLIENT SOLUTIONS,CHANNELS & PROCESSES,DIGITAL CHANNELS,388,PLATAFORMA SENDA,0,0,5,5,0,0,"4,0",5,"0,0011","0,0011","-0,1096",3,2.715.603,3,2.712.626,-,"100,00%",-,"80,00%","100,00%",-,"0,1300",-,"0,2160","0,2700","0,6700",92%,1,Level 3
ago 25,COMMERCIAL CLIENT SOLUTIONS,CHANNELS & PROCESSES,DIGITAL CHANNELS,389,PLATAFORMA GEMA,0,0,1,1,0,0,"1,0",1,"0,0000","0,0000","0,0000",0,959.332,0,945.700,-,"100,00%",-,"100,00%","100,00%",-,"0,1300",-,"0,2700","0,2700","0,6700",100%,1,Level 3
ago 25,COMMERCIAL CLIENT SOLUTIONS,CHANNELS & PROCESSES,EMBEDDED FINANCE,390,PLATAFORMA API CHANNEL,1,1,2,2,0,0,"0,5",1,"0,0000","0,0000","0,0000",0,250.956,0,250.968,"100,00%","100,00%",-,"50,00%","100,00%","0,1300","0,1300",-,"0,1350","0,2700","0,8000",83%,1,Level 2
ago 25,COMMERCIAL CLIENT SOLUTIONS,CHANNELS & PROCESSES,GLOBAL CHANNELS,344,PIVOT NET,4,4,4,4,4,5,"4,0",4,"0,0144","0,0144","0,0000",5,348.052,5,348.052,"100,00%","100,00%","80,00%","100,00%","50,00%","0,1300","0,1300","0,1600","0,2700","0,1350","1,0000",83%,1,Level 2
ago 25,COMMERCIAL CLIENT SOLUTIONS,CHANNELS & PROCESSES,GLOBAL CHANNELS,348,INFRAESTRUCTURA MULTICANAL ALPHA,20,20,20,20,0,0,"5,0",5,"0,0000","0,0000","0,0000",0,138.126,0,138.126,"100,00%","100,00%",-,"100,00%","100,00%","0,1300","0,1300",-,"0,2700","0,2700","0,8000",100%,1,Level 3
ago 25,COMMERCIAL CLIENT SOLUTIONS,CHANNELS & PROCESSES,GLOBAL CHANNELS,4779,GLOBAL CHANNELS,2,2,1,1,0,0,"2,0",2,"0,0000","0,0000","0,0000",0,23.005,0,23.005,"100,00%","100,00%",-,"100,00%","100,00%","0,1300","0,1300",-,"0,2700","0,2700","0,8000",100%,1,Level 3
ago 25,COMMERCIAL CLIENT SOLUTIONS,CHANNELS & PROCESSES,SERVICING & CLIENT EXPERIENCE TRANSFORMATION,4358,PIVOT IMPLEMENTATION,1,1,1,1,1,1,"1,0",1,"0,0000","0,0000","0,0000",0,246.055,0,233.419,"100,00%","100,00%","100,00%","100,00%","100,00%","0,1300","0,1300","0,2000","0,2700","0,2700","1,0000",100%,1,Level 3
ago 25,COMMERCIAL CLIENT SOLUTIONS,CHANNELS & PROCESSES,SERVICING & CLIENT EXPERIENCE TRANSFORMATION,7210,PRODUCTIVIDAD Y DEVOPS,0,0,1,1,0,0,"0,0",1,"0,0000","0,0000","0,0000",0,10.938,0,10.938,-,"100,00%",-,"0,00%","100,00%",-,"0,1300",-,"0,0000","0,2700","0,6700",60%,0,Not certified
ago 25,COMMERCIAL CLIENT SOLUTIONS,SUSTAINABILITY RELATIONSHIP MODELS & SPARK,BBVA SPARK,7429,HERRAMIENTAS SPARK,0,0,2,2,0,0,"2,0",2,"0,0000","0,0000","0,0000",0,45.829,0,45.829,-,"100,00%",-,"100,00%","100,00%",-,"0,1300",-,"0,2700","0,2700","0,6700",100%,1,Level 3
ago 25,COMMERCIAL CLIENT SOLUTIONS,SUSTAINABILITY RELATIONSHIP MODELS & SPARK,RELATIONSHIP MODELS,259,SERVICE BANKERS'S TOOLS - DWP,1,1,1,1,0,0,"0,0",2,"0,0019","0,0019","0,0000",2,1.033.750,2,1.033.750,"100,00%","100,00%",-,"0,00%","100,00%","0,1300","0,1300",-,"0,0000","0,2700","0,8000",66%,0,Not certified
ago 25,COMMERCIAL CLIENT SOLUTIONS,SUSTAINABILITY RELATIONSHIP MODELS & SPARK,RELATIONSHIP MODELS,4961,GESTOR DE INTERVINIENTES,1,1,1,1,0,0,"1,0",1,"-99,0000","-99,0000","0,0000",0,0,0,0,"100,00%","100,00%",-,"100,00%",-,"0,1300","0,1300",-,"0,2700",-,"0,5300",100%,1,Level 3
ago 25,COMMERCIAL CLIENT SOLUTIONS,SUSTAINABILITY RELATIONSHIP MODELS & SPARK,RELATIONSHIP MODELS,6335,INTERNATIONAL CROSSBORDER COORDINATION TOOL,1,1,1,1,0,0,"0,0",1,"0,0000","0,0000","0,0000",0,292.003,0,292.003,"100,00%","100,00%",-,"0,00%","100,00%","0,1300","0,1300",-,"0,0000","0,2700","0,8000",66%,0,Not certified
ago 25,COMMERCIAL CLIENT SOLUTIONS,SUSTAINABILITY RELATIONSHIP MODELS & SPARK,RELATIONSHIP MODELS,7875,SALES SALESFORCE - CCS,1,0,1,2,0,0,"0,0",0,"-99,0000","-99,0000","0,0000",0,0,0,0,"0,00%","50,00%",-,-,-,"0,0000","0,0650",-,-,-,"0,2600",25%,0,Not certified
ago 25,COMMERCIAL CLIENT SOLUTIONS,SUSTAINABILITY RELATIONSHIP MODELS & SPARK,SUSTAINABILITY,7721,SUSTAINABILITY - COMMERCIAL,0,0,1,1,0,0,"2,0",2,"0,0000","0,0000","0,0000",0,268.622,0,272.136,-,"100,00%",-,"100,00%","100,00%",-,"0,1300",-,"0,2700","0,2700","0,6700",100%,1,Level 3
ago 25,COMMERCIAL CLIENT SOLUTIONS,VALUE PROPOSITION,DOMESTIC TREASURY MANAGEMENT,349,PLATAFORMA ETPB,0,0,1,1,1,1,"1,0",1,"0,0000","0,0000","0,0000",0,1.133.640,0,1.132.550,-,"100,00%","100,00%","100,00%","100,00%",-,"0,1300","0,2000","0,2700","0,2700","0,8700",100%,1,Level 3
ago 25,COMMERCIAL CLIENT SOLUTIONS,VALUE PROPOSITION,HIGH VALUE SOLUTIONS,98,FINANCIACIÓN ESPECIALIZADA,0,0,1,1,0,0,"0,0",1,"0,0000","0,0000","0,0000",0,14.037,0,12.930,-,"100,00%",-,"0,00%","100,00%",-,"0,1300",-,"0,0000","0,2700","0,6700",60%,0,Not certified
ago 25,COMMERCIAL CLIENT SOLUTIONS,VALUE PROPOSITION,HIGH VALUE SOLUTIONS,7699,TRADE FINANCE,1,1,1,1,0,0,"1,0",1,"0,0000","0,0000","0,0000",0,6.694,0,6.694,"100,00%","100,00%",-,"100,00%","100,00%","0,1300","0,1300",-,"0,2700","0,2700","0,8000",100%,1,Level 3
ago 25,COMMERCIAL CLIENT SOLUTIONS,VALUE PROPOSITION,INTERNATIONAL TREASURY MANAGEMENT,345,PIVOT CONNECT,2,2,2,2,30,31,"2,0",2,"0,0000","0,0000","0,0000",0,794.955,0,840.761,"100,00%","100,00%","96,77%","100,00%","100,00%","0,1300","0,1300","0,1935","0,2700","0,2700","1,0000",99%,1,Level 3
ago 25,COMMERCIAL CLIENT SOLUTIONS,VALUE PROPOSITION,INTERNATIONAL TREASURY MANAGEMENT,7135,Pivot Data,0,0,1,1,0,0,"0,0",0,"0,0000","0,0000","0,0000",0,252,0,252,-,"100,00%",-,-,"100,00%",-,"0,1300",-,-,"0,2700","0,4000",100%,1,Level 3
ago 25,COMMERCIAL CLIENT SOLUTIONS,VALUE PROPOSITION,LIQUIDITY MANAGEMENT,345,PIVOT CONNECT,2,2,2,2,3,3,"2,0",2,"0,0000","0,0000","0,0000",0,873.580,0,863.095,"100,00%","100,00%","100,00%","100,00%","100,00%","0,1300","0,1300","0,2000","0,2700","0,2700","1,0000",100%,1,Level 3
ago 25,COMMERCIAL CLIENT SOLUTIONS,VALUE PROPOSITION,VAM SCF CARDS,346,PIVOT - COMMERCIAL CARD,1,1,1,1,4,4,"1,0",1,"0,0000","0,0000","0,0000",0,733.522,0,733.522,"100,00%","100,00%","100,00%","100,00%","100,00%","0,1300","0,1300","0,2000","0,2700","0,2700","1,0000",100%,1,Level 3
ago 25,COMMERCIAL CLIENT SOLUTIONS,VALUE PROPOSITION,VAM SCF CARDS,347,PIVOT - GLOBAL SUPPLY CHAIN FINANCE,1,1,0,0,0,0,"1,0",1,"0,0000","0,0000","0,0000",0,9.125,0,9.125,"100,00%",-,-,"100,00%","100,00%","0,1300",-,-,"0,2700","0,2700","0,6700",100%,1,Level 3
ago 25,COMMERCIAL CLIENT SOLUTIONS,VALUE PROPOSITION,VAM SCF CARDS,6141,PIVOT - VIRTUAL ACCOUNTS,1,1,1,1,0,0,"1,0",1,"0,0000","0,0000","0,0000",0,57.959,0,57.959,"100,00%","100,00%",-,"100,00%","100,00%","0,1300","0,1300",-,"0,2700","0,2700","0,8000",100%,1,Level 3
ago 25,COMMERCIAL CLIENT SOLUTIONS,VALUE PROPOSITION,VAM SCF CARDS,7423,GLOBAL SCF (LOCAL MULTICOUNTRY),0,0,1,1,0,0,"1,0",1,"0,0000","0,0000","0,0000",0,2.674,0,2.674,-,"100,00%",-,"100,00%","100,00%",-,"0,1300",-,"0,2700","0,2700","0,6700",100%,1,Level 3
ago 25,COMMERCIAL CLIENT SOLUTIONS,VALUE PROPOSITION,VAM SCF CARDS,7424,BBVA CONNECTA,0,0,1,1,0,0,"1,0",1,"0,0000","0,0000","0,0000",0,6.122,0,6.122,-,"100,00%",-,"100,00%","100,00%",-,"0,1300",-,"0,2700","0,2700","0,6700",100%,1,Level 3
ago 25,DATA ENGINEERING,DATA ENGINEERING,DATA HUB,400,CS INGESTAS,2,2,4,4,89,97,"3,5",4,"0,0000","0,0000","0,0000",0,107.372,0,107.372,"100,00%","100,00%","91,75%","87,50%","100,00%","0,1300","0,1300","0,1835","0,2363","0,2700","1,0000",95%,1,Level 3
ago 25,DATA ENGINEERING,DATA ENGINEERING,DATA HUB,401,HERRAMIENTAS DATA,7,7,6,7,17,21,"5,0",7,"0,0668","0,0668","-0,0615",264,3.951.916,264,3.949.486,"100,00%","85,71%","80,95%","71,43%","75,00%","0,1300","0,1114","0,1619","0,1929","0,2025","1,0000",80%,1,Level 1
ago 25,DATA ENGINEERING,DATA ENGINEERING,DATA HUB,402,"T&C, CROSS Y ENGINEERING INGESTAS",1,1,1,1,155,156,"0,0",1,"0,0000","0,0000","0,0000",0,470.344,0,470.344,"100,00%","100,00%","99,36%","0,00%","100,00%","0,1300","0,1300","0,1987","0,0000","0,2700","1,0000",73%,1,Level 1
ago 25,DATA ENGINEERING,DATA ENGINEERING,DATA HUB,403,VISUAL CLIENT,1,1,1,1,0,0,"0,0",0,"0,0000","0,0000","0,0000",0,135.612,0,135.612,"100,00%","100,00%",-,-,"100,00%","0,1300","0,1300",-,-,"0,2700","0,5300",100%,1,Level 3
ago 25,DATA ENGINEERING,DATA ENGINEERING,DATA HUB,404,DE PLATAFORMA INFORMACIONAL HOLDING (HIS Y MAESTROS),1,1,1,1,6,6,"0,0",0,"0,0000","0,0000","0,0000",0,113.017,0,113.017,"100,00%","100,00%","100,00%",-,"100,00%","0,1300","0,1300","0,2000",-,"0,2700","0,7300",100%,1,Level 3
ago 25,DATA ENGINEERING,DATA ENGINEERING,DATA HUB,405,DATAHUB R&F,3,3,1,3,207,246,"2,0",3,"0,0000","0,0000","0,0000",0,259.628,0,259.628,"100,00%","33,33%","84,15%","66,67%","100,00%","0,1300","0,0433","0,1683","0,1800","0,2700","1,0000",79%,1,Level 1
ago 25,DATA ENGINEERING,DATA ENGINEERING,DATA HUB,406,GDH ALPHA,1,1,1,1,10,10,"0,0",1,"0,0000","0,0000","0,0000",0,871.460,0,871.458,"100,00%","100,00%","100,00%","0,00%","100,00%","0,1300","0,1300","0,2000","0,0000","0,2700","1,0000",73%,1,Level 1
ago 25,DATA ENGINEERING,DATA ENGINEERING,DATA HUB,5504,DQ HOLDING,1,1,1,1,0,0,"0,0",1,"0,0000","0,0000","0,0000",0,5.002,0,5.002,"100,00%","100,00%",-,"0,00%","100,00%","0,1300","0,1300",-,"0,0000","0,2700","0,8000",66%,0,Not certified
ago 25,DATA ENGINEERING,DATA ENGINEERING,DATA HUB,6136,DEVOPS - CI/CD,1,1,0,1,0,0,"0,0",1,"0,0000","0,0000","0,0000",0,64.536,0,64.536,"100,00%","0,00%",-,"0,00%","100,00%","0,1300","0,0000",-,"0,0000","0,2700","0,8000",50%,0,Not certified
ago 25,ESPAÑA,DATA ENGINEERING,DATA HUB,392,TERADATA SYSTEMS,1,1,1,1,3,3,"0,0",1,"0,0992","0,0994","-0,1647",123,1.240.083,123,1.238.041,"100,00%","100,00%","100,00%","0,00%","75,00%","0,1300","0,1300","0,2000","0,0000","0,2025","1,0000",66%,0,Not certified
ago 25,ESPAÑA,DATA ENGINEERING,DATA HUB,5709,Riesgos & Finanzas,3,2,2,3,55,55,"2,0",3,"0,0000","0,0000","0,0000",0,165.716,0,165.716,"66,67%","66,67%","100,00%","66,67%","100,00%","0,0867","0,0867","0,2000","0,1800","0,2700","1,0000",82%,1,Level 2
ago 25,ESPAÑA,DATA ENGINEERING,DATA HUB,5710,Cs & Sostenibilidad,4,4,4,4,67,68,"4,0",4,"0,0000","0,0000","0,0000",0,326.365,0,321.618,"100,00%","100,00%","98,53%","100,00%","100,00%","0,1300","0,1300","0,1971","0,2700","0,2700","1,0000",100%,1,Level 3
ago 25,ESPAÑA,DATA ENGINEERING,DATA HUB,5711,Cross System,1,1,1,1,7,8,"0,0",1,"0,0000","0,0000","0,0000",0,202.828,0,202.828,"100,00%","100,00%","87,50%","0,00%","100,00%","0,1300","0,1300","0,1750","0,0000","0,2700","1,0000",71%,1,Level 1
ago 25,ESPAÑA,DATA ENGINEERING,Data Modelling,5713,SDM,2,2,2,2,70,72,"0,0",2,"0,0000","0,0000","0,0000",0,397.377,0,397.311,"100,00%","100,00%","97,22%","0,00%","100,00%","0,1300","0,1300","0,1944","0,0000","0,2700","1,0000",72%,1,Level 1
ago 25,ESPAÑA,SYSTEMS ENGINEERING,ALPHA,52,CLIENTS REGULATORY COMPLIANCE,3,3,3,3,10,11,"3,0",3,"0,0000","0,0000","0,0000",0,769.276,0,764.681,"100,00%","100,00%","90,91%","100,00%","100,00%","0,1300","0,1300","0,1818","0,2700","0,2700","1,0000",98%,1,Level 3
ago 25,ESPAÑA,SYSTEMS ENGINEERING,ALPHA,71,BACKEND,3,3,3,3,20,20,"0,0",2,"0,0026","0,0026","-0,0420",4,1.544.051,4,1.543.402,"100,00%","100,00%","100,00%","0,00%","100,00%","0,1300","0,1300","0,2000","0,0000","0,2700","1,0000",73%,1,Level 1
ago 25,ESPAÑA,SYSTEMS ENGINEERING,ALPHA,157,CLIENTS,3,3,2,3,10,12,"3,0",3,"0,0000","0,0000","0,0000",0,70.728,0,70.602,"100,00%","66,67%","83,33%","100,00%","100,00%","0,1300","0,0867","0,1667","0,2700","0,2700","1,0000",92%,1,Level 3
ago 25,ESPAÑA,SYSTEMS ENGINEERING,ALPHA,431,ALPHA CORE PLATFORM,3,3,2,2,5,5,"2,0",2,"0,0000","0,0000","0,0000",0,59.945,0,58.679,"100,00%","100,00%","100,00%","100,00%","100,00%","0,1300","0,1300","0,2000","0,2700","0,2700","1,0000",100%,1,Level 3
ago 25,ESPAÑA,SYSTEMS ENGINEERING,CONSUMER FINANCE SYSTEMS,53,CONSUMER FINANCE,1,1,1,1,3,3,"1,0",1,"0,1889","0,1889","-0,0217",216,1.143.571,216,1.143.323,"100,00%","100,00%","100,00%","100,00%","75,00%","0,1300","0,1300","0,2000","0,2700","0,2025","1,0000",93%,1,Level 3
ago 25,ESPAÑA,SYSTEMS ENGINEERING,CONSUMER FINANCE SYSTEMS,266,CONSUMER FINANCE CHANNEL,4,4,4,4,6,6,"3,0",4,"0,0619","0,0619","-0,0060",134,2.163.522,134,2.163.393,"100,00%","100,00%","100,00%","75,00%","75,00%","0,1300","0,1300","0,2000","0,2025","0,2025","1,0000",87%,1,Level 2
ago 25,ESPAÑA,SYSTEMS ENGINEERING,CONSUMER FINANCE SYSTEMS,267,COBRANDED,4,4,2,4,4,4,"3,0",4,"0,0524","0,0524","-0,0009",97,1.852.111,97,1.852.094,"100,00%","50,00%","100,00%","75,00%","75,00%","0,1300","0,0650","0,2000","0,2025","0,2025","1,0000",80%,1,Level 2
ago 25,ESPAÑA,SYSTEMS ENGINEERING,CONSUMER FINANCE SYSTEMS,268,RED DE AGENTES,1,1,1,1,3,3,"1,0",1,"0,0000","0,0000","0,0000",0,1.020.003,0,1.020.635,"100,00%","100,00%","100,00%","100,00%","100,00%","0,1300","0,1300","0,2000","0,2700","0,2700","1,0000",100%,1,Level 3
ago 25,ESPAÑA,SYSTEMS ENGINEERING,CORE BANKING PRODUCTS,425,"VALORES, FONDOS INTERNACIONALES, DEPOSITARÍA Y ACCIONISTAS",13,13,12,12,18,18,"7,5",11,"0,0839","0,0839","-0,0197",269,3.206.039,269,3.205.409,"100,00%","100,00%","100,00%","68,18%","75,00%","0,1300","0,1300","0,2000","0,1841","0,2025","1,0000",85%,1,Level 2
ago 25,ESPAÑA,SYSTEMS ENGINEERING,CORE BANKING PRODUCTS,428,VENTA DE CARTERAS,1,1,1,1,1,1,"1,0",1,"0,0000","0,0000","0,0000",0,244.495,0,244.495,"100,00%","100,00%","100,00%","100,00%","100,00%","0,1300","0,1300","0,2000","0,2700","0,2700","1,0000",100%,1,Level 3
ago 25,ESPAÑA,SYSTEMS ENGINEERING,CORE BANKING PRODUCTS,430,FINANCIACIÓN,9,9,9,9,17,18,"8,0",9,"0,0008","0,0008","-0,0097",1,1.296.451,1,1.296.325,"100,00%","100,00%","94,44%","88,89%","100,00%","0,1300","0,1300","0,1889","0,2400","0,2700","1,0000",96%,1,Level 3
ago 25,ESPAÑA,SYSTEMS ENGINEERING,CORE CROSS SYSTEMS,128,CCS PRICING,4,4,4,4,0,0,"3,0",3,"0,0000","0,0000","0,0000",0,203.469,0,203.073,"100,00%","100,00%",-,"100,00%","100,00%","0,1300","0,1300",-,"0,2700","0,2700","0,8000",100%,1,Level 3
ago 25,ESPAÑA,SYSTEMS ENGINEERING,CORE CROSS SYSTEMS,129,TRANSFORMACIÓN DE OPERACIONES,8,8,8,8,1,2,"5,0",7,"0,0501","0,0502","-0,0097",157,3.130.878,157,3.130.573,"100,00%","100,00%","50,00%","71,43%","75,00%","0,1300","0,1300","0,1000","0,1929","0,2025","1,0000",76%,1,Level 1
ago 25,ESPAÑA,SYSTEMS ENGINEERING,CORE CROSS SYSTEMS,130,INFRAESTRUCTURA OPERACIONAL,4,4,4,4,14,15,"2,5",4,"0,0000","0,0000","0,0000",0,300.172,0,300.038,"100,00%","100,00%","93,33%","62,50%","100,00%","0,1300","0,1300","0,1867","0,1688","0,2700","1,0000",89%,1,Level 2
ago 25,ESPAÑA,SYSTEMS ENGINEERING,CORE CROSS SYSTEMS,131,CONTRATACIÓN,4,3,4,4,14,19,"4,0",4,"0,0114","0,0114","0,0000",71,6.210.759,71,6.210.757,"75,00%","100,00%","73,68%","100,00%","75,00%","0,0975","0,1300","0,1474","0,2700","0,2025","1,0000",85%,1,Level 2
ago 25,ESPAÑA,SYSTEMS ENGINEERING,CORE CROSS SYSTEMS,132,"DOC, TTGG, LIQUIDACIÓN",3,3,3,3,5,5,"1,0",2,"0,0000","0,0000","0,0000",0,339.729,0,339.729,"100,00%","100,00%","100,00%","50,00%","100,00%","0,1300","0,1300","0,2000","0,1350","0,2700","1,0000",87%,1,Level 2
ago 25,ESPAÑA,SYSTEMS ENGINEERING,CORE CROSS SYSTEMS,133,MODELO DE DIRECCIÓN Y GESTIÓN,5,5,5,5,3,3,"4,0",4,"0,0000","0,0000","0,0000",0,39.849,0,39.849,"100,00%","100,00%","100,00%","100,00%","100,00%","0,1300","0,1300","0,2000","0,2700","0,2700","1,0000",100%,1,Level 3
ago 25,ESPAÑA,SYSTEMS ENGINEERING,CORPORATE FUNCTIONS SYSTEMS,4,RIESGOS DE CRÉDITO,8,8,6,6,15,15,"9,0",9,"0,0000","0,0000","0,0000",0,2.755.403,0,2.753.839,"100,00%","100,00%","100,00%","100,00%","100,00%","0,1300","0,1300","0,2000","0,2700","0,2700","1,0000",100%,1,Level 3
ago 25,ESPAÑA,SYSTEMS ENGINEERING,CORPORATE FUNCTIONS SYSTEMS,319,GESTIÓN RECUPERATORIA Y CONTROL INTERNO,3,3,3,3,0,0,"2,0",3,"0,0000","0,0000","0,0000",0,774.284,0,774.229,"100,00%","100,00%",-,"66,67%","100,00%","0,1300","0,1300",-,"0,1800","0,2700","0,8000",89%,1,Level 2
ago 25,ESPAÑA,SYSTEMS ENGINEERING,CORPORATE FUNCTIONS SYSTEMS,320,T&C Y COMUNICACIONES,4,4,1,1,1,1,"4,0",4,"0,4778","0,4778","0,0000",1.649,3.451.299,1.649,3.451.299,"100,00%","100,00%","100,00%","100,00%","0,00%","0,1300","0,1300","0,2000","0,2700","0,0000","1,0000",73%,1,Level 1
ago 25,ESPAÑA,SYSTEMS ENGINEERING,CORPORATE FUNCTIONS SYSTEMS,321,REPORTING NORMATIVO,6,6,6,6,0,0,"5,0",7,"0,0000","0,0000","0,0000",0,6.856.570,0,6.843.345,"100,00%","100,00%",-,"71,43%","100,00%","0,1300","0,1300",-,"0,1929","0,2700","0,8000",90%,1,Level 3
ago 25,ESPAÑA,SYSTEMS ENGINEERING,CORPORATE FUNCTIONS SYSTEMS,322,IMPAGO Y COBERTURAS,8,8,7,7,7,8,"7,0",7,"0,0435","0,0437","-0,5299",50,1.149.092,50,1.143.003,"100,00%","100,00%","87,50%","100,00%","75,00%","0,1300","0,1300","0,1750","0,2700","0,2025","1,0000",91%,1,Level 3
ago 25,ESPAÑA,SYSTEMS ENGINEERING,CORPORATE FUNCTIONS SYSTEMS,323,CONTABILIDAD Y REAL ESTATE,4,4,4,4,3,3,"4,0",4,"0,0452","0,0452","0,0000",54,1.195.048,54,1.195.048,"100,00%","100,00%","100,00%","100,00%","50,00%","0,1300","0,1300","0,2000","0,2700","0,1350","1,0000",87%,1,Level 2
ago 25,ESPAÑA,SYSTEMS ENGINEERING,CORPORATE FUNCTIONS SYSTEMS,324,SSJJ Y OTROS,4,3,2,3,1,1,"2,0",2,"0,0000","0,0000","0,0000",0,261.413,0,261.413,"75,00%","66,67%","100,00%","100,00%","100,00%","0,0975","0,0867","0,2000","0,2700","0,2700","1,0000",92%,1,Level 3
ago 25,ESPAÑA,SYSTEMS ENGINEERING,DEVOPS & SWDEV TRANSFORMATION,4328,DEVOPS - DEVTOOLS CI/CD - ESPAÑA,0,0,0,0,0,0,"0,0",0,"-99,0000","-99,0000","0,0000",0,0,0,0,-,-,-,-,-,-,-,-,-,-,"0,0000",No tiene el mínimo para calcular indicadores,-,-
ago 25,ESPAÑA,SYSTEMS ENGINEERING,ENTERPRISE CLIENTS SYSTEMS,96,ENTERPRISE CLIENTS OPERATIONS,10,9,9,10,13,23,"5,0",8,"0,0162","0,0162","0,0000",59,3.652.667,59,3.652.667,"90,00%","90,00%","56,52%","62,50%","50,00%","0,1170","0,1170","0,1130","0,1688","0,1350","1,0000",65%,0,Not certified
ago 25,ESPAÑA,SYSTEMS ENGINEERING,ENTERPRISE CLIENTS SYSTEMS,98,FINANCIACIÓN ESPECIALIZADA,4,4,4,4,9,14,"3,5",4,"0,0466","0,0466","0,0000",82,1.757.853,82,1.757.853,"100,00%","100,00%","64,29%","87,50%","50,00%","0,1300","0,1300","0,1286","0,2363","0,1350","1,0000",76%,1,Level 1
ago 25,ESPAÑA,SYSTEMS ENGINEERING,ENTERPRISE CLIENTS SYSTEMS,100,ENTERPRISES CHANNEL,4,4,4,4,21,26,"3,0",4,"0,0964","0,0965","-0,0412",1.858,19.265.388,1.858,19.257.455,"100,00%","100,00%","80,77%","75,00%","75,00%","0,1300","0,1300","0,1615","0,2025","0,2025","1,0000",83%,1,Level 2
ago 25,ESPAÑA,SYSTEMS ENGINEERING,ENTERPRISE CLIENTS SYSTEMS,4739,ENTERPRISE MXM,2,2,2,2,9,9,"2,0",2,"0,0017","0,0017","0,0000",1,596.831,1,596.831,"100,00%","100,00%","100,00%","100,00%","100,00%","0,1300","0,1300","0,2000","0,2700","0,2700","1,0000",100%,1,Level 3
ago 25,ESPAÑA,SYSTEMS ENGINEERING,ENTERPRISE CLIENTS SYSTEMS,5938,COMEX,2,2,2,2,1,1,"2,0",2,"0,0168","0,0168","0,0000",33,1.959.263,33,1.959.263,"100,00%","100,00%","100,00%","100,00%","50,00%","0,1300","0,1300","0,2000","0,2700","0,1350","1,0000",87%,1,Level 2
ago 25,ESPAÑA,SYSTEMS ENGINEERING,ENTERPRISE CLIENTS SYSTEMS,6169,ENTERPRISE MOBILE CHANNEL,2,2,2,2,16,18,"0,0",2,"0,0000","0,0000","0,0000",0,4.405.586,0,4.405.586,"100,00%","100,00%","88,89%","0,00%","100,00%","0,1300","0,1300","0,1778","0,0000","0,2700","1,0000",71%,1,Level 1
ago 25,ESPAÑA,SYSTEMS ENGINEERING,INSURANCE AND ASSET MANAGEMENT SYSTEMS,300,INSURANCE - POSTVENTA,2,2,2,2,1,2,"1,5",2,"0,0000","0,0000","0,0000",0,20.421,0,19.918,"100,00%","100,00%","50,00%","75,00%","100,00%","0,1300","0,1300","0,1000","0,2025","0,2700","1,0000",83%,1,Level 2
ago 25,ESPAÑA,SYSTEMS ENGINEERING,INSURANCE AND ASSET MANAGEMENT SYSTEMS,301,INSURANCE - AHORRO Y PREVISIÓN,5,5,5,5,5,5,"4,0",4,"0,0000","0,0000","0,0000",0,34.375.163,0,34.375.163,"100,00%","100,00%","100,00%","100,00%","100,00%","0,1300","0,1300","0,2000","0,2700","0,2700","1,0000",100%,1,Level 3
ago 25,ESPAÑA,SYSTEMS ENGINEERING,INSURANCE AND ASSET MANAGEMENT SYSTEMS,302,INSURANCE - FINANCIERO ACTUARIAL,4,4,3,3,0,0,"4,0",4,"0,0000","0,0000","0,0000",0,29.483,0,29.483,"100,00%","100,00%",-,"100,00%","100,00%","0,1300","0,1300",-,"0,2700","0,2700","0,8000",100%,1,Level 3
ago 25,ESPAÑA,SYSTEMS ENGINEERING,INSURANCE AND ASSET MANAGEMENT SYSTEMS,303,INSURANCE - DISTRIBUCIÓN,1,1,1,1,6,6,"1,0",1,"0,0000","0,0000","0,0000",0,8.193.160,0,8.180.814,"100,00%","100,00%","100,00%","100,00%","100,00%","0,1300","0,1300","0,2000","0,2700","0,2700","1,0000",100%,1,Level 3
ago 25,ESPAÑA,SYSTEMS ENGINEERING,INSURANCE AND ASSET MANAGEMENT SYSTEMS,304,INSURANCE - BACKOFFICE Y DATA,3,3,3,3,1,1,"1,5",2,"0,0000","0,0000","0,0000",0,3.147.079,0,3.135.536,"100,00%","100,00%","100,00%","75,00%","100,00%","0,1300","0,1300","0,2000","0,2025","0,2700","1,0000",93%,1,Level 3
ago 25,ESPAÑA,SYSTEMS ENGINEERING,INSURANCE AND ASSET MANAGEMENT SYSTEMS,307,ASSET MANAGEMENT - MIDDLE OFFICE,4,4,2,2,2,2,"3,0",4,"0,0000","0,0000","0,0000",0,314.375,0,314.375,"100,00%","100,00%","100,00%","75,00%","100,00%","0,1300","0,1300","0,2000","0,2025","0,2700","1,0000",93%,1,Level 3
ago 25,ESPAÑA,SYSTEMS ENGINEERING,INSURANCE AND ASSET MANAGEMENT SYSTEMS,308,ASSET MANAGEMENT - INFORMACIONAL & WEBS,5,5,5,5,5,5,"3,0",5,"0,2364","0,2364","-0,0184",2.294,9.705.425,2.294,9.703.641,"100,00%","100,00%","100,00%","60,00%","0,00%","0,1300","0,1300","0,2000","0,1620","0,0000","1,0000",62%,0,Not certified
ago 25,ESPAÑA,SYSTEMS ENGINEERING,INSURANCE AND ASSET MANAGEMENT SYSTEMS,310,ASSET MANAGEMENT - FRONT OFFICE,3,3,3,3,1,1,"2,0",3,"0,0037","0,0037","0,0000",8,2.175.056,8,2.175.056,"100,00%","100,00%","100,00%","66,67%","100,00%","0,1300","0,1300","0,2000","0,1800","0,2700","1,0000",91%,1,Level 3
ago 25,ESPAÑA,SYSTEMS ENGINEERING,INSURANCE AND ASSET MANAGEMENT SYSTEMS,4154,ASSET MANAGEMENT - BACKOFFICE Y FONDOS DE INVERSIÓN,3,3,1,1,10,10,"0,5",2,"0,2943","0,2943","0,0000",431,1.464.313,431,1.464.313,"100,00%","100,00%","100,00%","25,00%","0,00%","0,1300","0,1300","0,2000","0,0675","0,0000","1,0000",53%,0,Not certified
ago 25,ESPAÑA,SYSTEMS ENGINEERING,INSURANCE AND ASSET MANAGEMENT SYSTEMS,4301,ASSET MANAGEMENT - FONDOS Y PLANES DE PENSIONES,1,1,1,1,14,14,"0,0",1,"0,0000","0,0000","0,0000",0,111.169,0,111.169,"100,00%","100,00%","100,00%","0,00%","100,00%","0,1300","0,1300","0,2000","0,0000","0,2700","1,0000",73%,1,Level 1
ago 25,ESPAÑA,SYSTEMS ENGINEERING,PASIVO / PAYMENT SYSTEMS,426,MMPP,13,13,11,11,15,15,"8,0",11,"0,0584","0,0584","-0,0963",139,2.381.314,139,2.379.021,"100,00%","100,00%","100,00%","72,73%","75,00%","0,1300","0,1300","0,2000","0,1964","0,2025","1,0000",86%,1,Level 2
ago 25,ESPAÑA,SYSTEMS ENGINEERING,PASIVO / PAYMENT SYSTEMS,427,PASIVO,10,10,10,10,14,15,"7,0",8,"0,0000","0,0000","0,0000",0,2.752.012,0,2.751.835,"100,00%","100,00%","93,33%","87,50%","100,00%","0,1300","0,1300","0,1867","0,2363","0,2700","1,0000",95%,1,Level 3
ago 25,ESPAÑA,SYSTEMS ENGINEERING,PASIVO / PAYMENT SYSTEMS,429,SERVICIOS BANCARIOS (COBROS Y PAGOS),14,14,13,14,30,30,"9,0",14,"0,2367","0,2372","-0,2020",392,1.656.193,392,1.652.847,"100,00%","92,86%","100,00%","64,29%","0,00%","0,1300","0,1207","0,2000","0,1736","0,0000","1,0000",62%,0,Not certified
ago 25,ESPAÑA,SYSTEMS ENGINEERING,RETAIL CUSTOMERS SYSTEMS,79,MOBILE CHANNEL,3,3,3,3,38,38,"2,0",3,"0,0000","0,0000","0,0000",0,1.098.194,0,1.094.943,"100,00%","100,00%","100,00%","66,67%","100,00%","0,1300","0,1300","0,2000","0,1800","0,2700","1,0000",91%,1,Level 3
ago 25,ESPAÑA,SYSTEMS ENGINEERING,RETAIL CUSTOMERS SYSTEMS,89,ATM,2,2,2,2,2,2,"0,0",1,"0,0000","0,0000","0,0000",0,2.224.846,0,2.223.030,"100,00%","100,00%","100,00%","0,00%","100,00%","0,1300","0,1300","0,2000","0,0000","0,2700","1,0000",73%,1,Level 1
ago 25,ESPAÑA,SYSTEMS ENGINEERING,RETAIL CUSTOMERS SYSTEMS,93,WEB CHANNEL,5,5,5,5,18,19,"4,0",5,"0,0910","0,0910","0,0000",367,4.031.195,367,4.031.195,"100,00%","100,00%","94,74%","80,00%","50,00%","0,1300","0,1300","0,1895","0,2160","0,1350","1,0000",80%,1,Level 2
ago 25,ESPAÑA,SYSTEMS ENGINEERING,RETAIL CUSTOMERS SYSTEMS,181,CONTACT CENTER,5,5,4,4,16,16,"5,0",5,"0,0258","0,0258","-0,0443",90,3.484.077,90,3.482.535,"100,00%","100,00%","100,00%","100,00%","75,00%","0,1300","0,1300","0,2000","0,2700","0,2025","1,0000",93%,1,Level 3
ago 25,ESPAÑA,SYSTEMS ENGINEERING,RETAIL CUSTOMERS SYSTEMS,281,PRIVATE BANKING,6,4,6,6,0,0,"5,0",6,"0,0000","0,0000","0,0000",0,209.616,0,209.633,"66,67%","100,00%",-,"83,33%","100,00%","0,0867","0,1300",-,"0,2250","0,2700","0,8000",89%,1,Level 2
ago 25,ESPAÑA,SYSTEMS ENGINEERING,RETAIL CUSTOMERS SYSTEMS,327,RETAIL DIGITAL SERVICES,12,12,12,12,0,0,"11,0",11,"0,0000","0,0000","0,0000",0,947.601,0,947.576,"100,00%","100,00%",-,"100,00%","100,00%","0,1300","0,1300",-,"0,2700","0,2700","0,8000",100%,1,Level 3
ago 25,ESPAÑA,SYSTEMS ENGINEERING,RETAIL CUSTOMERS SYSTEMS,328,BRANCH CHANNEL,7,6,4,4,15,15,"1,5",6,"0,0040","0,0040","-0,0549",98,24.355.269,98,24.341.908,"85,71%","100,00%","100,00%","25,00%","75,00%","0,1114","0,1300","0,2000","0,0675","0,2025","1,0000",71%,1,Level 1
ago 25,ESPAÑA,SYSTEMS ENGINEERING,RETAIL CUSTOMERS SYSTEMS,329,OPEN BANKING,1,1,1,1,1,1,"1,0",1,"0,0000","0,0000","0,0000",0,6.843,0,6.843,"100,00%","100,00%","100,00%","100,00%","100,00%","0,1300","0,1300","0,2000","0,2700","0,2700","1,0000",100%,1,Level 3
ago 25,ESPAÑA,SYSTEMS ENGINEERING,RETAIL CUSTOMERS SYSTEMS,330,OPERATIONAL CRM,6,6,4,4,5,5,"5,0",5,"0,0139","0,0139","0,0000",13,932.628,13,932.628,"100,00%","100,00%","100,00%","100,00%","50,00%","0,1300","0,1300","0,2000","0,2700","0,1350","1,0000",87%,1,Level 2
ago 25,ESPAÑA,SYSTEMS ENGINEERING,RETAIL CUSTOMERS SYSTEMS,331,DIGITAL MARKETING,2,2,0,0,3,3,"1,0",2,"0,0000","0,0000","0,0000",0,124.815,0,124.812,"100,00%",-,"100,00%","50,00%","100,00%","0,1300",-,"0,2000","0,1350","0,2700","0,8700",84%,1,Level 2
ago 25,GSD,GSD,ALPHA,4621,CATÁLOGOS,0,0,2,2,0,0,"2,0",2,"0,0000","0,0000","0,0000",0,237.562,0,237.562,-,"100,00%",-,"100,00%","100,00%",-,"0,1300",-,"0,2700","0,2700","0,6700",100%,1,Level 3
ago 25,GSD,GSD,ALPHA,4622,FIRMA,0,0,1,1,0,0,"0,0",1,"0,0000","0,0000","0,0000",0,66.803,0,66.803,-,"100,00%",-,"0,00%","100,00%",-,"0,1300",-,"0,0000","0,2700","0,6700",60%,0,Not certified
ago 25,GSD,GSD,ALPHA,4623,INFRAESTRUCTURA MULTICANAL,0,0,5,5,1,1,"2,0",5,"0,0000","0,0000","0,0000",0,598.733,0,598.672,-,"100,00%","100,00%","40,00%","100,00%",-,"0,1300","0,2000","0,1080","0,2700","0,8700",81%,1,Level 2
ago 25,GSD,GSD,ALPHA,4625,OPERATIONAL DATA INFRASTRUCTURE,0,0,3,6,0,0,"3,5",5,"0,0000","0,0000","0,0000",0,187.057,0,186.485,-,"50,00%",-,"70,00%","100,00%",-,"0,0650",-,"0,1890","0,2700","0,6700",78%,1,Level 1
ago 25,GSD,GSD,ALPHA,4647,INFRAESTRUCTURA PERSONAS Y CONTRATOS,0,0,5,5,0,0,"1,5",5,"0,0000","0,0000","0,0000",0,722.967,0,721.502,-,"100,00%",-,"30,00%","100,00%",-,"0,1300",-,"0,0810","0,2700","0,6700",72%,1,Level 1
ago 25,GSD,GSD,DEVOPS & SW DEV TOOLS,4308,SW DEVTOOLS SUITE,4,4,4,4,0,0,"3,0",3,"0,0527","0,0532","-0,8766",116,2.200.325,116,2.181.036,"100,00%","100,00%",-,"100,00%","75,00%","0,1300","0,1300",-,"0,2700","0,2025","0,8000",92%,1,Level 3
ago 25,GSD,GSD,DEVOPS & SW DEV TOOLS,6091,IAGEN SDLC,1,1,1,1,0,0,"0,0",2,"0,0000","0,0000","0,0000",0,8.794,0,8.794,"100,00%","100,00%",-,"0,00%","100,00%","0,1300","0,1300",-,"0,0000","0,2700","0,8000",66%,0,Not certified
ago 25,GSD,GSD,DEVOPS & SW DEV TOOLS,6110,TESTING TOOLS,5,5,5,5,4,4,"5,0",5,"0,0074","0,0074","0,0000",6,815.152,6,815.152,"100,00%","100,00%","100,00%","100,00%","50,00%","0,1300","0,1300","0,2000","0,2700","0,1350","1,0000",87%,1,Level 2
ago 25,GSD,GSD,DEVOPS & SW DEV TOOLS,6124,UX & DESIGN,0,0,0,0,0,0,"0,0",1,"0,0000","0,0000","0,0000",0,173.636,0,173.636,-,-,-,"0,00%","100,00%",-,-,-,"0,0000","0,2700","0,5400",50%,0,Not certified
ago 25,GSD,GSD,DEVOPS & SW DEV TOOLS,6136,DEVOPS - CI/CD,7,5,8,9,2,3,"7,0",8,"0,0030","0,0030","-0,0550",17,5.662.055,17,5.658.939,"71,43%","88,89%","66,67%","87,50%","100,00%","0,0929","0,1156","0,1333","0,2363","0,2700","1,0000",85%,1,Level 2
ago 25,GSD,GSD,PAYMENT,427,PASIVO,1,0,1,2,0,0,"1,0",1,"0,0000","0,0000","0,0000",0,10.539,0,10.539,"0,00%","50,00%",-,"100,00%","100,00%","0,0000","0,0650",-,"0,2700","0,2700","0,8000",76%,1,Level 1
ago 25,GSD,GSD,PAYMENT,4357,PAYMENT AUTHORIZATION,1,1,3,4,0,0,"2,0",3,"0,0000","0,0000","0,0000",0,170.480,0,169.465,"100,00%","75,00%",-,"66,67%","100,00%","0,1300","0,0975",-,"0,1800","0,2700","0,8000",85%,1,Level 2
ago 25,GSD,GSD,PAYMENT,4979,TRACKING PAYMENT,0,0,1,1,0,0,"1,0",1,"0,0000","0,0000","0,0000",0,5.674,0,5.651,-,"100,00%",-,"100,00%","100,00%",-,"0,1300",-,"0,2700","0,2700","0,6700",100%,1,Level 3
ago 25,GSD,GSD,PAYMENT,5527,PAYMENT METHODS SYSTEM,0,0,1,1,2,2,"0,0",1,"0,0000","0,0000","0,0000",0,319.467,0,317.552,-,"100,00%","100,00%","0,00%","100,00%",-,"0,1300","0,2000","0,0000","0,2700","0,8700",69%,0,Not certified
ago 25,GSD,GSD,SECURITY GSD,5222,S-SDLC PROCESSES GLOBAL,1,1,1,1,0,0,"1,0",1,"0,0000","0,0000","0,0000",0,89.027,0,89.027,"100,00%","100,00%",-,"100,00%","100,00%","0,1300","0,1300",-,"0,2700","0,2700","0,8000",100%,1,Level 3
ago 25,GSD,GSD,SW DEV TRANSF,238,SDLC PROCESSES GLOBAL,1,1,1,1,0,0,"1,0",1,"0,0089","0,0089","0,0000",2,224.532,2,224.532,"100,00%","100,00%",-,"100,00%","50,00%","0,1300","0,1300",-,"0,2700","0,1350","0,8000",83%,1,Level 2
ago 25,GSD,GSD,SW DEV TRANSF,6198,SOPORTE HELIX,0,0,0,0,0,0,"0,0",0,"-99,0000","-99,0000","0,0000",0,0,0,0,-,-,-,-,-,-,-,-,-,-,"0,0000",No tiene el mínimo para calcular indicadores,-,-
ago 25,GSD,GSD,SW DEV TRANSF,6290,TRAINING - SERVICE FOR PRACTICE,1,0,0,1,0,0,"0,0",1,"-99,0000","-99,0000","0,0000",0,0,0,0,"0,00%","0,00%",-,"0,00%",-,"0,0000","0,0000",-,"0,0000",-,"0,5300",0%,0,Not certified
ago 25,I&O HUB AMÉRICA,R&IC,CFE,6151,SCREENING & TRANSACTION MONITORING AML,1,1,0,1,0,0,"0,0",1,"0,0000","0,0000","0,0000",0,12.605,0,12.605,"100,00%","0,00%",-,"0,00%","100,00%","0,1300","0,0000",-,"0,0000","0,2700","0,8000",50%,0,Not certified
ago 25,MÉXICO,DATA TRANSFORMATION & ENGINEERING,DATAHUB EXTENDED,109,TRANSACTIONAL S&C,3,3,3,3,77,77,"0,0",3,"0,0000","0,0000","0,0000",0,58.580,0,58.580,"100,00%","100,00%","100,00%","0,00%","100,00%","0,1300","0,1300","0,2000","0,0000","0,2700","1,0000",73%,1,Level 1
ago 25,MÉXICO,DATA TRANSFORMATION & ENGINEERING,DATAHUB EXTENDED,111,CLIENT SOLUTIONS,4,4,4,4,104,106,"2,0",4,"0,0000","0,0000","0,0000",0,266.849,0,266.064,"100,00%","100,00%","98,11%","50,00%","100,00%","0,1300","0,1300","0,1962","0,1350","0,2700","1,0000",86%,1,Level 2
ago 25,MÉXICO,DATA TRANSFORMATION & ENGINEERING,DATAHUB EXTENDED,112,DATA BANKING,3,3,3,3,91,91,"3,0",3,"0,0000","0,0000","0,0000",0,159.577,0,159.580,"100,00%","100,00%","100,00%","100,00%","100,00%","0,1300","0,1300","0,2000","0,2700","0,2700","1,0000",100%,1,Level 3
ago 25,MÉXICO,DATA TRANSFORMATION & ENGINEERING,DATAHUB EXTENDED,3560,OPERATIONAL ENTERPRISE,3,3,3,3,92,92,"1,0",3,"0,0000","0,0000","0,0000",0,115.148,0,115.148,"100,00%","100,00%","100,00%","33,33%","100,00%","0,1300","0,1300","0,2000","0,0900","0,2700","1,0000",82%,1,Level 2
ago 25,MÉXICO,DATA TRANSFORMATION & ENGINEERING,DATAHUB EXTENDED,7514,DATA INSURANCE,1,1,1,1,3,3,"1,0",1,"0,0000","0,0000","0,0000",0,18.264,0,18.264,"100,00%","100,00%","100,00%","100,00%","100,00%","0,1300","0,1300","0,2000","0,2700","0,2700","1,0000",100%,1,Level 3
ago 25,MÉXICO,DATA TRANSFORMATION & ENGINEERING,DATAHUB FINANZAS Y RIESGOS,113,DATA RISK,4,4,3,4,203,203,"1,5",4,"0,0324","0,0324","-0,0192",40,1.236.362,40,1.236.125,"100,00%","75,00%","100,00%","37,50%","75,00%","0,1300","0,0975","0,2000","0,1013","0,2025","1,0000",73%,1,Level 1
ago 25,MÉXICO,DATA TRANSFORMATION & ENGINEERING,DATAHUB FINANZAS Y RIESGOS,5552,DATA FINANCE,5,5,4,5,38,39,"2,0",5,"0,0000","0,0000","0,0000",0,216.698,0,216.697,"100,00%","80,00%","97,44%","40,00%","100,00%","0,1300","0,1040","0,1949","0,1080","0,2700","1,0000",81%,1,Level 2
ago 25,MÉXICO,DATA TRANSFORMATION & ENGINEERING,SEGURIDAD Y OTRAS PI,5009,DATA LEGACY,3,3,0,3,2,2,"2,0",2,"0,0000","0,0000","0,0000",0,86.711,0,86.711,"100,00%","0,00%","100,00%","100,00%","100,00%","0,1300","0,0000","0,2000","0,2700","0,2700","1,0000",87%,1,Level 2
ago 25,MÉXICO,SYSTEMS ENGINEERING,C&IB,61,ASSET MANAGEMENT,1,1,1,1,0,0,"1,0",1,"0,3334","0,3334","0,0000",495,1.484.588,495,1.484.588,"100,00%","100,00%",-,"100,00%","0,00%","0,1300","0,1300",-,"0,2700","0,0000","0,8000",66%,0,Not certified
ago 25,MÉXICO,SYSTEMS ENGINEERING,C&IB,280,CROSS & LENDING,8,7,7,8,1,1,"5,0",7,"0,0337","0,0346","-2,5123",68,2.015.872,68,1.965.227,"87,50%","87,50%","100,00%","71,43%","75,00%","0,1138","0,1138","0,2000","0,1929","0,2025","1,0000",82%,1,Level 2
ago 25,MÉXICO,SYSTEMS ENGINEERING,C&IB,281,PRIVATE BANKING,2,2,2,2,1,1,"2,0",2,"0,0104","0,0104","0,0000",7,675.705,7,675.705,"100,00%","100,00%","100,00%","100,00%","50,00%","0,1300","0,1300","0,2000","0,2700","0,1350","1,0000",87%,1,Level 2
ago 25,MÉXICO,SYSTEMS ENGINEERING,C&IB,282,"FX, DERIVATIVES & CUSTODY",9,9,8,9,1,1,"4,0",8,"0,0249","0,0249","0,0000",64,2.568.014,64,2.568.014,"100,00%","88,89%","100,00%","50,00%","50,00%","0,1300","0,1156","0,2000","0,1350","0,1350","1,0000",72%,1,Level 1
ago 25,MÉXICO,SYSTEMS ENGINEERING,C&IB,283,OTC & RISK,5,4,4,5,0,0,"4,0",4,"0,1686","0,1686","-0,0217",174,1.032.060,174,1.031.836,"80,00%","80,00%",-,"100,00%","75,00%","0,1040","0,1040",-,"0,2700","0,2025","0,8000",85%,1,Level 2
ago 25,MÉXICO,SYSTEMS ENGINEERING,C&IB,284,FI & REPORTING,8,7,6,8,4,4,"5,0",6,"0,6378","0,6382","-0,0601",2.018,3.163.818,2.018,3.161.915,"87,50%","75,00%","100,00%","83,33%","0,00%","0,1138","0,0975","0,2000","0,2250","0,0000","1,0000",64%,0,Not certified
ago 25,MÉXICO,SYSTEMS ENGINEERING,C&IB,285,EQUITY,4,4,4,4,1,1,"3,0",4,"8,4022","8,4029","-0,0091",20.942,2.492.452,20.942,2.492.224,"100,00%","100,00%","100,00%","75,00%","0,00%","0,1300","0,1300","0,2000","0,2025","0,0000","1,0000",66%,0,Not certified
ago 25,MÉXICO,SYSTEMS ENGINEERING,CORE BANKING PRODUCTS,55,LOANS,7,5,6,7,6,6,"4,5",6,"0,0002","0,0002","0,0000",1,5.848.575,1,5.848.575,"71,43%","85,71%","100,00%","75,00%","100,00%","0,0929","0,1114","0,2000","0,2025","0,2700","1,0000",88%,1,Level 2
ago 25,MÉXICO,SYSTEMS ENGINEERING,CORE BANKING PRODUCTS,157,CLIENTS,5,5,5,5,4,4,"5,0",6,"0,0000","0,0000","0,0000",0,4.886.988,0,4.886.998,"100,00%","100,00%","100,00%","83,33%","100,00%","0,1300","0,1300","0,2000","0,2250","0,2700","1,0000",96%,1,Level 3
ago 25,MÉXICO,SYSTEMS ENGINEERING,CORE BANKING PRODUCTS,167,PAYROLLS AND TRANSFERS,4,4,4,4,0,0,"2,5",4,"0,0000","0,0000","0,0000",0,4.042.837,0,4.042.506,"100,00%","100,00%",-,"62,50%","100,00%","0,1300","0,1300",-,"0,1688","0,2700","0,8000",87%,1,Level 2
ago 25,MÉXICO,SYSTEMS ENGINEERING,CORE BANKING PRODUCTS,169,ACCOUNTS,8,7,7,8,5,5,"6,5",8,"0,0960","0,0962","-0,1870",440,4.582.499,440,4.573.928,"87,50%","87,50%","100,00%","81,25%","75,00%","0,1138","0,1138","0,2000","0,2194","0,2025","1,0000",85%,1,Level 2
ago 25,MÉXICO,SYSTEMS ENGINEERING,CORE BANKING PRODUCTS,7744,CONTRACTING METHODS AND DIGITAL DOCUMENTATION,2,2,2,2,0,0,"2,0",2,"0,0000","0,0000","0,0000",0,2.342.991,0,2.342.966,"100,00%","100,00%",-,"100,00%","100,00%","0,1300","0,1300",-,"0,2700","0,2700","0,8000",100%,1,Level 3
ago 25,MÉXICO,SYSTEMS ENGINEERING,CORE CROSS SYSTEMS,362,ACCOUNT STATEMENTS & TAX STAMPS,2,2,2,2,2,2,"1,0",1,"0,0871","0,0871","-0,0155",71,815.391,71,815.265,"100,00%","100,00%","100,00%","100,00%","75,00%","0,1300","0,1300","0,2000","0,2700","0,2025","1,0000",93%,1,Level 3
ago 25,MÉXICO,SYSTEMS ENGINEERING,CORE CROSS SYSTEMS,363,APPLICATION SECURITY,1,1,1,1,0,2,"0,5",1,"0,0000","0,0000","0,0000",0,1.596.039,0,1.596.030,"100,00%","100,00%","0,00%","50,00%","100,00%","0,1300","0,1300","0,0000","0,1350","0,2700","1,0000",67%,0,Not certified
ago 25,MÉXICO,SYSTEMS ENGINEERING,CORE CROSS SYSTEMS,364,DIGITAL CONTACTABILITY,2,2,2,2,12,12,"2,0",2,"0,5369","0,5369","0,0000",719,1.339.146,719,1.339.146,"100,00%","100,00%","100,00%","100,00%","0,00%","0,1300","0,1300","0,2000","0,2700","0,0000","1,0000",73%,1,Level 1
ago 25,MÉXICO,SYSTEMS ENGINEERING,CORE CROSS SYSTEMS,365,ATMS & INFRASTRUCTURE,2,2,2,2,1,1,"0,0",2,"0,0435","0,0435","0,0429",35,804.756,35,805.101,"100,00%","100,00%","100,00%","0,00%","25,00%","0,1300","0,1300","0,2000","0,0000","0,0675","1,0000",53%,0,Not certified
ago 25,MÉXICO,SYSTEMS ENGINEERING,CORE CROSS SYSTEMS,5469,SYSTEMS CONTACT CENTER,6,6,6,6,1,9,"4,0",6,"0,9879","0,9879","0,0000",22.613,22.889.823,22.613,22.889.823,"100,00%","100,00%","11,11%","66,67%","0,00%","0,1300","0,1300","0,0222","0,1800","0,0000","1,0000",46%,0,Not certified
ago 25,MÉXICO,SYSTEMS ENGINEERING,CORE CROSS SYSTEMS,8000,FRONTALES ASESOR TELEFONICO,1,0,0,1,0,0,"0,0",0,"-99,0000","-99,0000","0,0000",0,0,0,0,"0,00%","0,00%",-,-,-,"0,0000","0,0000",-,-,-,"0,2600",0%,0,Not certified
ago 25,MÉXICO,SYSTEMS ENGINEERING,CORPORATE FUNCTIONS,200,TALENT & CULTURE,3,3,3,3,13,13,"2,0",3,"0,4061","0,4068","-0,1758",6.780,16.696.386,6.780,16.667.029,"100,00%","100,00%","100,00%","66,67%","0,00%","0,1300","0,1300","0,2000","0,1800","0,0000","1,0000",64%,0,Not certified
ago 25,MÉXICO,SYSTEMS ENGINEERING,CORPORATE FUNCTIONS,298,RISK,7,7,6,6,14,14,"2,0",5,"0,0706","0,0706","-0,0014",497,7.037.766,497,7.037.666,"100,00%","100,00%","100,00%","40,00%","75,00%","0,1300","0,1300","0,2000","0,1080","0,2025","1,0000",77%,1,Level 1
ago 25,MÉXICO,SYSTEMS ENGINEERING,CORPORATE FUNCTIONS,351,AACC,2,2,2,2,2,2,"2,0",2,"0,0935","0,0935","-0,0028",649,6.941.099,649,6.940.908,"100,00%","100,00%","100,00%","100,00%","75,00%","0,1300","0,1300","0,2000","0,2700","0,2025","1,0000",93%,1,Level 3
ago 25,MÉXICO,SYSTEMS ENGINEERING,CORPORATE FUNCTIONS,354,FINANCE & PROCUREMENT,3,3,3,3,1,1,"0,5",3,"0,8965","0,8968","-0,0383",2.975,3.318.643,2.976,3.318.486,"100,00%","100,00%","100,00%","16,67%","0,00%","0,1300","0,1300","0,2000","0,0450","0,0000","1,0000",51%,0,Not certified
ago 25,MÉXICO,SYSTEMS ENGINEERING,CORPORATE FUNCTIONS,355,COMPLIANCE & LEGAL,2,2,2,2,5,5,"0,5",2,"0,4920","0,4920","-0,0055",1.245,2.530.492,1.245,2.530.353,"100,00%","100,00%","100,00%","25,00%","0,00%","0,1300","0,1300","0,2000","0,0675","0,0000","1,0000",53%,0,Not certified
ago 25,MÉXICO,SYSTEMS ENGINEERING,CORPORATE FUNCTIONS,356,CREDIT ACQUISITION & AUTOMATION,3,3,3,3,8,8,"2,0",3,"0,1676","0,1676","-0,0343",361,2.154.577,361,2.153.837,"100,00%","100,00%","100,00%","66,67%","75,00%","0,1300","0,1300","0,2000","0,1800","0,2025","1,0000",84%,1,Level 2
ago 25,MÉXICO,SYSTEMS ENGINEERING,CORPORATE FUNCTIONS,3613,LOCAL SERVICES,1,1,1,1,2,2,"0,0",1,"0,0105","0,0105","0,0000",5,474.780,5,474.780,"100,00%","100,00%","100,00%","0,00%","50,00%","0,1300","0,1300","0,2000","0,0000","0,1350","1,0000",60%,0,Not certified
ago 25,MÉXICO,SYSTEMS ENGINEERING,ENTERPRISE,53,CONSUMER FINANCE,3,3,3,3,2,2,"3,0",3,"0,0000","0,0000","0,0000",0,258.939,0,257.786,"100,00%","100,00%","100,00%","100,00%","100,00%","0,1300","0,1300","0,2000","0,2700","0,2700","1,0000",100%,1,Level 3
ago 25,MÉXICO,SYSTEMS ENGINEERING,ENTERPRISE,210,API CHANNEL,4,4,3,4,0,0,"4,0",4,"0,0000","0,0000","0,0000",0,332.009,0,332.009,"100,00%","75,00%",-,"100,00%","100,00%","0,1300","0,0975",-,"0,2700","0,2700","0,8000",96%,1,Level 3
ago 25,MÉXICO,SYSTEMS ENGINEERING,ENTERPRISE,211,ENTERPRISE WEB,7,7,7,7,8,8,"3,0",7,"0,0487","0,0491","-0,9000",1.434,29.454.855,1.447,29.454.375,"100,00%","100,00%","100,00%","42,86%","75,00%","0,1300","0,1300","0,2000","0,1157","0,2025","1,0000",78%,1,Level 1
ago 25,MÉXICO,SYSTEMS ENGINEERING,ENTERPRISE,212,SPECIALIZED PRODUCTS,4,4,4,4,0,1,"2,5",4,"4,4130","4,4129","0,0002",20.115,4.558.171,20.115,4.558.179,"100,00%","100,00%","0,00%","62,50%","0,00%","0,1300","0,1300","0,0000","0,1688","0,0000","1,0000",43%,0,Not certified
ago 25,MÉXICO,SYSTEMS ENGINEERING,ENTERPRISE,3604,MOBILE ENTERPRISE,1,1,1,1,0,0,"1,0",1,"-99,0000","-99,0000","0,0000",0,0,0,0,"100,00%","100,00%",-,"100,00%",-,"0,1300","0,1300",-,"0,2700",-,"0,5300",100%,1,Level 3
ago 25,MÉXICO,SYSTEMS ENGINEERING,ENTERPRISE,4038,DIGITAL WORKPLACE & CRM,8,4,5,8,2,4,"6,0",6,"0,0026","0,0026","-0,0065",23,8.970.159,23,8.969.577,"50,00%","62,50%","50,00%","100,00%","100,00%","0,0650","0,0813","0,1000","0,2700","0,2700","1,0000",79%,1,Level 1
ago 25,MÉXICO,SYSTEMS ENGINEERING,ENTERPRISE,6123,DIGITAL SMEs,2,2,2,2,0,0,"2,0",2,"0,0000","0,0000","0,0000",0,8.538,0,8.538,"100,00%","100,00%",-,"100,00%","100,00%","0,1300","0,1300",-,"0,2700","0,2700","0,8000",100%,1,Level 3
ago 25,MÉXICO,SYSTEMS ENGINEERING,INSURANCE,223,INFORMATIONAL,1,1,1,1,0,0,"0,0",1,"0,0000","0,0000","0,0000",0,410,0,410,"100,00%","100,00%",-,"0,00%","100,00%","0,1300","0,1300",-,"0,0000","0,2700","0,8000",66%,0,Not certified
ago 25,MÉXICO,SYSTEMS ENGINEERING,INSURANCE,224,CHANNELS,4,4,4,4,1,1,"2,0",4,"0,0343","0,0343","0,0000",534,15.581.475,534,15.581.478,"100,00%","100,00%","100,00%","50,00%","25,00%","0,1300","0,1300","0,2000","0,1350","0,0675","1,0000",66%,0,Not certified
ago 25,MÉXICO,SYSTEMS ENGINEERING,INSURANCE,225,CORE CROSS,4,4,4,4,0,0,"3,5",4,"0,0053","0,0053","-0,0025",27,5.083.178,27,5.083.052,"100,00%","100,00%",-,"87,50%","75,00%","0,1300","0,1300",-,"0,2363","0,2025","0,8000",87%,1,Level 2
ago 25,MÉXICO,SYSTEMS ENGINEERING,INSURANCE,4036,MULTIASISTENCIA,2,2,2,2,4,4,"2,0",2,"0,0275","0,0275","-0,0030",172,6.248.803,172,6.248.617,"100,00%","100,00%","100,00%","100,00%","75,00%","0,1300","0,1300","0,2000","0,2700","0,2025","1,0000",93%,1,Level 3
ago 25,MÉXICO,SYSTEMS ENGINEERING,PAYMENTS SYSTEMS,213,METHODS,4,3,3,4,5,5,"4,0",4,"0,0000","0,0000","0,0000",0,14.353,0,14.353,"75,00%","75,00%","100,00%","100,00%","100,00%","0,0975","0,0975","0,2000","0,2700","0,2700","1,0000",94%,1,Level 3
ago 25,MÉXICO,SYSTEMS ENGINEERING,PAYMENTS SYSTEMS,215,TRANSACTIONS ENGINE,2,2,2,2,1,1,"1,0",2,"0,0000","0,0000","0,0000",0,119.368,0,119.368,"100,00%","100,00%","100,00%","50,00%","100,00%","0,1300","0,1300","0,2000","0,1350","0,2700","1,0000",87%,1,Level 2
ago 25,MÉXICO,SYSTEMS ENGINEERING,PAYMENTS SYSTEMS,217,CREDITS,5,5,5,5,6,6,"5,0",5,"0,0000","0,0000","0,0000",0,6.100.405,0,6.100.405,"100,00%","100,00%","100,00%","100,00%","100,00%","0,1300","0,1300","0,2000","0,2700","0,2700","1,0000",100%,1,Level 3
ago 25,MÉXICO,SYSTEMS ENGINEERING,PAYMENTS SYSTEMS,218,MERCHANTS,2,2,2,2,3,3,"0,5",2,"0,0132","0,0132","0,0000",16,1.214.979,16,1.214.979,"100,00%","100,00%","100,00%","25,00%","50,00%","0,1300","0,1300","0,2000","0,0675","0,1350","1,0000",66%,0,Not certified
ago 25,MÉXICO,SYSTEMS ENGINEERING,PAYMENTS SYSTEMS,219,BANXICO,1,1,1,1,1,1,"0,0",1,"0,0005","0,0005","-0,0019",2,4.416.325,2,4.416.239,"100,00%","100,00%","100,00%","0,00%","100,00%","0,1300","0,1300","0,2000","0,0000","0,2700","1,0000",73%,1,Level 1
ago 25,MÉXICO,SYSTEMS ENGINEERING,PAYMENTS SYSTEMS,221,SUBSCRIPTIONS AND SERVICES,2,2,2,2,0,0,"0,5",2,"0,0000","0,0000","0,0000",0,1.720.566,0,1.720.566,"100,00%","100,00%",-,"25,00%","100,00%","0,1300","0,1300",-,"0,0675","0,2700","0,8000",75%,1,Level 1
ago 25,MÉXICO,SYSTEMS ENGINEERING,RETAIL,81,WEB,4,3,3,4,11,11,"2,5",3,"0,2165","0,2165","-0,0001",870,4.018.466,870,4.018.463,"75,00%","75,00%","100,00%","83,33%","0,00%","0,0975","0,0975","0,2000","0,2250","0,0000","1,0000",62%,0,Not certified
ago 25,MÉXICO,SYSTEMS ENGINEERING,RETAIL,83,BRANCHES,7,7,7,7,6,6,"4,0",7,"0,0281","0,0281","-0,0195",266,9.453.843,266,9.451.996,"100,00%","100,00%","100,00%","57,14%","75,00%","0,1300","0,1300","0,2000","0,1543","0,2025","1,0000",82%,1,Level 2
ago 25,MÉXICO,SYSTEMS ENGINEERING,RETAIL,84,CRM,9,9,9,9,12,14,"8,0",9,"0,0065","0,0065","-0,0538",19,2.926.566,19,2.924.992,"100,00%","100,00%","85,71%","88,89%","75,00%","0,1300","0,1300","0,1714","0,2400","0,2025","1,0000",87%,1,Level 2
ago 25,MÉXICO,SYSTEMS ENGINEERING,RETAIL,85,OPEN MARKET,1,1,1,1,0,0,"0,0",1,"0,0007","0,0007","-0,0241",1,1.521.462,1,1.521.095,"100,00%","100,00%",-,"0,00%","100,00%","0,1300","0,1300",-,"0,0000","0,2700","0,8000",66%,0,Not certified
ago 25,MÉXICO,SYSTEMS ENGINEERING,RETAIL,3592,MOBILE RETAIL,2,1,2,2,4,5,"1,0",1,"0,0017","0,0017","0,0000",8,4.813.827,8,4.813.827,"50,00%","100,00%","80,00%","100,00%","100,00%","0,0650","0,1300","0,1600","0,2700","0,2700","1,0000",90%,1,Level 2
ago 25,MÉXICO,SYSTEMS ENGINEERING,RETAIL,6538,MULTICHANNEL RETAIL,2,2,2,2,1,1,"1,0",1,"-99,0000","-99,0000","0,0000",0,0,0,0,"100,00%","100,00%","100,00%","100,00%",-,"0,1300","0,1300","0,2000","0,2700",-,"0,7300",100%,1,Level 3
ago 25,MÉXICO,SYSTEMS ENGINEERING,Systems Strategy & Transformation,7168,DEVOPS & SW DEVELOPMENT TOOLS,1,1,1,1,0,0,"1,0",1,"-99,0000","-99,0000","0,0000",0,0,0,0,"100,00%","100,00%",-,"100,00%",-,"0,1300","0,1300",-,"0,2700",-,"0,5300",100%,1,Level 3
ago 25,PERÚ,DATA,DATAHUB,3730,DATIO CLIENT SOLUTIONS,6,6,5,6,5,5,"1,0",5,"0,0000","0,0000","0,0000",0,108.142,0,107.563,"100,00%","83,33%","100,00%","20,00%","100,00%","0,1300","0,1083","0,2000","0,0540","0,2700","1,0000",76%,1,Level 1
ago 25,PERÚ,DATA,DATAHUB,3756,DATIO ENGINEERING,5,5,5,5,12,12,"3,0",3,"0,0017","0,0017","-0,6685",1,592.687,1,588.725,"100,00%","100,00%","100,00%","100,00%","100,00%","0,1300","0,1300","0,2000","0,2700","0,2700","1,0000",100%,1,Level 3
ago 25,PERÚ,DATA,DATAHUB,3842,DATIO CIB/T&C/RIC,3,3,3,3,0,0,"3,0",3,"0,0000","0,0000","0,0000",0,36.872,0,36.872,"100,00%","100,00%",-,"100,00%","100,00%","0,1300","0,1300",-,"0,2700","0,2700","0,8000",100%,1,Level 3
ago 25,PERÚ,DATA,DATAHUB,6094,DATIO RIESGOS,4,4,4,4,8,9,"3,5",4,"0,0000","0,0000","0,0000",0,184.716,0,184.323,"100,00%","100,00%","88,89%","87,50%","100,00%","0,1300","0,1300","0,1778","0,2363","0,2700","1,0000",94%,1,Level 3
ago 25,PERÚ,DATA,DATAHUB,6097,DATIO FINANZAS,6,5,6,6,4,4,"3,0",6,"0,0000","0,0000","0,0000",0,207.265,0,204.993,"83,33%","100,00%","100,00%","50,00%","100,00%","0,1083","0,1300","0,2000","0,1350","0,2700","1,0000",84%,1,Level 2
ago 25,PERÚ,SYSTEMS,CIB SYSTEMS,61,ASSET MANAGEMENT,10,9,10,10,0,0,"1,0",3,"0,0607","0,0607","-0,0030",76,1.251.606,76,1.251.569,"90,00%","100,00%",-,"33,33%","75,00%","0,1170","0,1300",-,"0,0900","0,2025","0,8000",67%,0,Not certified
ago 25,PERÚ,SYSTEMS,CIB SYSTEMS,5729,CIB PRODUCTS,20,19,17,20,0,0,"13,0",14,"0,4326","0,4326","0,0002",763,1.763.878,763,1.763.882,"95,00%","85,00%",-,"92,86%","0,00%","0,1235","0,1105",-,"0,2507","0,0000","0,8000",61%,0,Not certified
ago 25,PERÚ,SYSTEMS,CORE CLIENTS,54,INTERBANK PAYMENTS,11,9,11,11,0,0,"5,5",8,"0,0000","0,0000","0,0000",0,1.109.751,0,1.109.735,"81,82%","100,00%",-,"68,75%","100,00%","0,1064","0,1300",-,"0,1856","0,2700","0,8000",86%,1,Level 2
ago 25,PERÚ,SYSTEMS,CORE CLIENTS,376,PEOPLE,7,6,7,7,0,0,"3,5",5,"0,0000","0,0000","0,0000",0,765.711,0,765.696,"85,71%","100,00%",-,"70,00%","100,00%","0,1114","0,1300",-,"0,1890","0,2700","0,8000",88%,1,Level 2
ago 25,PERÚ,SYSTEMS,CORE CLIENTS,377,ACCOUNTS & DEPOSITS,6,4,6,6,2,2,"1,0",3,"0,0898","0,0898","0,0000",112,1.247.244,112,1.247.244,"66,67%","100,00%","100,00%","33,33%","50,00%","0,0867","0,1300","0,2000","0,0900","0,1350","1,0000",64%,0,Not certified
ago 25,PERÚ,SYSTEMS,CORPORATE,30,COMPLIANCE,11,11,11,11,1,1,"7,0",7,"0,0000","0,0000","0,0000",0,743.634,0,743.632,"100,00%","100,00%","100,00%","100,00%","100,00%","0,1300","0,1300","0,2000","0,2700","0,2700","1,0000",100%,1,Level 3
ago 25,PERÚ,SYSTEMS,CORPORATE,198,LEGAL,4,4,4,4,1,1,"2,0",3,"0,1426","0,1426","0,0000",144,1.009.721,144,1.009.721,"100,00%","100,00%","100,00%","66,67%","50,00%","0,1300","0,1300","0,2000","0,1800","0,1350","1,0000",78%,1,Level 1
ago 25,PERÚ,SYSTEMS,CORPORATE,199,ENGINEERING,11,11,11,11,0,0,"5,0",5,"0,1023","0,0919","11,3456",18,175.996,16,174.190,"100,00%","100,00%",-,"100,00%","0,00%","0,1300","0,1300",-,"0,2700","0,0000","0,8000",66%,0,Not certified
ago 25,PERÚ,SYSTEMS,CORPORATE,200,TALENT & CULTURE,13,13,12,12,2,2,"6,5",7,"0,0582","0,0582","0,0000",101,1.734.949,101,1.734.949,"100,00%","100,00%","100,00%","92,86%","50,00%","0,1300","0,1300","0,2000","0,2507","0,1350","1,0000",85%,1,Level 2
ago 25,PERÚ,SYSTEMS,CROSS SYSTEMS,62,INSURANCE DISTRIBUTION,2,2,2,2,1,1,"1,0",2,"0,0000","0,0000","0,0000",0,1.652.503,0,1.652.451,"100,00%","100,00%","100,00%","50,00%","100,00%","0,1300","0,1300","0,2000","0,1350","0,2700","1,0000",87%,1,Level 2
ago 25,PERÚ,SYSTEMS,CROSS SYSTEMS,5311,OTHER CROSS PRODUCTS,7,7,7,7,2,2,"5,0",5,"0,0022","0,0022","-0,1366",6,2.681.721,6,2.678.058,"100,00%","100,00%","100,00%","100,00%","100,00%","0,1300","0,1300","0,2000","0,2700","0,2700","1,0000",100%,1,Level 3
ago 25,PERÚ,SYSTEMS,CROSS SYSTEMS,5360,COMMERCIAL SUPPORT,7,7,7,7,2,2,"4,5",6,"0,1833","0,1776","3,2039",418,2.280.342,405,2.280.211,"100,00%","100,00%","100,00%","75,00%","25,00%","0,1300","0,1300","0,2000","0,2025","0,0675","1,0000",73%,1,Level 1
ago 25,PERÚ,SYSTEMS,ENTERPRISE,58,ENTERPRISE BANKING CANALES WEB & MOBILE,13,13,12,13,4,5,"6,5",9,"0,6429","0,6431","-0,0330",3.396,5.282.632,3.396,5.280.889,"100,00%","92,31%","80,00%","72,22%","0,00%","0,1300","0,1200","0,1600","0,1950","0,0000","1,0000",61%,0,Not certified
ago 25,PERÚ,SYSTEMS,ENTERPRISE,60,ENTERPRISE BRANCH,2,2,2,2,1,1,"1,0",2,"0,0517","0,0524","-1,2230",36,695.916,36,687.405,"100,00%","100,00%","100,00%","50,00%","75,00%","0,1300","0,1300","0,2000","0,1350","0,2025","1,0000",80%,1,Level 1
ago 25,PERÚ,SYSTEMS,ENTERPRISE,329,OPEN BANKING,5,5,5,5,1,1,"2,0",3,"0,0000","0,0000","0,0000",0,12.457,0,12.457,"100,00%","100,00%","100,00%","66,67%","100,00%","0,1300","0,1300","0,2000","0,1800","0,2700","1,0000",91%,1,Level 3
ago 25,PERÚ,SYSTEMS,FINANCE,80,FINANCE,15,15,15,15,4,4,"8,5",10,"0,0479","0,0486","-1,4883",134,2.797.968,136,2.797.464,"100,00%","100,00%","100,00%","85,00%","75,00%","0,1300","0,1300","0,2000","0,2295","0,2025","1,0000",89%,1,Level 2
ago 25,PERÚ,SYSTEMS,FINANCE,378,ACCOUNTING,8,8,8,8,2,2,"5,5",7,"0,0943","0,0943","-0,0020",57,604.488,57,604.476,"100,00%","100,00%","100,00%","78,57%","75,00%","0,1300","0,1300","0,2000","0,2121","0,2025","1,0000",87%,1,Level 2
ago 25,PERÚ,SYSTEMS,LOANS,53,CONSUMER FINANCE,5,5,4,4,0,1,"2,5",3,"0,0000","0,0000","0,0000",0,1.427.703,0,1.427.702,"100,00%","100,00%","0,00%","83,33%","100,00%","0,1300","0,1300","0,0000","0,2250","0,2700","1,0000",76%,1,Level 1
ago 25,PERÚ,SYSTEMS,LOANS,55,LOANS,6,5,5,6,0,0,"4,0",4,"0,0000","0,0000","0,0000",0,25.198,0,24.815,"83,33%","83,33%",-,"100,00%","100,00%","0,1083","0,1083",-,"0,2700","0,2700","0,8000",95%,1,Level 3
ago 25,PERÚ,SYSTEMS,LOANS,6190,LOANS OTHER PRODUCTS,14,6,14,14,1,1,"6,0",7,"0,4747","0,4025","17,9486",690,1.453.501,585,1.453.500,"42,86%","100,00%","100,00%","85,71%","0,00%","0,0557","0,1300","0,2000","0,2314","0,0000","1,0000",62%,0,Not certified
ago 25,PERÚ,SYSTEMS,PAYMENT METHODS,263,ADQUIRENCIA,2,2,2,2,0,0,"1,0",2,"0,0000","0,0000","0,0000",0,264.212,0,263.101,"100,00%","100,00%",-,"50,00%","100,00%","0,1300","0,1300",-,"0,1350","0,2700","0,8000",83%,1,Level 2
ago 25,PERÚ,SYSTEMS,PAYMENT METHODS,264,OTHER PAYMENT PRODUCTS & SERVICES,4,4,4,4,0,0,"3,5",4,"0,0000","0,0000","0,0000",0,311.755,0,311.750,"100,00%","100,00%",-,"87,50%","100,00%","0,1300","0,1300",-,"0,2363","0,2700","0,8000",96%,1,Level 3
ago 25,PERÚ,SYSTEMS,PAYMENT METHODS,265,ISSUING,2,2,2,2,1,1,"2,0",3,"0,0000","0,0000","0,0000",0,1.978.232,0,1.977.075,"100,00%","100,00%","100,00%","66,67%","100,00%","0,1300","0,1300","0,2000","0,1800","0,2700","1,0000",91%,1,Level 3
ago 25,PERÚ,SYSTEMS,PAYMENT METHODS,7282,NEW PAYMENT RAILS,3,3,3,3,2,2,"0,5",1,"0,0000","0,0000","0,0000",0,262.717,0,262.521,"100,00%","100,00%","100,00%","50,00%","100,00%","0,1300","0,1300","0,2000","0,1350","0,2700","1,0000",87%,1,Level 2
ago 25,PERÚ,SYSTEMS,RETAIL,94,CRM & DIGITAL MARKETING,2,2,2,2,0,0,"2,0",2,"0,0000","0,0000","0,0000",0,142.144,0,142.144,"100,00%","100,00%",-,"100,00%","100,00%","0,1300","0,1300",-,"0,2700","0,2700","0,8000",100%,1,Level 3
ago 25,PERÚ,SYSTEMS,RETAIL,180,MOBILE CHANNELS,9,8,9,9,14,15,"6,0",7,"0,0000","0,0000","0,0000",0,1.270.935,0,1.270.576,"88,89%","100,00%","93,33%","85,71%","100,00%","0,1156","0,1300","0,1867","0,2314","0,2700","1,0000",93%,1,Level 3
ago 25,PERÚ,SYSTEMS,RETAIL,181,CONTACT CENTER,3,3,1,1,1,1,"2,0",3,"0,0422","0,0406","3,8351",27,639.733,26,639.665,"100,00%","100,00%","100,00%","66,67%","25,00%","0,1300","0,1300","0,2000","0,1800","0,0675","1,0000",71%,1,Level 1
ago 25,PERÚ,SYSTEMS,RETAIL,182,AGENTES CORRESPONSALES,3,3,3,3,1,1,"0,5",1,"1,8959","1,8876","0,4358",2.535,1.337.115,2.524,1.337.115,"100,00%","100,00%","100,00%","50,00%","0,00%","0,1300","0,1300","0,2000","0,1350","0,0000","1,0000",60%,0,Not certified
ago 25,PERÚ,SYSTEMS,RETAIL,183,ATMS Y AUTOSERVICIOS,6,6,6,6,0,0,"2,0",3,"0,0000","0,0000","0,0000",0,1.544.080,0,1.544.080,"100,00%","100,00%",-,"66,67%","100,00%","0,1300","0,1300",-,"0,1800","0,2700","0,8000",89%,1,Level 2
ago 25,PERÚ,SYSTEMS,RETAIL,184,BRANCHES & SALES ADVISORY,15,15,15,15,0,0,"8,0",12,"0,0000","0,0000","0,0000",0,946.850,0,844.156,"100,00%","100,00%",-,"66,67%","100,00%","0,1300","0,1300",-,"0,1800","0,2700","0,8000",89%,1,Level 2
ago 25,PERÚ,SYSTEMS,RETAIL,185,WEB Y PORTALES,6,6,6,6,0,0,"1,0",4,"0,0051","0,0051","-0,0071",8,1.582.604,8,1.582.491,"100,00%","100,00%",-,"25,00%","75,00%","0,1300","0,1300",-,"0,0675","0,2025","0,8000",66%,0,Not certified
ago 25,PERÚ,SYSTEMS,RISK,39,RISKS,20,20,6,20,6,7,"15,0",17,"0,0300","0,0293","2,3511",87,2.900.900,85,2.900.848,"100,00%","30,00%","85,71%","88,24%","25,00%","0,1300","0,0390","0,1714","0,2382","0,0675","1,0000",65%,0,Not certified
ago 25,PERÚ,SYSTEMS,RISK,393,COLLECTIONS,6,5,5,5,0,0,"3,5",4,"0,0000","0,0000","0,0000",0,224.515,0,225.054,"83,33%","100,00%",-,"87,50%","100,00%","0,1083","0,1300",-,"0,2363","0,2700","0,8000",93%,1,Level 3
ago 25,PERÚ,SYSTEMS,SYSTEM OFFICE MIRST,6110,TESTING TOOLS,0,0,0,0,0,0,"0,0",0,"-99,0000","-99,0000","0,0000",0,0,0,0,-,-,-,-,-,-,-,-,-,-,"0,0000",No tiene el mínimo para calcular indicadores,-,-
ago 25,PERÚ,SYSTEMS,SYSTEM OFFICE MIRST,6136,DEVOPS - CI/CD,0,0,0,0,0,0,"0,0",0,"-99,0000","-99,0000","0,0000",0,0,0,0,-,-,-,-,-,-,-,-,-,-,"0,0000",No tiene el mínimo para calcular indicadores,-,-
ago 25,PERÚ,SYSTEMS,SYSTEM OFFICE MIRST,7150,Z PERU,0,0,0,0,0,0,"0,0",0,"-99,0000","-99,0000","0,0000",0,0,0,0,-,-,-,-,-,-,-,-,-,-,"0,0000",No tiene el mínimo para calcular indicadores,-,-
ago 25,RETAIL CLIENT SOLUTIONS,CROSS,CONTENT MANAGEMENT,288,CONTENT MANAGEMENT,9,7,9,9,0,0,"4,0",6,"0,0715","0,0715","0,0000",812,11.357.536,812,11.357.533,"77,78%","100,00%",-,"66,67%","75,00%","0,1011","0,1300",-,"0,1800","0,2025","0,8000",77%,1,Level 1
ago 25,RETAIL CLIENT SOLUTIONS,CROSS,DATA & ANALYTICS,170,DATA & ANALYTICS,3,3,4,4,0,0,"3,0",5,"0,0054","0,0054","0,0000",1,186.729,1,186.729,"100,00%","100,00%",-,"60,00%","50,00%","0,1300","0,1300",-,"0,1620","0,1350","0,8000",70%,0,Not certified
ago 25,RETAIL CLIENT SOLUTIONS,CROSS,DIGITAL ASSETS,6576,DIGITAL ASSETS,0,0,1,1,0,0,"1,0",1,"0,0000","0,0000","0,0000",0,202.043,0,202.043,-,"100,00%",-,"100,00%","100,00%",-,"0,1300",-,"0,2700","0,2700","0,6700",100%,1,Level 3
ago 25,RETAIL CLIENT SOLUTIONS,CROSS,OPTIMIZATION & FUNNEL HEALTH,32,OPTIMIZATION & FUNNEL HEALTH,10,10,3,4,0,0,"7,0",9,"0,0000","0,0000","0,0000",0,294.288,0,294.107,"100,00%","75,00%",-,"77,78%","100,00%","0,1300","0,0975",-,"0,2100","0,2700","0,8000",88%,1,Level 2
ago 25,RETAIL CLIENT SOLUTIONS,CROSS,TRAFFIC GENERATION & MARKETING AUTOMATION,339,TRAFFIC GENERATION & MARKETING AUTOMATION,0,0,2,2,0,0,"2,0",3,"0,0000","0,0000","0,0000",0,40.369,0,39.957,-,"100,00%",-,"66,67%","100,00%",-,"0,1300",-,"0,1800","0,2700","0,6700",87%,1,Level 2
ago 25,RETAIL CLIENT SOLUTIONS,RETAIL,,7028,US GWA,3,0,0,3,0,0,"1,0",1,"-99,0000","-99,0000","0,0000",0,0,0,0,"0,00%","0,00%",-,"100,00%",-,"0,0000","0,0000",-,"0,2700",-,"0,5300",51%,0,Not certified
ago 25,RETAIL CLIENT SOLUTIONS,RETAIL,AM&GW,6250,AM&GW,1,1,1,1,0,0,"0,0",1,"0,0165","0,0165","0,0000",48,2.917.115,48,2.917.115,"100,00%","100,00%",-,"0,00%","50,00%","0,1300","0,1300",-,"0,0000","0,1350","0,8000",49%,0,Not certified
ago 25,RETAIL CLIENT SOLUTIONS,RETAIL,RETAIL - INFRA MULTICANAL,292,INFRAESTRUCTURA MULTICANAL - RETAIL,0,0,1,1,0,0,"1,0",1,"0,0000","0,0000","0,0000",0,1.036.977,0,1.036.019,-,"100,00%",-,"100,00%","100,00%",-,"0,1300",-,"0,2700","0,2700","0,6700",100%,1,Level 3
ago 25,RETAIL CLIENT SOLUTIONS,RETAIL,RETAIL - MOBILE,287,PLATAFORMA RETAIL - MOBILE,4,2,7,10,12,18,"5,0",10,"0,0034","0,0034","-0,2322",40,11.635.280,40,11.608.259,"50,00%","70,00%","66,67%","50,00%","100,00%","0,0650","0,0910","0,1333","0,1350","0,2700","1,0000",69%,0,Not certified
ago 25,RETAIL CLIENT SOLUTIONS,RETAIL,RETAIL - PAYMENTS,439,GP2 - HORUS,1,1,1,1,0,0,"0,0",0,"0,0000","0,0000","0,0000",0,4.827,0,4.827,"100,00%","100,00%",-,-,"100,00%","0,1300","0,1300",-,-,"0,2700","0,5300",100%,1,Level 3
ago 25,RETAIL CLIENT SOLUTIONS,RETAIL,RETAIL - PAYMENTS,440,GP2 - TOHU,2,1,2,2,0,0,"1,0",1,"0,0000","0,0000","0,0000",0,33.204,0,33.204,"50,00%","100,00%",-,"100,00%","100,00%","0,0650","0,1300",-,"0,2700","0,2700","0,8000",92%,1,Level 3
ago 25,RETAIL CLIENT SOLUTIONS,RETAIL,RETAIL - PAYMENTS,441,GP2 - BCEA,1,1,1,1,0,0,"0,0",0,"-99,0000","-99,0000","0,0000",0,0,0,0,"100,00%","100,00%",-,-,-,"0,1300","0,1300",-,-,-,"0,2600",100%,1,Level 3
ago 25,RETAIL CLIENT SOLUTIONS,RETAIL,RETAIL - PAYMENTS,4964,PLATAFORMA ADQUIRENCIA,0,0,3,3,0,0,"3,0",3,"0,0000","0,0000","0,0000",0,170.299,0,170.304,-,"100,00%",-,"100,00%","100,00%",-,"0,1300",-,"0,2700","0,2700","0,6700",100%,1,Level 3
ago 25,RETAIL CLIENT SOLUTIONS,RETAIL,RETAIL - PAYMENTS,7165,PLATAFORMA EMISION,0,0,1,2,0,0,"2,0",2,"0,0000","0,0000","0,0000",0,30.883,0,30.883,-,"50,00%",-,"100,00%","100,00%",-,"0,0650",-,"0,2700","0,2700","0,6700",90%,1,Level 3
ago 25,RETAIL CLIENT SOLUTIONS,RETAIL,RETAIL-PRESCRIPTION BUSINESS,53,CONSUMER FINANCE,0,0,1,3,0,0,"2,0",3,"0,0000","0,0000","0,0000",0,2.996,0,2.996,-,"33,33%",-,"66,67%","100,00%",-,"0,0433",-,"0,1800","0,2700","0,6700",74%,1,Level 1
ago 25,RETAIL CLIENT SOLUTIONS,RETAIL,SMES,7434,SMES,0,0,1,2,0,0,"1,0",1,"0,0000","0,0000","0,0000",0,141.440,0,141.440,-,"50,00%",-,"100,00%","100,00%",-,"0,0650",-,"0,2700","0,2700","0,6700",90%,1,Level 3
ago 25,URUGUAY,Engineering & Data,DE #ONE Datahub Uruguay,5685,Engineering & Data,1,1,1,1,0,0,"0,0",1,"0,0000","0,0000","0,0000",0,0,0,0,"100,00%","100,00%",-,"0,00%",-,"0,1300","0,1300",-,"0,0000",-,"0,5300",49%,0,Not certified
ago 25,URUGUAY,SYSTEMS ENGINEERING,,224,CHANNELS,17,1,3,17,11,11,"5,0",13,"0,3039","0,3470","-12,3994",2.577,8.478.638,2.942,8.479.325,"5,88%","17,65%","100,00%","38,46%","0,00%","0,0076","0,0229","0,2000","0,1038","0,0000","1,0000",33%,0,Not certified
ago 25,URUGUAY,SYSTEMS ENGINEERING,,350,CROSS SYSTEMS,3,1,3,3,,,"2,0",2,"0,2729","0,2729","0,0000",4,14.655,4,14.655,"33,33%","100,00%",-,"100,00%","0,00%","0,0433","0,1300",-,"0,2700","0,0000","0,8000",55%,0,Not certified
ago 25,URUGUAY,SYSTEMS ENGINEERING,,4801,CFE,11,1,1,11,,,"1,0",3,"0,0000","0,0000","0,0000",0,14.696,0,14.696,"9,09%","9,09%",-,"33,33%","100,00%","0,0118","0,0118",-,"0,0900","0,2700","0,8000",48%,0,Not certified
ago 25,URUGUAY,SYSTEMS ENGINEERING,,5117,CORE BANKING,19,2,17,19,,,"6,5",9,"0,0000","0,0000","0,0000",0,1.147.901,0,1.145.887,"10,53%","89,47%",-,"72,22%","100,00%","0,0137","0,1163",-,"0,1950","0,2700","0,8000",74%,1,Level 1
ago 25,VENEZUELA,SYSTEMS,BANKING SYSTEMS,61,ASSET MANAGEMENT,10,10,10,10,,,"1,0",1,"0,0000","-99,0000","0,0000",0,2.903.235,0,0,"100,00%","100,00%",-,"100,00%","100,00%","0,1300","0,1300",-,"0,2700","0,2700","0,8000",100%,1,Level 3
ago 25,VENEZUELA,SYSTEMS,BANKING SYSTEMS,298,RISK,15,15,16,16,,,"9,0",10,"0,0000","-99,0000","0,0000",0,2.831.735,0,0,"100,00%","100,00%",-,"90,00%","100,00%","0,1300","0,1300",-,"0,2430","0,2700","0,8000",97%,1,Level 3
ago 25,VENEZUELA,SYSTEMS,BANKING SYSTEMS,299,BANKING CREDIT PRODUCTS,6,6,6,6,,,"1,0",3,"-99,0000","-99,0000","0,0000",0,0,0,0,"100,00%","100,00%",-,"33,33%",-,"0,1300","0,1300",-,"0,0900",-,"0,5300",66%,0,Not certified
ago 25,VENEZUELA,SYSTEMS,CHANNELS,153,BRANCH,6,6,6,6,,,"3,0",3,"0,0071","0,0071","0,0000",12,1.694.158,12,1.694.158,"100,00%","100,00%",-,"100,00%","50,00%","0,1300","0,1300",-,"0,2700","0,1350","0,8000",83%,1,Level 2
ago 25,VENEZUELA,SYSTEMS,CHANNELS,269,OTHER WEB & CC,16,16,13,13,,,"6,0",9,"0,6515","0,6515","0,0000",2.028,3.112.857,2.028,3.112.857,"100,00%","100,00%",-,"66,67%","0,00%","0,1300","0,1300",-,"0,1800","0,0000","0,8000",55%,0,Not certified
ago 25,VENEZUELA,SYSTEMS,CHANNELS,270,ENTERPRISE WEB & MOBILE,13,13,13,13,,,"3,0",5,"0,4306","0,4601","-6,4085",858,1.992.555,858,1.864.862,"100,00%","100,00%",-,"60,00%","0,00%","0,1300","0,1300",-,"0,1620","0,0000","0,8000",53%,0,Not certified
ago 25,VENEZUELA,SYSTEMS,CHANNELS,271,RETAIL WEB & MOBILE,8,8,8,8,,,"2,0",4,"0,0610","0,0611","-0,1321",129,2.113.631,129,2.110.839,"100,00%","100,00%",-,"50,00%","75,00%","0,1300","0,1300",-,"0,1350","0,2025","0,8000",75%,1,Level 1
ago 25,VENEZUELA,SYSTEMS,CORPORATE FUNCTIONS,80,FINANCE,17,17,17,17,,,"1,0",1,"-99,0000","-99,0000","0,0000",0,0,0,0,"100,00%","100,00%",-,"100,00%",-,"0,1300","0,1300",-,"0,2700",-,"0,5300",100%,1,Level 3
ago 25,VENEZUELA,SYSTEMS,CORPORATE FUNCTIONS,200,TALENT & CULTURE,9,9,9,9,,,"0,0",0,"0,0000","-99,0000","0,0000",0,1.494.659,0,0,"100,00%","100,00%",-,-,"100,00%","0,1300","0,1300",-,-,"0,2700","0,5300",100%,1,Level 3
ago 25,VENEZUELA,SYSTEMS,CORPORATE FUNCTIONS,290,COMPLIANCE & DATA,11,11,10,10,,,"2,0",4,"0,0000","0,0000","0,0000",0,324.237,0,1.593,"100,00%","100,00%",-,"50,00%","100,00%","0,1300","0,1300",-,"0,1350","0,2700","0,8000",83%,1,Level 2
ago 25,VENEZUELA,SYSTEMS,CORPORATE FUNCTIONS,291,INTRANET,7,7,6,7,,,"3,0",4,"0,0000","0,0000","0,0000",0,14.860.896,0,14.860.896,"100,00%","85,71%",-,"75,00%","100,00%","0,1300","0,1114",-,"0,2025","0,2700","0,8000",89%,1,Level 2
ago 25,VENEZUELA,SYSTEMS,CROSS SERVICES,54,INTERBANK PAYMENTS,8,8,8,8,,,"2,0",4,"0,0000","0,0000","0,0000",0,2.284.326,0,686.690,"100,00%","100,00%",-,"50,00%","100,00%","0,1300","0,1300",-,"0,1350","0,2700","0,8000",83%,1,Level 2
ago 25,VENEZUELA,SYSTEMS,CROSS SERVICES,169,ACCOUNTS,5,5,5,5,,,"2,0",2,"0,0000","0,0000","0,0000",0,10.762,0,10.762,"100,00%","100,00%",-,"100,00%","100,00%","0,1300","0,1300",-,"0,2700","0,2700","0,8000",100%,1,Level 3
ago 25,VENEZUELA,SYSTEMS,CROSS SERVICES,350,CROSS SYSTEMS,13,13,13,13,,,"7,0",8,"0,0000","0,0000","0,0000",0,1.758.746,0,1.757.031,"100,00%","100,00%",-,"87,50%","100,00%","0,1300","0,1300",-,"0,2363","0,2700","0,8000",96%,1,Level 3
ago 25,VENEZUELA,SYSTEMS,PAYMENT,201,ISSUING(EMISOR/AUTORIZADOR),4,4,4,4,,,"1,5",2,"0,0000","0,0000","0,0000",0,20.640,0,20.640,"100,00%","100,00%",-,"75,00%","100,00%","0,1300","0,1300",-,"0,2025","0,2700","0,8000",92%,1,Level 3
ago 25,VENEZUELA,SYSTEMS,PAYMENT,202,MERCHANTS ACQUIARING,4,4,4,4,,,"2,0",2,"-99,0000","-99,0000","0,0000",0,0,0,0,"100,00%","100,00%",-,"100,00%",-,"0,1300","0,1300",-,"0,2700",-,"0,5300",100%,1,Level 3
ago 25,VENEZUELA,SYSTEMS,PAYMENT,203,OTHERS PAYMENTS,6,6,6,6,,,"4,0",4,"-99,0000","-99,0000","0,0000",0,0,0,0,"100,00%","100,00%",-,"100,00%",-,"0,1300","0,1300",-,"0,2700",-,"0,5300",100%,1,Level 3